trade_id,symbol,direction,entry_time,entry_price,sl_price,tp1_price,tp2_price,current_sl,sl_dist,tp1_dist,tp2_dist,total_lots,part_lots,run_lots,tp1_hit,tp2_hit,be_hit,starting_balance,exit_time,exit_price,exit_reason,duration_m,partial_pnl,runner_pnl,commission,net_pnl,ending_balance,return_pct
1,NAS100,SELL,2026-07-01 15:30:00+00:00,30017.300000000003,30114.053060436454,29872.170409345326,29823.793879127097,30114.053060436454,96.7530604364522,145.1295906546783,193.5061208729044,0.05,0.03,0.02,False,False,False,5000.0,2026-07-01 16:20:00+00:00,30114.053060436454,SL,50.0,-29.03,-19.35,0.25,-48.63,4951.37,-0.9726
2,NAS100,SELL,2026-07-01 17:00:00+00:00,30023.800000000003,30131.78146537633,29861.82780193551,29807.837069247347,30023.800000000003,107.98146537632839,161.97219806449257,215.96293075265677,0.05,0.03,0.02,True,False,True,4951.373469781774,2026-07-01 21:00:00+00:00,29813.0,EOD_EXIT,240.0,48.59,42.16,0.25,90.5,5041.88,1.8277756778461853
4,NAS100,SELL,2026-07-02 11:05:00+00:00,29723.100000000002,29840.30769740085,29547.288453898727,29488.684605198305,29840.30769740085,117.2076974008489,175.81154610127334,234.4153948016978,0.04,0.02,0.02,False,False,False,5041.875129201122,2026-07-02 12:40:00+00:00,29840.30769740085,SL,95.0,-23.44,-23.44,0.2,-47.08,4994.79,-0.9337795719557964
3,XAUUSD,BUY,2026-07-02 06:55:00+00:00,4066.38,4048.530691768784,4091.3690315237022,4105.648478108676,4066.38,17.849308231215947,24.989031523702323,39.26847810867508,0.03,0.01,0.02,True,True,True,5041.875129201122,2026-07-02 13:30:00+00:00,4105.648478108676,FULL_TP2,395.0,24.99,78.54,0.15,103.38,5098.17,2.050427615734712
5,NAS100,SELL,2026-07-02 14:35:00+00:00,29838.5,29966.276388917515,29646.835416623726,29582.947222164967,29966.276388917515,127.77638891751643,191.66458337627463,255.55277783503286,0.04,0.02,0.02,False,False,False,5098.1680379818345,2026-07-02 14:40:00+00:00,29966.276388917515,SL,5.0,-25.56,-25.56,0.2,-51.31,5046.86,-1.006439952895543
6,NAS100,SELL,2026-07-02 15:25:00+00:00,29717.4,29854.056646851983,29512.415029722033,29444.086706296042,29717.4,136.6566468519797,204.98497027796955,273.3132937039594,0.04,0.02,0.02,True,True,True,5046.857482414828,2026-07-02 16:05:00+00:00,29444.086706296042,FULL_TP2,40.0,41.0,54.66,0.2,95.46,5142.32,1.8914740575223088
8,NAS100,SELL,2026-07-02 20:00:00+00:00,29186.0,29363.462049442962,28919.806925835557,28831.075901114073,29363.462049442962,177.46204944296292,266.1930741644444,354.92409888592584,0.03,0.01,0.02,False,False,False,5142.317135211214,2026-07-02 20:55:00+00:00,29363.462049442962,SL,55.0,-17.75,-35.49,0.15,-53.39,5088.93,-1.0382479064626393
7,XAUUSD,BUY,2026-07-02 19:20:00+00:00,4118.2699999999995,4098.1387667998615,4146.453726480193,4162.558713040304,4098.1387667998615,20.131233200138336,28.18372648019367,44.288713040304344,0.03,0.01,0.02,False,False,False,5142.317135211214,2026-07-02 21:00:00+00:00,4120.1,EOD_EXIT,100.0,1.83,3.66,0.15,5.34,5094.27,0.10384423713261834
9,XAUUSD,BUY,2026-07-03 06:00:00+00:00,4180.97,4163.269556191318,4205.750621332156,4219.910976379102,4163.269556191318,17.700443808682685,24.780621332155757,38.94097637910191,0.03,0.01,0.02,False,False,False,5094.268520378328,2026-07-03 07:10:00+00:00,4163.269556191318,SL,70.0,-17.7,-35.4,0.15,-53.25,5041.02,-1.0452923670392893
10,XAUUSD,BUY,2026-07-03 08:05:00+00:00,4180.6,4163.670448960881,4204.301371454767,4217.845012286063,4163.670448960881,16.92955103911928,23.70137145476699,37.24501228606242,0.03,0.01,0.02,False,False,False,5041.01718895228,2026-07-03 14:45:00+00:00,4163.670448960881,SL,400.0,-16.93,-33.86,0.15,-50.94,4990.08,-1.0105103412787075
11,XAUUSD,BUY,2026-07-03 16:00:00+00:00,4171.97,4157.491392585487,4192.240050380318,4203.822936311929,4157.491392585487,14.478607414513164,20.270050380318427,31.852936311928964,0.03,0.01,0.02,False,False,False,4990.078535834922,2026-07-05 23:00:00+00:00,4180.18,EOD_EXIT,3300.0,8.21,16.42,0.15,24.48,5014.56,0.4905734413637659
12,NAS100,BUY,2026-07-03 17:40:00+00:00,29714.0,29624.98719842603,29847.519202360952,29892.025603147937,29624.98719842603,89.01280157396779,133.51920236095168,178.02560314793558,0.06,0.03,0.03,False,False,False,4990.078535834922,2026-07-05 23:00:00+00:00,29685.2,EOD_EXIT,3200.0,-8.64,-8.64,0.3,-17.58,4996.98,-0.35229906450878284
13,NAS100,SELL,2026-07-06 06:30:00+00:00,29549.800000000003,29654.150656999565,29393.27401450066,29341.098686000878,29654.150656999565,104.35065699956166,156.52598549934248,208.70131399912333,0.05,0.03,0.02,False,False,False,4996.978535834923,2026-07-06 07:40:00+00:00,29654.150656999565,SL,70.0,-31.31,-20.87,0.25,-52.43,4944.55,-1.0492340446133155
14,XAUUSD,SELL,2026-07-07 08:55:00+00:00,4124.35,4137.220058503303,4106.331918095377,4096.035871292735,4137.220058503303,12.870058503302783,18.018081904623894,28.314128707266125,0.04,0.02,0.02,False,False,False,4944.553207335141,2026-07-07 09:10:00+00:00,4137.220058503303,SL,15.0,-25.74,-25.74,0.2,-51.68,4892.87,-1.0451904921021742
15,NAS100,SELL,2026-07-07 08:55:00+00:00,29443.600000000002,29548.170871388975,29286.743692916545,29234.45825722206,29443.600000000002,104.57087138897123,156.85630708345684,209.14174277794245,0.05,0.03,0.02,True,True,True,4944.553207335141,2026-07-07 14:55:00+00:00,29234.45825722206,FULL_TP2,360.0,47.06,41.83,0.25,88.64,4981.51,1.792679667568435
16,XAUUSD,BUY,2026-07-07 18:35:00+00:00,4146.36,4131.988912571832,4166.479522399435,4177.97639234197,4131.988912571832,14.371087428168254,20.119522399435553,31.616392341970162,0.03,0.01,0.02,False,False,False,4981.508214002556,2026-07-07 19:45:00+00:00,4131.988912571832,SL,70.0,-14.37,-28.74,0.15,-43.26,4938.24,-0.8684116966504273
17,NAS100,SELL,2026-07-07 19:40:00+00:00,29269.5,29391.081603223243,29087.127595165133,29026.336793553513,29269.5,121.58160322324383,182.37240483486573,243.16320644648766,0.04,0.02,0.02,True,False,True,4981.508214002556,2026-07-07 21:00:00+00:00,29219.4,EOD_EXIT,80.0,36.47,10.02,0.2,46.29,4984.54,0.9292366490510467
18,NAS100,SELL,2026-07-08 12:00:00+00:00,28793.5,28935.54362150971,28580.434567735432,28509.41275698058,28935.54362150971,142.0436215097109,213.06543226456637,284.0872430194218,0.04,0.02,0.02,False,False,False,4984.539432685024,2026-07-08 13:05:00+00:00,28935.54362150971,SL,65.0,-28.41,-28.41,0.2,-57.02,4927.52,-1.1439371835661258
19,XAUUSD,SELL,2026-07-08 15:05:00+00:00,4063.3,4082.01113468204,4037.1044114451443,4022.1355036995124,4063.3,18.71113468203994,26.195588554855917,41.16449630048787,0.03,0.01,0.02,True,True,True,4927.52198408114,2026-07-08 16:30:00+00:00,4022.1355036995124,FULL_TP2,85.0,26.2,82.33,0.15,108.37,5035.9,2.1992798885545373
20,NAS100,SELL,2026-07-08 15:55:00+00:00,29010.300000000003,29163.01477276124,28781.227840858148,28704.87045447753,29163.01477276124,152.7147727612372,229.07215914185582,305.4295455224744,0.03,0.01,0.02,False,False,False,4927.52198408114,2026-07-08 17:50:00+00:00,29163.01477276124,SL,115.0,-15.27,-30.54,0.15,-45.96,4989.93,-0.9327203439878797
21,NAS100,BUY,2026-07-09 12:35:00+00:00,29473.8,29353.30765310436,29654.53852034346,29714.78469379128,29473.8,120.49234689563954,180.7385203434593,240.98469379127908,0.04,0.02,0.02,True,True,True,4989.932133408601,2026-07-09 14:50:00+00:00,29714.78469379128,FULL_TP2,135.0,36.15,48.2,0.2,84.14,5074.08,1.6861952778208296
22,XAUUSD,BUY,2026-07-09 12:45:00+00:00,4106.49,4091.1493216637496,4127.96694967075,4140.2394923397505,4106.49,15.340678336250162,21.476949670750226,33.74949233975036,0.03,0.01,0.02,True,False,True,4989.932133408601,2026-07-09 21:00:00+00:00,4122.27,EOD_EXIT,495.0,21.48,31.56,0.15,52.89,5126.96,1.0599342553356748
23,NAS100,BUY,2026-07-09 16:00:00+00:00,29628.699999999997,29485.531541032735,29843.45268845089,29915.03691793452,29485.531541032735,143.16845896726227,214.7526884508934,286.33691793452454,0.04,0.02,0.02,False,False,False,5074.076776235548,2026-07-09 21:00:00+00:00,29755.6,EOD_EXIT,300.0,25.38,25.38,0.2,50.56,5177.52,0.9964374255588305
24,XAUUSD,SELL,2026-07-10 12:25:00+00:00,4099.82,4111.297729816239,4083.751178257265,4074.568994404274,4111.297729816239,11.4777298162391,16.068821742734738,25.25100559572602,0.05,0.03,0.02,False,False,False,5177.5237259063,2026-07-10 13:10:00+00:00,4111.297729816239,SL,45.0,-34.43,-22.96,0.25,-57.64,5119.89,-1.1132735077889075
25,NAS100,BUY,2026-07-10 14:30:00+00:00,29714.1,29622.332112461852,29851.751831307218,29897.63577507629,29622.332112461852,91.76788753814613,137.6518313072192,183.53577507629225,0.06,0.03,0.03,False,False,False,5119.885076825104,2026-07-10 14:40:00+00:00,29622.332112461852,SL,10.0,-27.53,-27.53,0.3,-55.36,5064.52,-1.0812742702093878
26,XAUUSD,SELL,2026-07-10 15:30:00+00:00,4089.61,4102.016422524153,4072.241008466185,4062.3158704468624,4102.016422524153,12.406422524153461,17.368991533814846,27.294129553137616,0.04,0.02,0.02,False,False,False,5064.524344302216,2026-07-10 15:45:00+00:00,4102.016422524153,SL,15.0,-24.81,-24.81,0.2,-49.83,5014.7,-0.9839028625869013
27,XAUUSD,SELL,2026-07-13 06:55:00+00:00,4053.29,4068.791205608476,4031.588312148134,4019.187347661353,4068.791205608476,15.50120560847588,21.701687851866232,34.10265233864694,0.03,0.01,0.02,False,False,False,5014.698654205603,2026-07-13 09:05:00+00:00,4068.791205608476,SL,130.0,-15.5,-31.0,0.15,-46.65,4968.05,-0.9302652704939056
28,XAUUSD,SELL,2026-07-13 14:30:00+00:00,4058.08,4073.32733007899,4036.7337378894135,4024.5358738262216,4058.08,15.247330078990167,21.34626211058623,33.54412617377837,0.03,0.01,0.02,True,True,True,4968.045037380175,2026-07-13 15:15:00+00:00,4024.5358738262216,FULL_TP2,45.0,21.35,67.09,0.15,88.28,5056.33,1.7769565158079395
29,NAS100,SELL,2026-07-13 15:50:00+00:00,29454.600000000002,29559.447146601557,29297.329280097667,29244.90570679689,29559.447146601557,104.8471466015558,157.27071990233372,209.6942932031116,0.05,0.03,0.02,False,False,False,5056.329551838318,2026-07-13 16:00:00+00:00,29559.447146601557,SL,10.0,-31.45,-20.97,0.25,-52.67,5003.66,-1.0416646988693783
30,NAS100,SELL,2026-07-13 16:45:00+00:00,29452.7,29566.636636130017,29281.795045804978,29224.82672773997,29452.7,113.93663613001625,170.90495419502437,227.8732722600325,0.04,0.02,0.02,True,True,True,5003.65597853754,2026-07-13 20:25:00+00:00,29224.82672773997,FULL_TP2,220.0,34.18,45.57,0.2,79.56,5083.21,1.5900373714991825
31,XAUUSD,SELL,2026-07-13 20:35:00+00:00,3994.9300000000003,4012.1627461302055,3970.804155417713,3957.017958513549,4012.1627461302055,17.232746130205204,24.125844582287282,37.91204148645145,0.03,0.01,0.02,False,False,False,5083.211623828552,2026-07-13 21:00:00+00:00,4004.48,EOD_EXIT,25.0,-9.55,-19.1,0.15,-28.8,5054.41,-0.5665709423741941
32,NAS100,BUY,2026-07-14 15:40:00+00:00,29551.5,29426.247163826636,29739.379254260042,29802.005672346724,29426.247163826636,125.2528361733623,187.87925426004344,250.5056723467246,0.04,0.02,0.02,False,False,False,5054.411623828552,2026-07-14 21:00:00+00:00,29597.4,EOD_EXIT,320.0,9.18,9.18,0.2,18.16,5072.57,0.35929008857106876
33,XAUUSD,SELL,2026-07-15 08:20:00+00:00,4025.56,4039.2059284639663,4006.4557001504472,3995.538957379274,4039.2059284639663,13.645928463966275,19.104299849552785,30.021042620725808,0.04,0.02,0.02,False,False,False,5072.571623828553,2026-07-15 12:40:00+00:00,4039.2059284639663,SL,260.0,-27.29,-27.29,0.2,-54.78,5017.79,-1.0799256089883353
34,XAUUSD,BUY,2026-07-15 18:30:00+00:00,4055.14,4040.102180694119,4076.1929470282334,4088.2232024729383,4055.14,15.037819305881117,21.05294702823356,33.08320247293846,0.03,0.01,0.02,True,False,True,5017.787909972688,2026-07-15 20:20:00+00:00,4055.14,TP1_THEN_BE,110.0,21.05,0.0,0.15,20.9,5038.69,0.4165182023429475
35,NAS100,SELL,2026-07-15 20:15:00+00:00,29438.800000000003,29572.510507809457,29238.23423828582,29171.378984381092,29572.510507809457,133.71050780945532,200.565761714183,267.42101561891064,0.04,0.02,0.02,False,False,False,5017.787909972688,2026-07-15 21:00:00+00:00,29548.9,EOD_EXIT,45.0,-22.02,-22.02,0.2,-44.24,4994.45,-0.88166341012689
37,XAUUSD,SELL,2026-07-16 11:10:00+00:00,4031.42,4043.464401571712,4014.557837799603,4004.9223165422336,4031.42,12.044401571712122,16.86216220039697,26.49768345776667,0.04,0.02,0.02,True,True,True,4994.450857000922,2026-07-16 13:40:00+00:00,4004.9223165422336,FULL_TP2,150.0,33.72,53.0,0.2,86.52,5080.97,1.7323225811446605
36,NAS100,SELL,2026-07-16 10:50:00+00:00,29393.600000000002,29506.063915042738,29224.904127435897,29168.672169914527,29393.600000000002,112.46391504273682,168.69587256410523,224.92783008547363,0.04,0.02,0.02,True,True,True,4994.450857000922,2026-07-16 14:40:00+00:00,29168.672169914527,FULL_TP2,230.0,33.74,44.99,0.2,78.52,5159.5,1.5721448112746041
38,NAS100,SELL,2026-07-16 16:05:00+00:00,29216.2,29344.152607611348,29024.27108858298,28960.294784777307,29216.2,127.95260761134791,191.92891141702188,255.90521522269583,0.04,0.02,0.02,True,True,True,5159.495288847165,2026-07-16 20:25:00+00:00,28960.294784777307,FULL_TP2,260.0,38.39,51.18,0.2,89.37,5248.86,1.7321461692810032
39,XAUUSD,SELL,2026-07-16 17:10:00+00:00,3989.41,4006.0134274728157,3966.1652015380578,3952.8824595598053,4006.0134274728157,16.60342747281564,23.244798461941894,36.52754044019441,0.03,0.01,0.02,False,False,False,5159.495288847165,2026-07-16 21:00:00+00:00,3978.01,EOD_EXIT,230.0,11.4,22.8,0.15,34.05,5282.91,0.6599482719482841
40,NAS100,SELL,2026-07-20 06:10:00+00:00,28704.0,28838.823762987202,28501.764355519197,28434.352474025596,28838.823762987202,134.82376298720172,202.2356444808026,269.64752597440344,0.04,0.02,0.02,False,False,False,5282.912114175108,2026-07-20 10:50:00+00:00,28838.823762987202,SL,280.0,-26.96,-26.96,0.2,-54.13,5228.78,-1.0246242759700355
41,NAS100,BUY,2026-07-20 16:40:00+00:00,28875.699999999997,28745.330122297764,29071.254816553344,29136.43975540446,28745.330122297764,130.369877702231,195.5548165533465,260.739755404462,0.04,0.02,0.02,False,False,False,5228.782608980227,2026-07-20 19:30:00+00:00,28745.330122297764,SL,170.0,-26.07,-26.07,0.2,-52.35,5176.43,-1.001189070474855
42,XAUUSD,BUY,2026-07-21 11:15:00+00:00,4067.7,4054.4141975218786,4086.3001234693693,4096.928765451866,4054.4141975218786,13.285802478121019,18.600123469369425,29.228765451866245,0.04,0.02,0.02,False,False,False,5176.434657899335,2026-07-21 12:45:00+00:00,4054.4141975218786,SL,90.0,-26.57,-26.57,0.2,-53.34,5123.09,-1.0304389705490085
43,XAUUSD,BUY,2026-07-21 15:10:00+00:00,4066.16,4053.2806876932104,4084.1910372295047,4094.494487074936,4066.16,12.879312306789206,18.031037229504886,28.334487074936256,0.04,0.02,0.02,True,False,True,5123.091447986852,2026-07-21 21:00:00+00:00,4084.51,EOD_EXIT,350.0,36.06,36.7,0.2,72.56,5195.65,1.416332320761381
44,NAS100,BUY,2026-07-21 15:25:00+00:00,29059.8,28960.19877261281,29209.201841080783,29259.00245477438,29059.8,99.60122738719042,149.40184108078563,199.20245477438084,0.05,0.03,0.02,True,False,True,5123.091447986852,2026-07-21 21:00:00+00:00,29141.4,EOD_EXIT,335.0,44.82,16.32,0.25,60.89,5256.54,1.1885401738032038
45,XAUUSD,BUY,2026-07-22 06:40:00+00:00,4132.83,4120.509596281853,4150.078565205405,4159.934888179922,4120.509596281853,12.320403718146485,17.24856520540508,27.10488817992227,0.04,0.02,0.02,False,False,False,5256.544074770099,2026-07-22 07:25:00+00:00,4120.509596281853,SL,45.0,-24.64,-24.64,0.2,-49.48,5207.06,-0.9413028654604036
46,XAUUSD,BUY,2026-07-22 10:00:00+00:00,4120.21,4107.8016837100695,4137.581642805903,4147.508295837848,4107.8016837100695,12.408316289930822,17.37164280590315,27.29829583784781,0.04,0.02,0.02,False,False,False,5207.062459897513,2026-07-22 13:55:00+00:00,4107.8016837100695,SL,235.0,-24.82,-24.82,0.2,-49.83,5157.23,-0.9569695079282912
47,NAS100,SELL,2026-07-22 12:20:00+00:00,28970.9,29050.66892259036,28851.246616114462,28811.362154819282,28970.9,79.76892259035967,119.6533838855395,159.53784518071933,0.07,0.04,0.03,True,False,True,5207.062459897513,2026-07-22 14:30:00+00:00,28970.9,TP1_THEN_BE,130.0,47.86,0.0,0.35,47.51,5204.74,0.9124146361965304
48,XAUUSD,BUY,2026-07-22 14:15:00+00:00,4130.91,4118.376476349523,4148.456933110668,4158.483752031048,4130.91,12.533523650476795,17.54693311066751,27.57375203104895,0.04,0.02,0.02,True,True,True,5157.22919473779,2026-07-22 15:00:00+00:00,4158.483752031048,FULL_TP2,45.0,35.09,55.15,0.2,90.04,5294.78,1.7458987491165385
50,XAUUSD,BUY,2026-07-23 06:35:00+00:00,4126.5,4113.224436817398,4145.085788455643,4155.7062390017245,4113.224436817398,13.275563182601955,18.585788455642735,29.206239001724303,0.04,0.02,0.02,False,False,False,5294.781918575439,2026-07-23 08:05:00+00:00,4113.224436817398,SL,90.0,-26.55,-26.55,0.2,-53.3,5241.48,-1.0066514696858442
49,NAS100,SELL,2026-07-23 06:15:00+00:00,28964.300000000003,29068.96198531572,28807.307022026424,28754.976029368565,28964.300000000003,104.66198531571881,156.9929779735782,209.32397063143762,0.05,0.03,0.02,True,False,True,5294.781918575439,2026-07-23 09:55:00+00:00,28964.300000000003,TP1_THEN_BE,220.0,47.1,0.0,0.25,46.85,5288.33,0.8848334212904655
51,NAS100,SELL,2026-07-23 11:05:00+00:00,28902.100000000002,29009.118337995013,28741.572493007483,28688.063324009978,28902.100000000002,107.01833799501169,160.52750699251754,214.03667599002338,0.05,0.03,0.02,True,True,True,5288.327559237105,2026-07-23 13:30:00+00:00,28688.063324009978,FULL_TP2,145.0,48.16,42.81,0.25,90.72,5379.04,1.7154761875810751
52,NAS100,SELL,2026-07-23 18:35:00+00:00,28443.5,28581.554606437254,28236.418090344123,28167.390787125496,28581.554606437254,138.05460643725246,207.0819096558787,276.1092128745049,0.04,0.02,0.02,False,False,False,5379.043146532865,2026-07-23 21:00:00+00:00,28564.9,EOD_EXIT,145.0,-24.28,-24.28,0.2,-48.76,5330.28,-0.9064809236830331
53,NAS100,SELL,2026-07-24 07:05:00+00:00,28372.4,28488.44934764591,28198.32597853114,28140.30130470818,28488.44934764591,116.04934764590966,174.0740214688645,232.09869529181933,0.05,0.03,0.02,False,False,False,5330.2831465328645,2026-07-24 08:10:00+00:00,28488.44934764591,SL,65.0,-34.81,-23.21,0.25,-58.27,5272.01,-1.093187705007797
54,NAS100,SELL,2026-07-24 18:00:00+00:00,28333.7,28471.238154371487,28127.392768442773,28058.623691257028,28333.7,137.53815437148597,206.30723155722896,275.07630874297195,0.04,0.02,0.02,True,False,True,5272.008472709909,2026-07-24 21:00:00+00:00,28133.3,EOD_EXIT,180.0,41.26,40.08,0.2,81.14,5353.15,1.539071881618061
55,XAUUSD,BUY,2026-07-27 10:45:00+00:00,4097.53,4085.1106330620155,4114.917113713178,4124.852607263565,4085.1106330620155,12.419366937984211,17.387113713177893,27.322607263565267,0.04,0.02,0.02,False,False,False,5353.149919021355,2026-07-27 13:15:00+00:00,4085.1106330620155,SL,150.0,-24.84,-24.84,0.2,-49.88,5303.27,-0.9317878399549642
56,NAS100,SELL,2026-07-27 19:30:00+00:00,27905.300000000003,28052.317719702005,27684.773420447,27611.264560596,28052.317719702005,147.0177197020025,220.52657955300373,294.035439404005,0.04,0.02,0.02,False,False,False,5303.2724512694185,2026-07-27 19:55:00+00:00,28052.317719702005,SL,25.0,-29.4,-29.4,0.2,-59.01,5244.27,-1.1127091912065552
57,NAS100,SELL,2026-07-28 10:55:00+00:00,27822.600000000002,27947.75784987016,27634.863225194767,27572.28430025969,27822.600000000002,125.15784987015589,187.73677480523384,250.31569974031177,0.04,0.02,0.02,True,True,True,5244.2653633886175,2026-07-28 14:45:00+00:00,27572.28430025969,FULL_TP2,230.0,37.55,50.06,0.2,87.41,5331.68,1.6667730166789165
58,XAUUSD,SELL,2026-07-28 14:35:00+00:00,4021.57,4032.990631405571,4005.581116032201,3996.444610907744,4032.990631405571,11.420631405570955,15.988883967799335,25.125389092256103,0.05,0.03,0.02,False,False,False,5244.2653633886175,2026-07-28 15:10:00+00:00,4032.990631405571,SL,35.0,-34.26,-22.84,0.25,-57.35,5274.32,-1.0935754777089104
59,XAUUSD,SELL,2026-07-28 18:15:00+00:00,4035.07,4047.7276175441098,4017.3493354382467,4007.223241402959,4047.7276175441098,12.657617544109565,17.720664561753388,27.846758597041045,0.04,0.02,0.02,False,False,False,5274.322701269872,2026-07-28 21:00:00+00:00,4023.28,EOD_EXIT,165.0,23.58,23.58,0.2,46.96,5321.28,0.8903512860275629
60,NAS100,SELL,2026-07-28 20:55:00+00:00,27788.5,27936.918786217975,27565.871820673037,27491.66242756405,27936.918786217975,148.41878621797545,222.62817932696316,296.8375724359509,0.04,0.02,0.02,False,False,False,5274.322701269872,2026-07-28 21:00:00+00:00,27786.5,EOD_EXIT,5.0,0.4,0.4,0.2,0.6,5321.88,0.011375868220113666
61,NAS100,SELL,2026-07-29 20:30:00+00:00,27479.0,27669.24735913978,27193.628961290327,27098.505281720438,27479.0,190.24735913978083,285.3710387096712,380.49471827956165,0.03,0.01,0.02,True,False,True,5321.882701269872,2026-07-29 21:00:00+00:00,27124.3,EOD_EXIT,30.0,28.54,70.94,0.15,99.33,5421.21,1.8664447447573118
62,XAUUSD,BUY,2026-07-30 14:25:00+00:00,4080.2999999999997,4062.0725000141297,4105.818499980218,4120.400499968914,4080.2999999999997,18.227499985870125,25.518499980218174,40.10049996891428,0.03,0.01,0.02,True,False,True,5421.209805140839,2026-07-30 21:00:00+00:00,4117.18,EOD_EXIT,395.0,25.52,73.76,0.15,99.13,5520.34,1.8285586347533855
63,NAS100,BUY,2026-07-31 08:35:00+00:00,28440.899999999998,28304.91716782617,28644.874248260738,28712.865664347653,28304.91716782617,135.9828321738274,203.9742482607411,271.9656643476548,0.04,0.02,0.02,False,False,False,5520.3383051210585,2026-07-31 14:40:00+00:00,28304.91716782617,SL,365.0,-27.2,-27.2,0.2,-54.59,5465.75,-0.9888886691846119
64,XAUUSD,SELL,2026-07-31 12:35:00+00:00,4052.82,4066.4427501266105,4033.7481498227457,4022.8499497214575,4052.82,13.622750126610347,19.071850177254486,29.970050278542764,0.04,0.02,0.02,True,True,True,5520.3383051210585,2026-07-31 14:40:00+00:00,4022.8499497214575,FULL_TP2,125.0,38.14,59.94,0.2,97.88,5563.63,1.773079738776146
65,XAUUSD,SELL,2026-07-31 18:05:00+00:00,4041.58,4056.1547600725826,4021.175335898384,4009.515527840318,4056.1547600725826,14.574760072582679,20.40466410161575,32.0644721596819,0.04,0.02,0.02,False,False,False,5563.628973163122,2026-07-31 21:00:00+00:00,4048.66,EOD_EXIT,175.0,-14.16,-14.16,0.2,-28.52,5535.11,-0.5126150600187374
66,XAUUSD,SELL,2026-08-03 18:05:00+00:00,4034.4700000000003,4048.1174870303767,4015.363518157473,4004.445528533172,4048.1174870303767,13.647487030376496,19.106481842527092,30.02447146682829,0.04,0.02,0.02,False,False,False,5535.108973163123,2026-08-03 20:00:00+00:00,4048.1174870303767,SL,115.0,-27.29,-27.29,0.2,-54.79,5480.32,-0.9898630770531951
67,NAS100,BUY,2026-08-04 10:55:00+00:00,28973.3,28873.034633800376,29123.698049299437,29173.83073239925,28973.3,100.26536619962404,150.39804929943605,200.53073239924808,0.05,0.03,0.02,True,True,True,5480.319025041616,2026-08-04 14:30:00+00:00,29173.83073239925,FULL_TP2,215.0,45.12,40.11,0.25,84.98,5565.29,1.5506396545838803
68,XAUUSD,BUY,2026-08-04 16:40:00+00:00,4084.34,4069.712256633306,4104.818840713372,4116.521035406728,4084.34,14.627743366694304,20.478840713372023,32.181035406727474,0.04,0.02,0.02,True,False,True,5565.294586311297,2026-08-04 19:30:00+00:00,4084.34,TP1_THEN_BE,170.0,40.96,0.0,0.2,40.76,5606.05,0.7323960909500733
69,XAUUSD,BUY,2026-08-05 12:00:00+00:00,4164.3,4149.251537017299,4185.3678481757825,4197.406618561943,4164.3,15.048462982701507,21.067848175782107,33.106618561943314,0.04,0.02,0.02,True,True,True,5606.052267738041,2026-08-05 13:05:00+00:00,4197.406618561943,FULL_TP2,65.0,42.14,66.21,0.2,108.15,5714.2,1.9291650315568127
70,NAS100,BUY,2026-08-05 12:00:00+00:00,29793.199999999997,29703.484288114454,29927.773567828313,29972.631423771087,29793.199999999997,89.71571188554472,134.5735678283171,179.43142377108944,0.06,0.03,0.03,True,False,True,5606.052267738041,2026-08-05 15:30:00+00:00,29793.199999999997,TP1_THEN_BE,210.0,40.37,0.0,0.3,40.07,5754.27,0.7147632252841561
71,XAUUSD,BUY,2026-08-05 17:35:00+00:00,4243.9,4224.389950254663,4271.214069643472,4286.822109439741,4224.389950254663,19.51004974533706,27.314069643471882,42.92210943974153,0.03,0.01,0.02,False,False,False,5754.273271561987,2026-08-05 21:00:00+00:00,4248.58,EOD_EXIT,205.0,4.68,9.36,0.15,13.89,5768.16,0.24138582483813087
72,NAS100,SELL,2026-08-06 06:45:00+00:00,29442.300000000003,29544.011293083167,29289.733060375253,29238.87741383367,29442.300000000003,101.71129308316598,152.56693962474898,203.42258616633197,0.06,0.03,0.03,True,True,True,5768.163271561988,2026-08-06 14:15:00+00:00,29238.87741383367,FULL_TP2,450.0,45.77,61.03,0.3,106.5,5874.66,1.8463416340009455
73,NAS100,SELL,2026-08-06 16:55:00+00:00,29409.0,29524.886938323627,29235.169592514558,29177.226123352746,29524.886938323627,115.88693832362699,173.8304074854405,231.77387664725399,0.05,0.03,0.02,False,False,False,5874.660129299313,2026-08-06 21:00:00+00:00,29434.7,EOD_EXIT,245.0,-7.71,-5.14,0.25,-13.1,5861.56,-0.22299162354371765
74,NAS100,BUY,2026-08-07 12:05:00+00:00,29539.6,29459.495383493002,29659.756924760495,29699.809233013995,29539.6,80.10461650699813,120.15692476049719,160.20923301399625,0.07,0.04,0.03,True,True,True,5861.560129299312,2026-08-07 13:40:00+00:00,29699.809233013995,FULL_TP2,95.0,48.06,48.06,0.35,95.78,5957.34,1.6340359543739678
75,XAUUSD,BUY,2026-08-07 15:20:00+00:00,4351.58,4331.493662279325,4379.700872808945,4395.769942985485,4331.493662279325,20.0863377206751,28.120872808945137,44.189942985485224,0.03,0.01,0.02,False,False,False,5957.335669107711,2026-08-07 17:55:00+00:00,4331.493662279325,SL,155.0,-20.09,-40.17,0.15,-60.41,5896.93,-1.0140439175395366
76,NAS100,BUY,2026-08-07 16:05:00+00:00,29657.1,29548.858505517066,29819.4622417244,29873.582988965867,29548.858505517066,108.2414944829336,162.3622417244004,216.4829889658672,0.06,0.03,0.03,False,False,False,5957.335669107711,2026-08-07 21:00:00+00:00,29713.3,EOD_EXIT,295.0,16.86,16.86,0.3,33.42,5930.35,0.5609890369834682
77,XAUUSD,BUY,2026-08-07 19:05:00+00:00,4342.2,4322.691046578503,4369.512534790095,4385.1196975272915,4322.691046578503,19.5089534214963,27.31253479009482,42.919697527291866,0.03,0.01,0.02,False,False,False,5896.9266559456855,2026-08-07 21:00:00+00:00,4343.53,EOD_EXIT,115.0,1.33,2.66,0.15,3.84,5934.19,0.06511866645192625
78,NAS100,BUY,2026-08-10 08:15:00+00:00,29838.3,29754.73321246487,29963.650181302688,30005.433575070252,29754.73321246487,83.566787535127,125.35018130269052,167.133575070254,0.07,0.04,0.03,False,False,False,5934.186655945686,2026-08-10 12:45:00+00:00,29754.73321246487,SL,270.0,-33.43,-25.07,0.35,-58.85,5875.34,-0.9917113062332807
79,NAS100,BUY,2026-08-10 15:05:00+00:00,29782.199999999997,29699.92359791224,29905.61460313163,29946.75280417551,29699.92359791224,82.27640208775674,123.4146031316351,164.55280417551347,0.07,0.04,0.03,False,False,False,5875.3399046710965,2026-08-10 15:55:00+00:00,29699.92359791224,SL,50.0,-32.91,-24.68,0.35,-57.94,5817.4,-0.9861557108199939
80,XAUUSD,BUY,2026-08-10 15:25:00+00:00,4345.72,4330.7231033035005,4366.7156553751,4378.713172732299,4345.72,14.996896696499652,20.995655375099513,32.993172732299236,0.04,0.02,0.02,True,True,True,5875.3399046710965,2026-08-10 19:30:00+00:00,4378.713172732299,FULL_TP2,245.0,41.99,65.99,0.2,107.78,5925.17,1.834447057510855
81,NAS100,SELL,2026-08-10 20:50:00+00:00,29639.0,29723.854797964334,29511.7178030535,29469.290404071333,29723.854797964334,84.85479796433322,127.28219694649982,169.70959592866643,0.07,0.04,0.03,False,False,False,5925.174079424464,2026-08-10 21:00:00+00:00,29650.6,EOD_EXIT,10.0,-4.64,-3.48,0.35,-8.47,5916.7,-0.14294938657435574
82,XAUUSD,BUY,2026-08-11 15:50:00+00:00,4395.49,4379.41224079684,4417.998862884424,4430.861070246951,4379.41224079684,16.077759203159925,22.508862884423895,35.37107024695184,0.04,0.02,0.02,False,False,False,5916.704079424465,2026-08-11 16:30:00+00:00,4379.41224079684,SL,40.0,-32.16,-32.16,0.2,-64.51,5852.19,-1.090302964860718
83,XAUUSD,BUY,2026-08-12 06:05:00+00:00,4404.69,4390.650480746753,4424.345326954545,4435.576942357143,4390.650480746753,14.039519253246773,19.65532695454548,30.886942357142903,0.04,0.02,0.02,False,False,False,5852.193042611825,2026-08-12 06:30:00+00:00,4390.650480746753,SL,25.0,-28.08,-28.08,0.2,-56.36,5795.83,-0.963057773207813
84,XAUUSD,BUY,2026-08-12 07:50:00+00:00,4401.53,4387.158089264842,4421.65067502922,4433.148203617347,4401.53,14.371910735157687,20.12067502922076,31.618203617346914,0.04,0.02,0.02,True,False,True,5795.834965598838,2026-08-12 13:30:00+00:00,4401.53,TP1_THEN_BE,340.0,40.24,0.0,0.2,40.04,5835.88,0.6908409269355893
86,NAS100,BUY,2026-08-12 15:20:00+00:00,29835.399999999998,29766.225843478136,29939.16123478279,29973.748313043718,29766.225843478136,69.1741565218608,103.76123478279119,138.3483130437216,0.08,0.04,0.04,False,False,False,5835.8763156572795,2026-08-12 15:30:00+00:00,29766.225843478136,SL,10.0,-27.67,-27.67,0.4,-55.74,5780.14,-0.9551264794706696
87,NAS100,BUY,2026-08-12 15:35:00+00:00,29834.899999999998,29765.725843478136,29938.66123478279,29973.248313043718,29765.725843478136,69.1741565218608,103.76123478279119,138.3483130437216,0.08,0.04,0.04,False,False,False,5780.136990439791,2026-08-12 15:55:00+00:00,29765.725843478136,SL,20.0,-27.67,-27.67,0.4,-55.74,5724.4,-0.9643370060639157
85,XAUUSD,BUY,2026-08-12 14:45:00+00:00,4428.23,4411.718634445302,4451.345911776575,4464.555004220333,4411.718634445302,16.511365554697107,23.11591177657595,36.32500422033364,0.04,0.02,0.02,False,False,False,5835.8763156572795,2026-08-12 16:50:00+00:00,4411.718634445302,SL,125.0,-33.02,-33.02,0.2,-66.25,5658.15,-1.1352193983661978
88,NAS100,BUY,2026-08-13 10:50:00+00:00,29787.8,29731.457407205868,29872.313889191195,29900.485185588263,29731.457407205868,56.34259279413116,84.51388919119674,112.68518558826231,0.1,0.05,0.05,False,False,False,5658.152203003513,2026-08-13 13:15:00+00:00,29731.457407205868,SL,145.0,-28.17,-28.17,0.5,-56.84,5601.31,-1.004568239960524
89,NAS100,BUY,2026-08-13 17:25:00+00:00,30102.199999999997,30022.66217635582,30221.50673546626,30261.27564728835,30022.66217635582,79.53782364417548,119.3067354662632,159.07564728835095,0.07,0.04,0.03,False,False,False,5601.309610209382,2026-08-13 21:00:00+00:00,30116.7,EOD_EXIT,215.0,5.8,4.35,0.35,9.8,5611.11,0.17495908424947193
90,XAUUSD,SELL,2026-08-13 18:30:00+00:00,4360.74,4378.557553698974,4335.7954248214355,4321.5413818622565,4378.557553698974,17.817553698974216,24.944575178563902,39.198618137743274,0.03,0.01,0.02,False,False,False,5601.309610209382,2026-08-13 21:00:00+00:00,4348.01,EOD_EXIT,150.0,12.73,25.46,0.15,38.04,5649.15,0.6791268943724399
91,XAUUSD,SELL,2026-08-14 06:05:00+00:00,4319.56,4335.196955983431,4297.668261623197,4285.158696836453,4335.196955983431,15.636955983430614,21.89173837680286,34.401303163547354,0.04,0.02,0.02,False,False,False,5649.149610209384,2026-08-14 07:00:00+00:00,4335.196955983431,SL,55.0,-31.27,-31.27,0.2,-62.75,5586.4,-1.1107866551559464
92,NAS100,BUY,2026-08-14 06:40:00+00:00,30083.8,30021.950367178357,30176.574449232463,30207.499265643284,30083.8,61.84963282164233,92.7744492324635,123.69926564328466,0.09,0.04,0.05,True,False,True,5649.149610209384,2026-08-14 15:15:00+00:00,30083.8,TP1_THEN_BE,515.0,37.11,0.0,0.45,36.66,5623.06,0.6489472315221831
94,NAS100,BUY,2026-08-17 11:25:00+00:00,30263.1,30212.196601424122,30339.45509786381,30364.90679715175,30212.196601424122,50.90339857587531,76.35509786381296,101.80679715175062,0.11,0.06,0.05,False,False,False,5623.061565968647,2026-08-17 12:15:00+00:00,30212.196601424122,SL,50.0,-30.54,-25.45,0.55,-56.54,5566.52,-1.0055020621183655
93,XAUUSD,BUY,2026-08-17 06:25:00+00:00,4399.75,4385.5987726649855,4419.56171826902,4430.882700137032,4385.5987726649855,14.151227335014546,19.811718269020364,31.132700137032003,0.04,0.02,0.02,False,False,False,5623.061565968647,2026-08-17 13:25:00+00:00,4385.5987726649855,SL,420.0,-28.3,-28.3,0.2,-56.8,5509.71,-1.0101258777559807
96,NAS100,BUY,2026-08-17 16:00:00+00:00,30196.0,30135.87399843177,30286.18900235235,30316.252003136462,30135.87399843177,60.12600156823136,90.18900235234705,120.25200313646272,0.09,0.04,0.05,False,False,False,5509.712918195127,2026-08-17 16:40:00+00:00,30135.87399843177,SL,40.0,-24.05,-30.06,0.45,-54.56,5455.15,-0.9902512310545717
95,XAUUSD,BUY,2026-08-17 14:50:00+00:00,4401.85,4388.386699271154,4420.698621020385,4431.469261603463,4401.85,13.463300728846363,18.848621020384908,29.619261603462,0.04,0.02,0.02,True,False,True,5509.712918195127,2026-08-17 19:30:00+00:00,4401.85,TP1_THEN_BE,280.0,37.7,0.0,0.2,37.5,5492.65,0.6806162236903671
97,XAUUSD,BUY,2026-08-17 20:30:00+00:00,4416.64,4402.231861142213,4436.811394400902,4448.337905487131,4402.231861142213,14.408138857786541,20.171394400901157,31.697905487130395,0.04,0.02,0.02,False,False,False,5492.646758824488,2026-08-17 21:00:00+00:00,4418.7,EOD_EXIT,30.0,4.12,4.12,0.2,8.04,5500.69,0.14637751803505172
98,NAS100,SELL,2026-08-18 08:20:00+00:00,29784.0,29854.38230952392,29678.42653571412,29643.23538095216,29784.0,70.38230952391952,105.57346428587928,140.76461904783903,0.08,0.04,0.04,True,True,True,5500.686758824486,2026-08-18 10:40:00+00:00,29643.23538095216,FULL_TP2,140.0,42.23,56.31,0.4,98.14,5598.82,1.7841408591856054
99,XAUUSD,SELL,2026-08-18 11:25:00+00:00,4391.7,4404.19010467704,4374.213853452145,4364.2217697105125,4404.19010467704,12.49010467703978,17.48614654785569,27.478230289487517,0.04,0.02,0.02,False,False,False,5598.821992157973,2026-08-18 14:40:00+00:00,4404.19010467704,SL,195.0,-24.98,-24.98,0.2,-50.16,5548.66,-0.8959027465109077
100,XAUUSD,SELL,2026-08-18 15:30:00+00:00,4389.42,4402.518959591861,4371.0814565713945,4360.602288897906,4389.42,13.098959591861119,18.338543428605565,28.817711102094464,0.04,0.02,0.02,True,True,True,5548.661573449814,2026-08-18 16:10:00+00:00,4360.602288897906,FULL_TP2,40.0,36.68,57.64,0.2,94.11,5642.77,1.6960846999628458
101,NAS100,SELL,2026-08-18 18:20:00+00:00,29525.100000000002,29611.555785178476,29395.41632223229,29352.18842964305,29611.555785178476,86.45578517847554,129.6836777677133,172.91157035695107,0.07,0.04,0.03,False,False,False,5642.774082511214,2026-08-18 21:00:00+00:00,29515.7,EOD_EXIT,160.0,3.76,2.82,0.35,6.23,5649.0,0.11040668842845915
102,NAS100,SELL,2026-08-19 14:45:00+00:00,29397.2,29487.7367466733,29261.39487999005,29216.126506653403,29487.7367466733,90.5367466732994,135.80512000994912,181.0734933465988,0.06,0.03,0.03,False,False,False,5649.0040825112155,2026-08-19 15:35:00+00:00,29487.7367466733,SL,50.0,-27.16,-27.16,0.3,-54.62,5594.38,-0.9668960971208779
103,XAUUSD,BUY,2026-08-19 19:50:00+00:00,4494.61,4476.157477392849,4520.443531650011,4535.205549735731,4476.157477392849,18.452522607150843,25.833531650011178,40.59554973573186,0.03,0.01,0.02,False,False,False,5594.382034507236,2026-08-19 21:00:00+00:00,4509.32,EOD_EXIT,70.0,14.71,29.42,0.15,43.98,5638.36,0.7861458107208767
104,NAS100,SELL,2026-08-19 20:45:00+00:00,29438.7,29548.631978394606,29273.802032408094,29218.83604321079,29548.631978394606,109.9319783946052,164.8979675919078,219.8639567892104,0.05,0.03,0.02,False,False,False,5594.382034507236,2026-08-19 21:00:00+00:00,29464.2,EOD_EXIT,15.0,-7.65,-5.1,0.25,-13.0,5625.36,-0.2323759786123556
105,NAS100,BUY,2026-08-20 07:05:00+00:00,29588.5,29501.04827685888,29719.677584711677,29763.40344628224,29501.04827685888,87.45172314111853,131.1775847116778,174.90344628223707,0.06,0.03,0.03,False,False,False,5625.362034507237,2026-08-20 09:00:00+00:00,29501.04827685888,SL,115.0,-26.24,-26.24,0.3,-52.77,5572.59,-0.9380729573722891
106,NAS100,SELL,2026-08-20 11:35:00+00:00,29453.300000000003,29543.413280004,29318.13007999401,29273.07343999201,29453.300000000003,90.11328000399583,135.16992000599373,180.22656000799165,0.06,0.03,0.03,True,True,True,5572.591000622566,2026-08-20 13:00:00+00:00,29273.07343999201,FULL_TP2,85.0,40.55,54.07,0.3,94.32,5666.91,1.6925699372062768
107,NAS100,SELL,2026-08-20 15:15:00+00:00,29243.4,29347.99406992384,29086.508895114246,29034.21186015233,29347.99406992384,104.594069923837,156.8911048857555,209.188139847674,0.05,0.03,0.02,False,False,False,5666.909944626762,2026-08-20 15:35:00+00:00,29347.99406992384,SL,20.0,-31.38,-20.92,0.25,-52.55,5614.36,-0.927313130321168
108,NAS100,SELL,2026-08-20 16:20:00+00:00,29248.2,29354.315922072135,29089.0261168918,29035.96815585573,29354.315922072135,106.11592207213421,159.17388310820132,212.23184414426842,0.05,0.03,0.02,False,False,False,5614.362909664844,2026-08-20 21:00:00+00:00,29244.5,EOD_EXIT,280.0,1.11,0.74,0.25,1.6,5615.96,0.0284983358885775
109,XAUUSD,BUY,2026-08-20 18:30:00+00:00,4518.48,4500.196462878196,4544.0769519705245,4558.703781667967,4500.196462878196,18.283537121803235,25.59695197052453,40.22378166796712,0.03,0.01,0.02,False,False,False,5614.362909664844,2026-08-20 21:00:00+00:00,4527.05,EOD_EXIT,150.0,8.57,17.14,0.15,25.56,5641.52,0.4552609158200255
110,XAUUSD,BUY,2026-08-21 06:40:00+00:00,4543.47,4527.038787116606,4566.473698036752,4579.618668343467,4543.47,16.431212883393986,23.00369803675158,36.148668343466774,0.03,0.01,0.02,True,True,True,5641.522909664846,2026-08-21 09:25:00+00:00,4579.618668343467,FULL_TP2,165.0,23.0,72.3,0.15,95.15,5736.67,1.6866013224371132
111,XAUUSD,BUY,2026-08-21 14:45:00+00:00,4590.15,4571.898208174617,4615.702508555535,4630.303942015841,4590.15,18.251791825382305,25.552508555535226,40.153942015841075,0.03,0.01,0.02,True,True,True,5736.673944388532,2026-08-21 18:00:00+00:00,4630.303942015841,FULL_TP2,195.0,25.55,80.31,0.15,105.71,5842.38,1.8427053903491035
113,NAS100,SELL,2026-08-24 11:45:00+00:00,29134.800000000003,29221.74195874352,29004.387061884725,28960.916082512962,29221.74195874352,86.94195874351959,130.4129381152794,173.88391748703918,0.07,0.04,0.03,False,False,False,5842.384336975749,2026-08-24 12:35:00+00:00,29221.74195874352,SL,50.0,-34.78,-26.08,0.35,-61.21,5781.17,-1.0476886912866938
112,XAUUSD,BUY,2026-08-24 06:10:00+00:00,4643.61,4624.737871756334,4670.030979541131,4685.1286821360645,4643.61,18.872128243665692,26.420979541131967,41.51868213606453,0.03,0.01,0.02,True,False,True,5842.384336975749,2026-08-24 16:55:00+00:00,4643.61,TP1_THEN_BE,645.0,26.42,0.0,0.15,26.27,5807.45,0.449645187389339
114,NAS100,SELL,2026-08-24 18:30:00+00:00,29065.5,29173.012786884792,28904.23081967281,28850.47442623042,29173.012786884792,107.51278688479105,161.26918032718658,215.0255737695821,0.05,0.03,0.02,False,False,False,5807.445945396417,2026-08-24 21:00:00+00:00,29047.6,EOD_EXIT,150.0,5.37,3.58,0.25,8.7,5816.15,0.14980767934476463
116,NAS100,BUY,2026-08-25 12:40:00+00:00,29301.5,29215.35556856001,29430.716647159985,29473.788862879977,29215.35556856001,86.14443143998874,129.2166471599831,172.28886287997747,0.07,0.04,0.03,False,False,False,5816.145945396418,2026-08-25 15:00:00+00:00,29215.35556856001,SL,140.0,-34.46,-25.84,0.35,-60.65,5755.49,-1.0427867623921223
115,XAUUSD,SELL,2026-08-25 08:05:00+00:00,4640.75,4660.319784674352,4613.352301455907,4597.696473716424,4640.75,19.569784674352444,27.39769854409342,43.05352628357538,0.03,0.01,0.02,True,False,True,5816.145945396418,2026-08-25 16:20:00+00:00,4640.75,TP1_THEN_BE,495.0,27.4,0.0,0.15,27.25,5782.74,0.46852331863454794
117,XAUUSD,SELL,2026-08-25 18:05:00+00:00,4635.78,4654.9885768150125,4608.887992458982,4593.521131006972,4654.9885768150125,19.208576815012563,26.892007541017588,42.25886899302764,0.03,0.01,0.02,False,False,False,5782.742541932519,2026-08-25 20:00:00+00:00,4654.9885768150125,SL,115.0,-19.21,-38.42,0.15,-57.78,5724.97,-0.9991798801523448
118,NAS100,BUY,2026-08-25 19:45:00+00:00,29214.399999999998,29124.95335815829,29348.56996276256,29393.293283683415,29124.95335815829,89.44664184170847,134.1699627625627,178.89328368341694,0.06,0.03,0.03,False,False,False,5782.742541932519,2026-08-25 21:00:00+00:00,29216.8,EOD_EXIT,75.0,0.72,0.72,0.3,1.14,5726.11,0.01971382941110545
119,NAS100,SELL,2026-08-26 11:10:00+00:00,29140.800000000003,29214.622052713166,29030.066920930258,28993.155894573676,29214.622052713166,73.82205271316334,110.73307906974502,147.6441054263267,0.08,0.04,0.04,False,False,False,5726.106811487482,2026-08-26 12:15:00+00:00,29214.622052713166,SL,65.0,-29.53,-29.53,0.4,-59.46,5666.65,-1.0384018663555799
120,NAS100,SELL,2026-08-26 12:45:00+00:00,29135.100000000002,29207.434763233654,29026.597855149525,28990.4304735327,29207.434763233654,72.33476323365169,108.50214485047752,144.66952646730337,0.08,0.04,0.04,False,False,False,5666.649169316952,2026-08-26 14:30:00+00:00,29207.434763233654,SL,105.0,-28.93,-28.93,0.4,-58.27,5608.38,-1.0282972927901193
121,XAUUSD,SELL,2026-08-26 15:35:00+00:00,4616.61,4632.665335311849,4594.13253056341,4581.28826231393,4616.61,16.055335311849767,22.477469436589672,35.32173768606949,0.03,0.01,0.02,True,False,True,5608.38135873003,2026-08-26 21:00:00+00:00,4593.94,EOD_EXIT,325.0,22.48,45.34,0.15,67.67,5676.05,1.2065869931377722
122,NAS100,BUY,2026-08-27 12:05:00+00:00,29559.1,29471.047812091063,29691.178281863406,29735.204375817873,29471.047812091063,88.05218790893721,132.07828186340583,176.10437581787443,0.06,0.03,0.03,False,False,False,5676.04882816662,2026-08-27 12:45:00+00:00,29471.047812091063,SL,40.0,-26.42,-26.42,0.3,-53.13,5622.92,-0.9360384592949519
123,NAS100,BUY,2026-08-27 15:15:00+00:00,29528.3,29433.08292389361,29671.125614159584,29718.73415221278,29433.08292389361,95.21707610639032,142.82561415958548,190.43415221278065,0.06,0.03,0.03,False,False,False,5622.917515421258,2026-08-27 21:00:00+00:00,29623.2,EOD_EXIT,345.0,28.47,28.47,0.3,56.64,5679.56,1.0073062577329421
124,XAUUSD,SELL,2026-08-28 06:30:00+00:00,4578.65,4593.31666315575,4558.11667158195,4546.38334105735,4593.31666315575,14.66666315575003,20.53332841805004,32.26665894265007,0.04,0.02,0.02,False,False,False,5679.557515421259,2026-08-28 07:45:00+00:00,4593.31666315575,SL,75.0,-29.33,-29.33,0.2,-58.87,5620.69,-1.036524409518785
125,XAUUSD,BUY,2026-08-28 14:05:00+00:00,4600.61,4586.163824921192,4620.834645110331,4632.391585173376,4600.61,14.446175078807645,20.2246451103307,31.781585173376822,0.04,0.02,0.02,True,False,True,5620.690862798259,2026-08-28 15:00:00+00:00,4600.61,TP1_THEN_BE,55.0,40.45,0.0,0.2,40.25,5660.94,0.7161041406209191
126,XAUUSD,SELL,2026-08-31 16:30:00+00:00,4429.83,4449.667614271814,4402.057340019461,4386.187248602009,4449.667614271814,19.83761427181402,27.772659980539625,43.64275139799084,0.03,0.01,0.02,False,False,False,5660.940153018921,2026-08-31 20:50:00+00:00,4449.667614271814,SL,260.0,-19.84,-39.68,0.15,-59.66,5601.28,-1.0538885483215
127,XAUUSD,SELL,2026-09-01 07:25:00+00:00,4428.65,4444.725234507988,4406.144671688816,4393.284484082425,4428.65,16.075234507988608,22.505328311184048,35.36551591757494,0.03,0.01,0.02,True,True,True,5601.277310203479,2026-09-01 09:10:00+00:00,4393.284484082425,FULL_TP2,105.0,22.51,70.73,0.15,93.09,5694.36,1.6619423542987966
128,XAUUSD,SELL,2026-09-01 11:50:00+00:00,4375.41,4393.251193116999,4350.4323296362,4336.159375142601,4375.41,17.841193116999754,24.977670363799653,39.250624857399465,0.03,0.01,0.02,True,True,True,5694.363670349813,2026-09-01 14:05:00+00:00,4336.159375142601,FULL_TP2,135.0,24.98,78.5,0.15,103.33,5797.69,1.814601349366439
129,XAUUSD,SELL,2026-09-01 16:10:00+00:00,4356.91,4376.295303097278,4329.7705756638115,4314.2623331859895,4356.91,19.385303097277575,27.139424336188604,42.64766681401067,0.03,0.01,0.02,True,False,True,5797.692590428412,2026-09-01 21:00:00+00:00,4328.03,EOD_EXIT,290.0,27.14,57.76,0.15,84.75,5882.44,1.4617884387302005
130,NAS100,SELL,2026-09-01 17:30:00+00:00,29094.0,29184.44509973941,28958.33235039089,28913.109800521186,29184.44509973941,90.44509973940723,135.66764960911084,180.89019947881445,0.06,0.03,0.03,False,False,False,5797.692590428412,2026-09-01 21:00:00+00:00,29093.3,EOD_EXIT,210.0,0.21,0.21,0.3,0.12,5882.56,0.002069788939794974
131,NAS100,SELL,2026-09-02 07:05:00+00:00,29013.2,29088.030668008752,28900.95399798687,28863.538663982494,29013.2,74.83066800875302,112.24600201312953,149.66133601750604,0.08,0.04,0.04,True,False,True,5882.562014764601,2026-09-02 12:30:00+00:00,29013.2,TP1_THEN_BE,325.0,44.9,0.0,0.4,44.5,5927.06,0.7564731130468283
132,NAS100,SELL,2026-09-02 14:55:00+00:00,29023.600000000002,29109.250956334483,28895.12356549828,28852.29808733104,29109.250956334483,85.65095633448041,128.47643450172063,171.30191266896082,0.07,0.04,0.03,False,False,False,5927.060415569853,2026-09-02 15:15:00+00:00,29109.250956334483,SL,20.0,-34.26,-25.7,0.35,-60.31,5866.75,-1.0175364476051412
133,XAUUSD,BUY,2026-09-02 18:40:00+00:00,4376.7699999999995,4358.52001623753,4402.319977267456,4416.919964277432,4358.52001623753,18.249983762469277,25.54997726745699,40.14996427743241,0.03,0.01,0.02,False,False,False,5866.754746135716,2026-09-02 21:00:00+00:00,4390.33,EOD_EXIT,140.0,13.56,27.12,0.15,40.53,5907.28,0.6908419007407135
134,NAS100,BUY,2026-09-02 19:00:00+00:00,29126.5,29037.44453886346,29260.08319170481,29304.610922273077,29037.44453886346,89.0554611365395,133.58319170480925,178.110922273079,0.07,0.04,0.03,False,False,False,5866.754746135716,2026-09-02 21:00:00+00:00,29163.0,EOD_EXIT,120.0,14.6,10.95,0.35,25.2,5932.48,0.4295390056418944
135,XAUUSD,BUY,2026-09-03 06:45:00+00:00,4435.65,4420.593183177289,4456.729543551795,4468.774997009965,4420.593183177289,15.056816822711378,21.07954355179593,33.124997009965035,0.04,0.02,0.02,False,False,False,5932.484746135718,2026-09-03 07:20:00+00:00,4420.593183177289,SL,35.0,-30.11,-30.11,0.2,-60.43,5872.06,-1.0186288306828382
136,NAS100,BUY,2026-09-03 08:00:00+00:00,29175.199999999997,29099.620864619712,29288.568703070425,29326.358270760567,29099.620864619712,75.57913538028582,113.36870307042872,151.15827076057164,0.08,0.04,0.04,False,False,False,5872.057478844872,2026-09-03 10:55:00+00:00,29099.620864619712,SL,175.0,-30.23,-30.23,0.4,-60.86,5811.19,-1.0364339964187839
137,XAUUSD,BUY,2026-09-03 08:50:00+00:00,4430.72,4415.4332446783765,4452.121457450273,4464.350861707572,4430.72,15.286755321623552,21.40145745027297,33.63086170757182,0.04,0.02,0.02,True,True,True,5872.057478844872,2026-09-03 13:30:00+00:00,4464.350861707572,FULL_TP2,280.0,42.8,67.26,0.2,109.86,5921.06,1.8708944930425173
138,XAUUSD,BUY,2026-09-03 18:30:00+00:00,4492.04,4473.265176891688,4518.3247523516375,4533.344610838287,4473.265176891688,18.774823108312237,26.28475235163713,41.304610838286926,0.03,0.01,0.02,False,False,False,5921.058808856333,2026-09-03 20:10:00+00:00,4473.265176891688,SL,100.0,-18.77,-37.55,0.15,-56.47,5864.58,-0.9537145605704147
139,XAUUSD,BUY,2026-09-04 06:35:00+00:00,4476.5599999999995,4462.426531458889,4496.346855957554,4507.653630790443,4462.426531458889,14.133468541110418,19.786855957554582,31.093630790442923,0.04,0.02,0.02,False,False,False,5864.584339531396,2026-09-04 07:45:00+00:00,4462.426531458889,SL,70.0,-28.27,-28.27,0.2,-56.73,5807.85,-0.9673319832336652
140,NAS100,BUY,2026-09-04 08:20:00+00:00,29586.399999999998,29523.760615388524,29680.359076917208,29711.67876922294,29523.760615388524,62.63938461147218,93.95907691720828,125.27876922294436,0.09,0.04,0.05,False,False,False,5807.850465366954,2026-09-04 13:30:00+00:00,29523.760615388524,SL,310.0,-25.06,-31.32,0.45,-56.83,5751.03,-0.978503154288931
141,NAS100,BUY,2026-09-04 14:45:00+00:00,29603.399999999998,29536.228241129713,29704.157638305423,29737.743517740564,29536.228241129713,67.17175887028331,100.75763830542496,134.34351774056663,0.09,0.04,0.05,False,False,False,5751.0250192166295,2026-09-04 15:25:00+00:00,29536.228241129713,SL,40.0,-26.87,-33.59,0.45,-60.9,5690.12,-1.0589416633818685
142,XAUUSD,SELL,2026-09-04 18:00:00+00:00,4430.99,4452.554392467987,4400.799850544819,4383.548336570429,4452.554392467987,21.564392467986853,30.19014945518159,47.44166342957108,0.03,0.01,0.02,False,False,False,5690.120436233375,2026-09-04 21:00:00+00:00,4432.69,EOD_EXIT,180.0,-1.7,-3.4,0.15,-5.25,5684.87,-0.09226518241282224
144,XAUUSD,SELL,2026-09-07 06:50:00+00:00,4395.9,4413.497570662456,4371.263401072561,4357.185344542595,4413.497570662456,17.597570662456796,24.636598927439515,38.71465545740495,0.03,0.01,0.02,False,False,False,5684.870436233376,2026-09-07 09:00:00+00:00,4413.497570662456,SL,130.0,-17.6,-35.2,0.15,-52.94,5631.93,-0.9312437388648114
143,NAS100,BUY,2026-09-07 06:00:00+00:00,29579.0,29510.655144719127,29681.51728292131,29715.68971056175,29510.655144719127,68.3448552808749,102.51728292131234,136.6897105617498,0.08,0.04,0.04,False,False,False,5684.870436233376,2026-09-07 23:00:00+00:00,29570.2,EOD_EXIT,1020.0,-3.52,-3.52,0.4,-7.44,5624.49,-0.13087369507280314
146,NAS100,SELL,2026-09-08 12:10:00+00:00,29523.800000000003,29598.352496904816,29411.971254642784,29374.695006190377,29598.352496904816,74.55249690481259,111.82874535721888,149.10499380962517,0.08,0.04,0.04,False,False,False,5624.487724246005,2026-09-08 13:30:00+00:00,29598.352496904816,SL,80.0,-29.82,-29.82,0.4,-60.04,5564.45,-1.0674749940546577
145,XAUUSD,SELL,2026-09-08 11:35:00+00:00,4394.52,4408.884364312204,4374.409889962916,4362.918398513153,4408.884364312204,14.364364312203344,20.11011003708468,31.60160148684736,0.04,0.02,0.02,False,False,False,5624.487724246005,2026-09-08 13:55:00+00:00,4408.884364312204,SL,140.0,-28.73,-28.73,0.2,-57.66,5506.79,-1.0251600292670147
147,XAUUSD,SELL,2026-09-08 14:40:00+00:00,4396.21,4411.178938190201,4375.253486533719,4363.2783359815585,4396.21,14.968938190200737,20.95651346628103,32.93166401844162,0.04,0.02,0.02,True,True,True,5506.788269473342,2026-09-08 19:45:00+00:00,4363.2783359815585,FULL_TP2,305.0,41.91,65.86,0.2,107.58,5614.36,1.9535888204811755
