trade_id,symbol,direction,signal_time,entry_time,exit_time,duration_minutes,planned_entry,actual_entry,entry_spread,entry_slippage,stop_loss,tp1_price,tp2_price,tp1_hit,tp2_hit,be_hit,exit_reason,lots,partial_pnl,runner_pnl,gross_pnl,commission,net_pnl,return_pct,account_balance,r_multiple,adx_1h,atr_1h,trade_date
1,XAUUSD,BUY,2026-07-02 08:55:00+00:00,2026-07-02 08:55:00.161000+00:00,2026-07-02 15:30:10.138000+00:00,395.1662833333333,4066.05,4064.33,0.27999999999974534,-1.7200000000002547,4046.4806917688306,4091.1039623467536,4100.0286164623385,True,True,False,TP1 (1.5R) + TP2 (2.0R) Full Win,0.56,750.119999999999,1000.4400000000134,1750.5600000000122,2.8000000000000003,1747.7600000000123,1.7477600000000124,101747.76000000001,1.7477599999982645,25.176506707017754,19.83256470129913,2026-07-02
2,XAUUSD,BUY,2026-07-02 10:40:00+00:00,2026-07-02 10:40:00.121000+00:00,2026-07-02 15:30:32.881000+00:00,290.546,4074.41,4070.97,0.27999999999974534,-3.4400000000000546,4053.817591372104,4096.698612941844,4105.274817255791,True,True,False,TP1 (1.5R) + TP2 (2.0R) Full Win,0.59,792.6000000000158,997.6000000000025,1790.2000000000185,2.9499999999999997,1787.2500000000184,1.7565497265001395,103535.01000000002,1.756549726498413,25.14118486940025,19.058231808773236,2026-07-02
3,XAUUSD,BUY,2026-07-02 11:10:00+00:00,2026-07-02 11:10:00.078000+00:00,2026-07-02 15:30:32.881000+00:00,260.54671666666667,4069.9,4071.45,0.25999999999976353,1.5499999999997272,4054.5661919883823,4096.7757120174265,4105.217616023235,True,True,False,TP1 (1.5R) + TP2 (2.0R) Full Win,0.61,778.2000000000153,1051.5200000000023,1829.7200000000175,3.05,1826.6700000000176,1.7643017564783325,105361.68000000004,1.7643017564766283,25.00948752303084,18.759786679575157,2026-07-02
4,XAUUSD,BUY,2026-07-02 14:40:00+00:00,2026-07-02 14:40:00.029000+00:00,2026-07-02 15:30:10.133000+00:00,50.1684,4071.11,4067.09,0.2800000000002001,-4.019999999999982,4051.2719485417188,4090.817077187422,4098.726102916563,True,True,False,TP1 (1.5R) + TP2 (2.0R) Full Win,0.67,806.8200000000006,1061.2799999999952,1868.0999999999958,3.35,1864.749999999996,1.769855985591721,107226.43000000004,1.769855985590041,25.028997699044833,17.575612731423707,2026-07-02
5,XAUUSD,BUY,2026-07-02 15:20:00+00:00,2026-07-02 15:20:00.058000+00:00,2026-07-02 15:30:09.470000+00:00,10.156866666666668,4067.31,4062.35,0.27999999999974534,-4.960000000000036,4046.7071665030244,4085.814250245463,4093.635666993951,True,True,False,TP1 (1.5R) + TP2 (2.0R) Full Win,0.69,808.1799999999994,1102.4999999999998,1910.6799999999992,3.4499999999999997,1907.229999999999,1.7786939283532972,109133.66000000003,1.7786939283516385,24.571328615583802,17.38092610775058,2026-07-02
6,XAUUSD,BUY,2026-07-03 07:15:00+00:00,2026-07-03 07:15:00.143000+00:00,2026-07-03 17:08:41.352000+00:00,593.6868166666667,4181.27,4177.96,0.27999999999974534,-3.3100000000004,4159.566752821428,4205.549870767858,4214.746494357144,False,False,False,SL Hit,0.59,-557.0999999999913,-538.5299999999916,-1095.6299999999828,2.9499999999999997,-1098.5799999999829,-1.0066371823321811,108035.08000000005,-1.0066371823312588,43.041639288307486,20.436941309524673,2026-07-03
7,XAUUSD,BUY,2026-07-03 08:00:00+00:00,2026-07-03 08:00:00.176000+00:00,2026-07-03 09:15:00.711000+00:00,75.00891666666666,4180.64,4179.02,0.27000000000043656,-1.6199999999998909,4161.319556191326,4205.570665713011,4214.420887617349,False,False,False,SL Hit,0.61,-531.6000000000076,-549.3200000000079,-1080.9200000000155,3.05,-1083.9700000000155,-1.003350022974033,106951.11000000003,-1.0033500229731045,44.479460471950745,19.66715978741576,2026-07-03
8,XAUUSD,BUY,2026-07-03 10:05:00+00:00,2026-07-03 10:05:00.244000+00:00,2026-07-03 17:08:41.405000+00:00,423.68601666666666,4180.27,4175.17,0.27999999999974534,-5.100000000000364,4158.240448960888,4200.564326558668,4209.029102078224,False,False,False,SL Hit,0.63,-542.7200000000012,-525.7600000000011,-1068.4800000000023,3.15,-1071.6300000000024,-1.0019811856090153,105879.48000000003,-1.0019811856080783,45.50174953488631,18.810612265679943,2026-07-03
9,XAUUSD,BUY,2026-07-03 13:15:00+00:00,2026-07-03 13:15:00.104000+00:00,2026-07-03 16:48:47.326000+00:00,213.78703333333334,4180.32,4179.98,0.27999999999974534,-0.3400000000001455,4164.2785045069495,4203.532243239574,4211.3829909861,False,False,False,SL Hit,0.67,-534.8199999999852,-519.0899999999856,-1053.9099999999708,3.35,-1057.2599999999707,-0.9985504273349004,104822.22000000006,-0.9985504273339573,45.823323232642345,17.446106103388708,2026-07-03
10,XAUUSD,BUY,2026-07-03 18:00:00+00:00,2026-07-03 18:00:00.156000+00:00,2026-07-03 18:00:00.156000+00:00,0.0,4171.64,4170.11,0.27999999999974534,-1.5300000000006548,4155.63139258549,4191.8279111217635,4199.067214829018,False,False,False,EOD,0.72,0.0,0.0,0.0,3.5999999999999996,-3.5999999999999996,-0.0034343863352636473,104818.62000000005,-0.0034343863352603705,41.66011095216167,16.087341571676788,2026-07-03
11,XAUUSD,SELL,2026-07-06 11:30:00+00:00,2026-07-06 11:30:00.111000+00:00,2026-07-06 11:30:00.111000+00:00,0.0,4154.28,4155.39,0.26999999999952706,-1.110000000000582,4170.582705680686,4132.600941478972,4125.004588638631,True,False,False,EOD,0.69,775.2000000000063,0.0,775.2000000000063,3.4499999999999997,771.7500000000063,0.7362718570421991,105590.37000000005,0.7362718570414967,30.145303442836752,16.880784089650025,2026-07-06
12,XAUUSD,SELL,2026-07-06 15:25:00+00:00,2026-07-06 15:25:00.158000+00:00,2026-07-06 15:25:00.158000+00:00,0.0,4145.64,4147.06,0.27999999999974534,-1.4200000000000728,4161.5146952037185,4125.377957194422,4118.150609592563,False,False,False,EOD,0.73,0.0,0.0,0.0,3.65,-3.65,-0.0034567546263925375,105586.72000000006,-0.003456754626389264,24.06051782242933,16.060772448576,2026-07-06
13,XAUUSD,SELL,2026-07-07 10:55:00+00:00,2026-07-07 10:55:00.158000+00:00,2026-07-07 14:18:34.096000+00:00,203.56563333333332,4124.68,4126.75,0.27999999999974534,-2.069999999999709,4139.620058503302,4107.444912245046,4101.009882993395,False,False,False,SL Hit,0.82,-528.0800000000045,-528.0800000000045,-1056.160000000009,4.1,-1060.2600000000089,-1.0041603716831133,104526.46000000005,-1.0041603716821623,22.460886170531165,14.30006500366939,2026-07-07
14,XAUUSD,SELL,2026-07-07 11:50:00+00:00,2026-07-07 11:50:00.222000+00:00,2026-07-07 14:18:47.433000+00:00,148.78685,4123.94,4128.06,0.27999999999974534,-4.1200000000008,4140.602840038781,4109.245739941829,4102.974319922439,False,False,False,SL Hit,0.83,-527.0999999999694,-514.5499999999702,-1041.6499999999396,4.1499999999999995,-1045.7999999999397,-1.0005122148018206,103480.6600000001,-1.0005122148008636,23.59390767321146,13.936488931978722,2026-07-07
15,XAUUSD,SELL,2026-07-08 17:05:00+00:00,2026-07-08 17:05:00.051000+00:00,2026-07-08 18:16:25.309000+00:00,71.42096666666666,4063.63,4066.16,0.2800000000002001,-2.5299999999997453,4084.8711346820396,4038.09329797694,4028.73773063592,True,True,False,TP1 (1.5R) + TP2 (2.0R) Full Win,0.55,789.0399999999955,1011.1499999999952,1800.1899999999907,2.75,1797.4399999999907,1.7369815770405688,105278.1000000001,1.7369815770388901,23.049952136831266,20.790149646711,2026-07-08
16,XAUUSD,BUY,2026-07-09 14:45:00+00:00,2026-07-09 14:45:00.048000+00:00,2026-07-09 14:45:00.048000+00:00,0.0,4106.16,4106.49,0.27999999999974534,0.32999999999992724,4091.1493216637496,4129.501017504375,4137.1713566725,True,False,False,EOD,0.69,783.0200000000224,0.0,783.0200000000224,3.4499999999999997,779.5700000000223,0.74048638795725,106057.67000000011,0.7404863879565468,17.118001279775314,17.04519815138906,2026-07-09
17,XAUUSD,SELL,2026-07-10 14:25:00+00:00,2026-07-10 14:25:00.059000+00:00,2026-07-10 17:21:26.939000+00:00,176.44799999999998,4100.15,4107.64,0.27999999999974534,-7.490000000000691,4119.117729816239,4090.4234052756415,4084.684540367522,True,False,True,TP1 (1.5R) + BE Runner,0.92,793.96000000001,7.360000000035143,801.3200000000452,4.6000000000000005,796.7200000000452,0.7512139386053307,106854.39000000016,0.7512139386046224,16.040828553327053,12.75303312915455,2026-07-10
18,XAUUSD,SELL,2026-07-10 15:35:00+00:00,2026-07-10 15:35:00.065000+00:00,2026-07-10 17:33:06.792000+00:00,118.11211666666667,4101.14,4101.98,0.28000000000065484,-0.839999999999236,4113.418963400793,4084.8215548988096,4079.1020731984127,True,True,False,TP1 (1.5R) + TP2 (2.0R) Full Win,0.93,795.7999999999874,1082.4099999999878,1878.2099999999753,4.65,1873.5599999999752,1.7533767213494664,108727.95000000013,1.7533767213478255,16.13291953486848,12.709959334214915,2026-07-10
19,XAUUSD,SELL,2026-07-10 17:30:00+00:00,2026-07-10 17:30:00.041000+00:00,2026-07-10 17:33:06.130000+00:00,3.1014833333333334,4089.94,4105.62,0.27999999999974534,-15.679999999999836,4118.0264225241535,4087.01036621377,4080.807154951693,True,True,False,TP1 (1.5R) + TP2 (2.0R) Full Win,0.88,821.0399999999936,1100.0,1921.0399999999936,4.4,1916.6399999999935,1.7627850060632901,110644.59000000013,1.7627850060616692,15.410565675641292,13.784913915726063,2026-07-10
20,XAUUSD,SELL,2026-07-10 17:55:00+00:00,2026-07-10 17:55:00.021000+00:00,2026-07-10 17:55:00.021000+00:00,0.0,4092.73,4101.43,0.27999999999974534,-8.700000000000273,4113.836422524154,4082.8203662137703,4076.6171549516935,False,False,False,EOD,0.89,0.0,0.0,0.0,4.45,-4.45,-0.004021886655280656,110640.14000000013,-0.004021886655277021,15.410565675641292,13.784913915726063,2026-07-10
21,XAUUSD,SELL,2026-07-13 08:55:00+00:00,2026-07-13 08:55:00.206000+00:00,2026-07-13 11:11:07.017000+00:00,136.11351666666667,4053.62,4057.95,0.2800000000002001,-4.329999999999927,4073.451205608476,4034.698191587286,4026.947588783048,False,False,False,SL Hit,0.71,-559.0800000000072,-543.550000000007,-1102.6300000000142,3.55,-1106.1800000000142,-0.9997998917933517,109533.96000000012,-0.9997998917924481,27.00513804784124,17.223561787195422,2026-07-13
22,XAUUSD,SELL,2026-07-13 09:45:00+00:00,2026-07-13 09:45:00.030000+00:00,2026-07-13 11:15:15.150000+00:00,90.252,4056.4,4060.19,0.27999999999974534,-3.7899999999999636,4075.9584052078703,4036.537392188194,4028.653189584259,False,False,False,SL Hit,0.69,-536.1799999999994,-551.9499999999994,-1088.1299999999987,3.4499999999999997,-1091.5799999999988,-0.9965676398442982,108442.38000000012,-0.9965676398433884,27.220137859445867,17.520450230967153,2026-07-13
23,XAUUSD,SELL,2026-07-13 13:05:00+00:00,2026-07-13 13:05:00.021000+00:00,2026-07-13 17:03:01.642000+00:00,238.02701666666664,4069.08,4070.2,0.2800000000002001,-1.1199999999998909,4085.4492301942414,4047.326154708637,4039.7015396115166,True,True,False,TP1 (1.5R) + TP2 (2.0R) Full Win,0.71,831.5999999999967,1071.6999999999962,1903.299999999993,3.55,1899.749999999993,1.7518519973464164,110342.13000000012,1.751851997344801,26.220069527448274,16.943589104712967,2026-07-13
24,XAUUSD,SELL,2026-07-13 16:30:00+00:00,2026-07-13 16:30:00.044000+00:00,2026-07-13 17:07:15.705000+00:00,37.26101666666667,4058.41,4062.22,0.2800000000002001,-3.8099999999999454,4077.46733007899,4039.3490048815147,4031.7253398420194,True,True,False,TP1 (1.5R) + TP2 (2.0R) Full Win,0.72,824.0399999999953,1105.1999999999935,1929.2399999999889,3.5999999999999996,1925.639999999989,1.7451539135595686,112267.7700000001,1.7451539135579868,27.08808331818971,16.94147786554463,2026-07-13
25,XAUUSD,SELL,2026-07-15 10:20:00+00:00,2026-07-15 10:20:00.071000+00:00,2026-07-15 15:30:01.401000+00:00,310.0221666666667,4025.89,4029.24,0.2800000000002001,-3.349999999999909,4042.885928463966,4008.7711073040505,4001.948143072067,False,False,False,SL Hit,0.82,-566.6200000000066,-566.6200000000066,-1133.2400000000132,4.1,-1137.340000000013,-1.0130601151158627,111130.4300000001,-1.0130601151149603,23.27574483764905,15.162142737740306,2026-07-15
26,XAUUSD,SELL,2026-07-15 14:00:00+00:00,2026-07-15 14:00:00.095000+00:00,2026-07-15 15:01:15.652000+00:00,61.25928333333333,4028.87,4027.86,0.27999999999974534,1.0099999999997635,4040.777618957188,4008.483571564218,4002.024762085624,False,False,False,SL Hit,0.86,-558.5699999999906,-558.5699999999906,-1117.1399999999812,4.3,-1121.4399999999812,-1.0091205442109603,110008.9900000001,-1.0091205442100522,20.16461851667273,14.352909952431313,2026-07-15
27,XAUUSD,SELL,2026-07-16 07:15:00+00:00,2026-07-16 07:15:00.623000+00:00,2026-07-16 15:41:05.571000+00:00,506.0824666666667,4033.3,4036.89,0.2800000000002001,-3.5899999999996908,4050.962010146385,4015.781984780422,4008.7459797072297,True,True,False,TP1 (1.5R) + TP2 (2.0R) Full Win,0.78,824.459999999995,1099.0199999999936,1923.4799999999886,3.9000000000000004,1919.5799999999886,1.7449301188929982,111928.5700000001,1.7449301188914121,16.87239804651608,15.635566829316764,2026-07-16
28,XAUUSD,SELL,2026-07-16 11:10:00+00:00,2026-07-16 11:10:00.168000+00:00,2026-07-16 14:48:48.633000+00:00,218.80775,4025.77,4028.4,0.27999999999974534,-2.630000000000109,4041.052152118672,4009.421771821992,4003.095695762656,False,False,False,SL Hit,0.88,-557.9199999999928,-557.9199999999928,-1115.8399999999856,4.4,-1120.2399999999857,-1.0008525973305875,110808.3300000001,-1.0008525973296931,17.067675411974662,14.05794679852449,2026-07-16
29,XAUUSD,SELL,2026-07-16 13:10:00+00:00,2026-07-16 13:10:00.090000+00:00,2026-07-16 15:41:08.835000+00:00,151.14575000000002,4031.75,4032.34,0.27999999999974534,-0.5900000000001455,4044.3844015717123,4014.273397642432,4008.251196856576,True,True,False,TP1 (1.5R) + TP2 (2.0R) Full Win,0.92,831.6799999999967,1108.6000000000167,1940.2800000000134,4.6000000000000005,1935.6800000000135,1.7468722793674551,112744.01000000011,1.7468722793658786,16.103145224610742,13.382668413013468,2026-07-16
30,XAUUSD,SELL,2026-07-16 13:45:00+00:00,2026-07-16 13:45:00.040000+00:00,2026-07-16 15:40:58.924000+00:00,115.9814,4030.88,4033.02,0.2699999999999818,-2.1399999999998727,4045.064401571712,4014.953397642432,4008.9311968565758,True,True,False,TP1 (1.5R) + TP2 (2.0R) Full Win,0.94,855.8700000000016,1132.2300000000068,1988.1000000000085,4.699999999999999,1983.4000000000085,1.7592065423254029,114727.41000000012,1.7592065423238425,16.103145224610742,13.382668413013468,2026-07-16
31,XAUUSD,BUY,2026-07-21 13:15:00+00:00,2026-07-21 13:15:00.105000+00:00,2026-07-21 15:41:43.035000+00:00,146.7155,4067.37,4066.63,0.2800000000002001,-0.7399999999997817,4053.344197521879,4086.5587037171817,4093.201604956242,False,False,False,SL Hit,0.86,-572.760000000007,-572.760000000007,-1145.520000000014,4.3,-1149.820000000014,-1.0022190860928637,113577.59000000011,-1.0022190860919902,28.987814055626067,14.762002753467797,2026-07-21
32,XAUUSD,BUY,2026-07-21 17:10:00+00:00,2026-07-21 17:10:00.059000+00:00,2026-07-21 17:10:00.059000+00:00,0.0,4065.83,4055.3,0.2800000000002001,-10.529999999999745,4042.4206876932108,4074.618968460184,4081.0586246135786,True,False,False,EOD,0.88,855.3599999999824,0.0,855.3599999999824,4.4,850.9599999999824,0.7492323089440281,114428.55000000009,0.7492323089433683,29.734029038403186,14.310347007543562,2026-07-21
33,XAUUSD,BUY,2026-07-22 08:40:00+00:00,2026-07-22 08:40:00.029000+00:00,2026-07-22 09:26:40.030000+00:00,46.66668333333334,4132.5,4132.79,0.2600000000002183,0.2899999999999636,4120.469596281853,4151.27060557722,4157.4308074362925,False,False,False,SL Hit,0.93,-567.1799999999967,-579.5099999999965,-1146.6899999999932,4.65,-1151.3399999999933,-1.0061649824278927,113277.2100000001,-1.0061649824270134,42.427635988590104,13.689337464607206,2026-07-22
34,XAUUSD,BUY,2026-07-22 12:00:00+00:00,2026-07-22 12:00:00.040000+00:00,2026-07-22 15:56:55.845000+00:00,236.93008333333333,4119.88,4118.6,0.28000000000065484,-1.2799999999997453,4106.19168371007,4137.212474434897,4143.416632579862,False,False,False,SL Hit,0.91,-570.8600000000351,-558.4500000000344,-1129.3100000000695,4.55,-1133.8600000000695,-1.0009603873542334,112143.35000000002,-1.0009603873533497,43.49051909619028,13.787018099923134,2026-07-22
35,XAUUSD,BUY,2026-07-22 13:20:00+00:00,2026-07-22 13:20:00.094000+00:00,2026-07-22 16:31:30.516000+00:00,191.50703333333334,4121.41,4117.83,0.27999999999974534,-3.5799999999999272,4105.7223491593495,4135.991476260975,4142.0453016813,True,True,False,TP1 (1.5R) + TP2 (2.0R) Full Win,0.93,841.3399999999983,1139.75,1981.0899999999983,4.65,1976.4399999999982,1.762422827568463,114119.79000000002,1.7624228275668912,43.36938167335334,13.45294537850003,2026-07-22
36,XAUUSD,BUY,2026-07-22 16:15:00+00:00,2026-07-22 16:15:00.106000+00:00,2026-07-22 16:58:01.801000+00:00,43.02825,4130.58,4125.87,0.27999999999974534,-4.710000000000036,4113.336476349523,4144.670285475715,4150.937047300953,True,True,False,TP1 (1.5R) + TP2 (2.0R) Full Win,0.91,866.1799999999968,1129.0500000000065,1995.2300000000032,4.55,1990.6800000000032,1.744377552745236,116110.47000000003,1.7443775527437075,43.08732788848333,13.92613738941866,2026-07-22
37,XAUUSD,BUY,2026-07-23 06:00:00+00:00,2026-07-23 06:00:00.076000+00:00,2026-07-23 10:01:51.966000+00:00,241.86483333333334,4126.14,4128.26,0.28000000000065484,2.119999999999891,4114.288258084083,4149.217612873876,4156.203483831834,False,False,False,SL Hit,0.83,-587.1600000000197,-573.1800000000194,-1160.3400000000393,4.1499999999999995,-1164.4900000000393,-1.00291558547652,114945.98,-1.0029155854756562,32.70909602393424,15.524157684352272,2026-07-23
38,XAUUSD,BUY,2026-07-23 08:35:00+00:00,2026-07-23 08:35:00.003000+00:00,2026-07-23 10:01:48.759000+00:00,86.8126,4126.17,4127.8,0.27999999999974534,1.6300000000001091,4114.524436817398,4147.713344773903,4154.351126365204,False,False,False,SL Hit,0.87,-584.3199999999888,-571.039999999989,-1155.3599999999778,4.35,-1159.7099999999778,-1.0089174062459407,113786.27000000002,-1.008917406245063,28.56683024469699,14.750625758446617,2026-07-23
39,XAUUSD,BUY,2026-07-27 12:45:00+00:00,2026-07-27 12:45:00.032000+00:00,2026-07-27 15:20:47.401000+00:00,155.78948333333335,4097.2,4094.42,0.2800000000002001,-2.7799999999997453,4082.000633062016,4113.049050406977,4119.258733875969,False,False,False,SL Hit,0.92,-571.7800000000135,-571.7800000000135,-1143.560000000027,4.6000000000000005,-1148.160000000027,-1.009049685871614,112638.10999999999,-1.0090496858707274,31.59838119165314,13.799296597760234,2026-07-27
40,XAUUSD,BUY,2026-07-27 13:35:00+00:00,2026-07-27 13:35:00.107000+00:00,2026-07-27 15:19:32.948000+00:00,104.54735000000001,4097.98,4096.18,0.2800000000002001,-1.7999999999992724,4084.0055164147293,4114.441725377907,4120.528967170542,False,False,False,SL Hit,0.93,-563.5000000000209,-575.7500000000214,-1139.2500000000423,4.65,-1143.9000000000424,-1.0155532616802985,111494.20999999995,-1.015553261679397,31.953231257025273,13.52720398363452,2026-07-27
41,XAUUSD,SELL,2026-07-28 07:10:00+00:00,2026-07-28 07:10:00.040000+00:00,2026-07-28 12:57:43.052000+00:00,347.71686666666665,4043.97,4046.26,0.25999999999976353,-2.2900000000004184,4057.5137695385174,4029.3793456922244,4023.752460922966,True,True,False,TP1 (1.5R) + TP2 (2.0R) Full Win,0.99,845.0000000000045,1102.9900000000107,1947.9900000000152,4.95,1943.0400000000152,1.7427272680796753,113437.24999999996,1.742727268078112,19.266810505254824,12.50418837613023,2026-07-28
42,XAUUSD,SELL,2026-07-28 11:10:00+00:00,2026-07-28 11:10:00.295000+00:00,2026-07-28 12:57:42.229000+00:00,107.69890000000001,4044.36,4048.41,0.2800000000002001,-4.049999999999727,4058.828101020137,4032.7828484697943,4027.5737979597257,True,True,False,TP1 (1.5R) + TP2 (2.0R) Full Win,1.09,864.0500000000021,1125.3599999999833,1989.4099999999853,5.45,1983.9599999999853,1.7489493089791812,115421.20999999995,1.7489493089776393,21.07729313402958,11.575667800152404,2026-07-28
43,XAUUSD,SELL,2026-07-28 11:30:00+00:00,2026-07-28 11:30:00+00:00,2026-07-28 12:51:02.470000+00:00,81.04116666666667,4045.65,4049.48,0.2800000000002001,-3.8299999999999272,4059.8981010201373,4033.8528484697945,4028.643797959726,True,True,False,TP1 (1.5R) + TP2 (2.0R) Full Win,1.11,875.2800000000062,1146.7499999999952,2022.0300000000016,5.550000000000001,2016.4800000000016,1.747061913490599,117437.68999999994,1.7470619134890852,21.07729313402958,11.575667800152404,2026-07-28
44,XAUUSD,SELL,2026-07-28 16:35:00+00:00,2026-07-28 16:35:00.052000+00:00,2026-07-28 18:10:00.676000+00:00,95.01039999999999,4021.9,4031.11,0.27999999999974534,-9.210000000000036,4042.530631405571,4013.9790528916437,4008.2687371888583,True,False,True,TP1 (1.5R) + BE Runner,1.03,897.5200000000115,13.769999999999072,911.2900000000105,5.15,906.1400000000106,0.771592152400146,118343.82999999996,0.7715921523994889,26.527830529231935,12.689590450634395,2026-07-28
45,XAUUSD,BUY,2026-07-30 15:35:00+00:00,2026-07-30 15:35:00.153000+00:00,2026-07-30 16:59:07.391000+00:00,84.12063333333334,4077.93,4073.7,0.27999999999974534,-4.230000000000018,4055.4370000152167,4101.094499977175,4110.225999969566,True,True,False,TP1 (1.5R) + TP2 (2.0R) Full Win,0.65,877.4400000000023,1209.1200000000108,2086.560000000013,3.25,2083.310000000013,1.7603875081616118,120427.13999999997,1.7603875081601241,25.94523483588185,20.292222205314694,2026-07-30
46,XAUUSD,BUY,2026-07-30 16:25:00+00:00,2026-07-30 16:25:00.070000+00:00,2026-07-30 17:00:33.190000+00:00,35.552,4079.97,4082.64,0.25999999999976353,2.6700000000000728,4064.41250001413,4109.981249978805,4119.09499997174,True,True,False,TP1 (1.5R) + TP2 (2.0R) Full Win,0.66,904.8600000000174,1204.500000000015,2109.3600000000324,3.3000000000000003,2106.0600000000322,1.7488250572088921,122533.2,1.7488250572074402,25.607425681206838,20.252777762077915,2026-07-30
47,XAUUSD,SELL,2026-07-31 14:35:00+00:00,2026-07-31 14:35:00.106000+00:00,2026-07-31 16:39:39.925000+00:00,124.66365,4053.15,4054.43,0.2800000000002001,-1.2799999999997453,4068.05275012661,4033.9958748100844,4027.1844997467792,True,True,False,TP1 (1.5R) + TP2 (2.0R) Full Win,0.9,920.7000000000016,1232.0999999999844,2152.799999999986,4.5,2148.299999999986,1.7532391221317865,124681.49999999999,1.7532391221303554,18.685832719778983,15.136389029567052,2026-07-31
48,XAUUSD,SELL,2026-07-31 15:20:00+00:00,2026-07-31 15:20:00.063000+00:00,2026-07-31 16:39:33.275000+00:00,79.55353333333333,4050.64,4056.54,0.2800000000002001,-5.900000000000091,4069.871125117567,4036.54331232365,4029.8777497648666,True,True,False,TP1 (1.5R) + TP2 (2.0R) Full Win,0.94,939.9999999999999,1263.8299999999938,2203.8299999999936,4.699999999999999,2199.1299999999937,1.7637981577058297,126880.62999999998,1.763798157704415,18.134534335230637,14.81236124174083,2026-07-31
49,XAUUSD,BUY,2026-08-05 14:00:00+00:00,2026-08-05 14:00:00.066000+00:00,2026-08-05 14:58:12.727000+00:00,58.211016666666666,4163.97,4161.43,0.28000000000065484,-2.5399999999999636,4146.381537017299,4184.002694474053,4191.526925965403,True,True,False,TP1 (1.5R) + TP2 (2.0R) Full Win,0.84,949.199999999977,1264.6199999999862,2213.8199999999633,4.2,2209.6199999999635,1.7414951360187634,129090.24999999994,1.741495136017391,40.94331553561427,16.720514425223897,2026-08-05
50,XAUUSD,BUY,2026-08-07 15:30:00+00:00,2026-08-07 15:30:00.325000+00:00,2026-08-07 15:30:07.367000+00:00,0.11736666666666666,4359.81,4310.67,1.569999999999709,-49.14000000000033,4294.447856844661,4335.0032147330085,4343.114286310679,True,True,False,TP1 (1.5R) + TP2 (2.0R) Full Win,0.8,982.7999999999884,1305.9999999999854,2288.799999999974,4.0,2284.799999999974,1.7699245295442336,131375.04999999993,1.7699245295428623,28.23214944318506,18.024603505932404,2026-08-07
51,XAUUSD,BUY,2026-08-07 17:20:00+00:00,2026-08-07 17:20:00.063000+00:00,2026-08-07 17:20:00.063000+00:00,0.0,4351.25,4346.28,0.27999999999974534,-4.970000000000255,4326.193662279325,4376.4095065810125,4386.45267544135,False,False,False,EOD,0.65,0.0,0.0,0.0,3.25,-3.25,-0.002473833501871171,131371.79999999993,-0.002473833501869288,32.8749717159815,22.318153022972332,2026-08-07
52,XAUUSD,BUY,2026-08-07 18:10:00+00:00,2026-08-07 18:10:00.072000+00:00,2026-08-07 18:10:00.072000+00:00,0.0,4355.33,4348.84,0.27999999999974534,-6.489999999999782,4328.545900687945,4379.2811489680835,4389.428198624111,False,False,False,EOD,0.65,0.0,0.0,0.0,3.25,-3.25,-0.002473894701907108,131368.54999999993,-0.0024738947019052244,33.95158404363311,22.54899923561718,2026-08-07
53,XAUUSD,BUY,2026-08-10 17:25:00+00:00,2026-08-10 17:25:00.085000+00:00,2026-08-10 17:25:00.085000+00:00,0.0,4345.39,4338.7,0.27999999999974534,-6.690000000000509,4323.7031033035,4361.195345044749,4368.693793392999,False,False,False,EOD,0.88,0.0,0.0,0.0,4.4,-4.4,-0.003349355686730197,131364.14999999994,-0.0033493556867276474,26.360946615565968,16.66321855166628,2026-08-10
54,XAUUSD,BUY,2026-08-11 17:50:00+00:00,2026-08-11 17:50:00.024000+00:00,2026-08-11 17:50:00.024000+00:00,0.0,4395.16,4393.84,0.27999999999974534,-1.319999999999709,4377.76224079684,4417.95663880474,4425.99551840632,False,False,False,EOD,0.82,0.0,0.0,0.0,4.1,-4.1,-0.0031210950628462954,131360.04999999993,-0.0031210950628439193,26.99932878109216,17.864176892399914,2026-08-11
55,XAUUSD,BUY,2026-08-12 08:05:00+00:00,2026-08-12 08:05:00.191000+00:00,2026-08-12 08:44:59.399000+00:00,39.9868,4404.36,4401.99,0.27999999999974534,-2.369999999999891,4387.950480746753,4423.04927887987,4430.069038506494,False,False,False,SL Hit,0.94,-660.8199999999761,-660.8199999999761,-1321.6399999999521,4.699999999999999,-1326.3399999999522,-1.0096981540429932,130033.70999999998,-1.0096981540422245,19.603332167453836,15.599465836940858,2026-08-12
56,XAUUSD,BUY,2026-08-12 09:50:00+00:00,2026-08-12 09:50:00.066000+00:00,2026-08-12 15:30:00.795000+00:00,340.01214999999996,4401.2,4400.21,0.27999999999974534,-0.9899999999997817,4385.838089264842,4421.767866102737,4428.953821470315,True,True,False,TP1 (1.5R) + TP2 (2.0R) Full Win,0.9,972.0000000000164,1297.8000000000065,2269.800000000023,4.5,2265.300000000023,1.7420867250500067,132299.01,1.7420867250486671,19.149967554543647,15.968789705730764,2026-08-12
57,XAUUSD,BUY,2026-08-12 14:50:00+00:00,2026-08-12 14:50:00.073000+00:00,2026-08-12 15:30:07.225000+00:00,40.1192,4414.18,4413.71,0.2600000000002183,-0.47000000000025466,4399.387812729464,4435.193280905804,4442.3543745410725,False,False,False,SL Hit,0.92,-661.019999999995,-661.019999999995,-1322.03999999999,4.6000000000000005,-1326.6399999999899,-1.0027588263887914,130972.37000000002,-1.0027588263880334,20.255405653091877,15.913541411706905,2026-08-12
58,XAUUSD,BUY,2026-08-12 15:25:00+00:00,2026-08-12 15:25:00.124000+00:00,2026-08-12 15:30:07.017000+00:00,5.114883333333333,4426.18,4406.92,0.27999999999974534,-19.26000000000022,4393.048683248788,4427.726975126819,4434.662633502425,True,False,True,TP1 (1.5R) + BE Runner,0.94,979.9500000000171,0.9399999999777718,980.8899999999949,4.699999999999999,976.1899999999948,0.7453404103476136,131948.56000000003,0.7453404103470445,20.94570098104139,15.412574168013595,2026-08-12
59,XAUUSD,BUY,2026-08-12 16:45:00+00:00,2026-08-12 16:45:00.021000+00:00,2026-08-12 16:45:00.021000+00:00,0.0,4427.9,4416.9,0.27999999999974534,-11.0,4400.388634445302,4441.667048332045,4449.922731109394,False,False,False,EOD,0.8,0.0,0.0,0.0,4.0,-4.0,-0.003031484390583724,131944.56000000003,-0.0030314843905814267,19.620802965266016,18.345961727441228,2026-08-12
60,XAUUSD,SELL,2026-08-14 08:05:00+00:00,2026-08-14 08:05:00.004000+00:00,2026-08-14 10:45:03.441000+00:00,160.05728333333334,4319.89,4325.11,0.2600000000002183,-5.219999999999345,4340.74695598343,4301.654566024854,4293.836088033138,False,False,False,SL Hit,0.84,-658.140000000003,-658.140000000003,-1316.280000000006,4.2,-1320.4800000000062,-1.000783965629205,130624.08000000002,-1.0007839656284467,24.194342046614867,17.374395537145126,2026-08-14
61,XAUUSD,BUY,2026-08-17 06:50:00+00:00,2026-08-17 06:50:00.162000+00:00,2026-08-17 15:42:10.618000+00:00,532.1742666666667,4395.01,4395.15,0.27999999999974534,0.13999999999941792,4380.21573634519,4417.5513954822145,4425.0185273096195,False,False,False,SL Hit,0.87,-661.7599999999984,-646.7199999999984,-1308.4799999999968,4.35,-1312.8299999999967,-1.005044399164378,129311.25000000001,-1.0050443991636087,24.024404883956773,16.593626283121928,2026-08-17
62,XAUUSD,BUY,2026-08-17 07:45:00+00:00,2026-08-17 07:45:00.049000+00:00,2026-08-17 15:39:47.291000+00:00,474.7873666666666,4395.93,4395.94,0.27999999999974534,0.009999999999308784,4381.443755177676,4417.684367233484,4424.932489644646,False,False,False,SL Hit,0.89,-638.4399999999696,-652.9499999999689,-1291.3899999999385,4.45,-1295.8399999999385,-1.0021092519018557,128015.41000000008,-1.0021092519010808,24.83700972963697,16.106938691470344,2026-08-17
63,XAUUSD,BUY,2026-08-17 08:25:00+00:00,2026-08-17 08:25:00.110000+00:00,2026-08-17 15:39:47.291000+00:00,434.78635,4399.42,4395.59,0.27999999999974534,-3.8299999999999272,4381.438772664986,4416.816841002522,4423.892454670029,False,False,False,SL Hit,0.9,-637.1999999999935,-637.1999999999935,-1274.399999999987,4.5,-1278.899999999987,-0.9990203523153862,126736.5100000001,-0.9990203523146057,25.699717008363518,15.72358592779394,2026-08-17
64,XAUUSD,BUY,2026-08-17 13:25:00+00:00,2026-08-17 13:25:00.128000+00:00,2026-08-17 15:26:39.609000+00:00,121.65801666666667,4405.1,4396.9,0.27999999999974534,-8.200000000000728,4383.712469185273,4416.681296222089,4423.275061629453,False,False,False,SL Hit,0.96,-646.0800000000017,-646.0800000000017,-1292.1600000000035,4.8,-1296.9600000000034,-1.0233515188322626,125439.55000000009,-1.0233515188314553,29.126007945007693,14.652812016362974,2026-08-17
65,XAUUSD,BUY,2026-08-17 16:50:00+00:00,2026-08-17 16:50:00.096000+00:00,2026-08-17 17:22:51.602000+00:00,32.85843333333334,4401.52,4395.59,0.27999999999974534,-5.930000000000291,4382.1266992711535,4415.78495109327,4422.516601457693,True,True,False,TP1 (1.5R) + TP2 (2.0R) Full Win,0.93,931.5000000000001,1269.4700000000103,2200.9700000000103,4.65,2196.32000000001,1.7508991382701935,127635.8700000001,1.7508991382687977,29.16205801980729,14.959223032051515,2026-08-17
66,XAUUSD,SELL,2026-08-18 11:05:00+00:00,2026-08-18 11:05:00.012000+00:00,2026-08-18 17:59:03.839000+00:00,414.06378333333333,4390.81,4394.33,0.27999999999974534,-3.519999999999527,4407.414653944969,4374.703019082546,4368.160692110061,True,True,False,TP1 (1.5R) + TP2 (2.0R) Full Win,0.98,971.1799999999859,1282.3300000000036,2253.5099999999893,4.9,2248.609999999989,1.7617382950419715,129884.48000000008,1.7617382950405915,17.520910122029147,14.538504383299129,2026-08-18
67,XAUUSD,SELL,2026-08-18 13:25:00+00:00,2026-08-18 13:25:00.128000+00:00,2026-08-18 16:41:35.210000+00:00,196.5847,4392.03,4391.68,0.27999999999974534,0.3499999999994543,4404.17010467704,4372.944842984441,4366.699790645921,False,False,False,SL Hit,1.04,-652.0799999999982,-652.0799999999982,-1304.1599999999964,5.2,-1309.3599999999965,-1.0080958094454362,128575.12000000008,-1.0080958094446602,17.532492140216462,13.877894085599754,2026-08-18
68,XAUUSD,SELL,2026-08-18 14:20:00+00:00,2026-08-18 14:20:00.018000+00:00,2026-08-18 16:41:35.330000+00:00,141.58853333333334,4390.05,4393.05,0.26999999999952706,-3.0,4405.280525771537,4374.704211342695,4368.588948456926,False,False,False,SL Hit,1.05,-640.1199999999735,-652.429999999973,-1292.5499999999465,5.25,-1297.7999999999465,-1.009371019836455,127277.32000000014,-1.0093710198356698,17.03875899526571,13.589473079485497,2026-08-18
69,XAUUSD,SELL,2026-08-18 15:05:00+00:00,2026-08-18 15:05:00.008000+00:00,2026-08-18 16:32:11.612000+00:00,87.19340000000001,4391.15,4396.53,0.27000000000043656,-5.380000000000109,4408.558059644998,4378.487910532502,4372.473880710002,True,False,True,TP1 (1.5R) + BE Runner,1.06,967.7799999999634,13.779999999963366,981.5599999999267,5.300000000000001,976.2599999999268,0.7670337496106343,128253.58000000006,0.7670337496100316,16.67348419979179,13.364510716665142,2026-08-18
70,XAUUSD,SELL,2026-08-18 16:05:00+00:00,2026-08-18 16:05:00.011000+00:00,2026-08-18 16:32:09.617000+00:00,27.1601,4389.04,4395.65,0.28000000000065484,-6.609999999999673,4407.554341098927,4377.793488351609,4371.841317802145,True,False,True,TP1 (1.5R) + BE Runner,1.08,984.4199999999764,8.639999999992142,993.0599999999686,5.4,987.6599999999686,0.7700837668624674,129241.24000000003,0.770083766861867,16.126102175337195,13.227045665474812,2026-08-18
71,XAUUSD,SELL,2026-08-18 17:30:00+00:00,2026-08-18 17:30:00.043000+00:00,2026-08-18 17:59:03.963000+00:00,29.065333333333335,4389.75,4394.17,0.27999999999974534,-4.420000000000073,4407.268959591861,4374.521560612208,4367.972080816277,True,True,False,TP1 (1.5R) + TP2 (2.0R) Full Win,0.99,982.9999999999927,1285.2700000000232,2268.270000000016,4.95,2263.320000000016,1.7512366795614274,131504.56000000006,1.7512366795600725,16.793396582510464,14.554399546512354,2026-08-18
72,XAUUSD,BUY,2026-08-21 08:40:00+00:00,2026-08-21 08:40:00.024000+00:00,2026-08-21 11:17:28.619000+00:00,157.4765833333333,4543.14,4536.51,0.28000000000065484,-6.630000000000109,4520.078787116606,4561.156819325091,4569.372425766788,True,True,False,TP1 (1.5R) + TP2 (2.0R) Full Win,0.8,986.800000000003,1315.5999999999767,2302.3999999999796,4.0,2298.3999999999796,1.7477720924658269,133802.96000000002,1.7477720924644977,28.441986372676013,18.256903203771095,2026-08-21
73,XAUUSD,BUY,2026-08-21 16:45:00+00:00,2026-08-21 16:45:00.040000+00:00,2026-08-21 16:45:00.040000+00:00,0.0,4589.82,4587.9,1.4899999999997817,-1.9200000000000728,4569.648208174617,4615.277687738073,4624.403583650765,False,False,False,EOD,0.73,0.0,0.0,0.0,3.65,-3.65,-0.0027278918194335905,133799.31000000003,-0.0027278918194315518,38.92508441938342,20.279768694869226,2026-08-21
74,XAUUSD,BUY,2026-08-21 17:00:00+00:00,2026-08-21 17:00:00.060000+00:00,2026-08-21 17:00:00.060000+00:00,0.0,4588.48,4581.22,0.28000000000065484,-7.259999999999309,4563.013836162146,4608.529245756783,4617.63232767571,False,False,False,EOD,0.73,0.0,0.0,0.0,3.65,-3.65,-0.0027279662354013625,133795.66000000003,-0.002727966235399324,38.56813948180884,20.229070930949977,2026-08-21
75,XAUUSD,BUY,2026-08-24 07:25:00+00:00,2026-08-24 07:25:00.004000+00:00,2026-08-24 16:11:33.856000+00:00,526.5642,4640.45,4638.04,0.27999999999974534,-2.4099999999998545,4618.424400352976,4667.463399470536,4677.271199294049,True,True,False,TP1 (1.5R) + TP2 (2.0R) Full Win,0.68,1004.3599999999989,1336.8799999999903,2341.2399999999893,3.4000000000000004,2337.8399999999892,1.7473212509284595,136133.50000000003,1.7473212509271536,42.367843745088564,21.795110718916174,2026-08-24
76,XAUUSD,BUY,2026-08-24 08:10:00+00:00,2026-08-24 08:10:00.189000+00:00,2026-08-24 16:11:42.408000+00:00,481.70365000000004,4643.28,4639.93,0.28000000000065484,-3.3499999999994543,4621.057871756335,4668.238192365498,4677.674256487332,True,True,False,TP1 (1.5R) + TP2 (2.0R) Full Win,0.72,1020.9599999999881,1360.7999999999738,2381.759999999962,3.5999999999999996,2378.159999999962,1.7469322393091795,138511.66,1.746932239307896,43.005296881320106,20.96903138185077,2026-08-24
77,XAUUSD,BUY,2026-08-24 09:00:00+00:00,2026-08-24 09:00:00.080000+00:00,2026-08-24 16:34:38.382000+00:00,454.6383666666667,4644.88,4641.37,0.43000000000029104,-3.5100000000002183,4622.7356666308815,4669.3215000536775,4678.638666738236,True,True,False,TP1 (1.5R) + TP2 (2.0R) Full Win,0.74,1036.370000000008,1381.2099999999973,2417.5800000000054,3.7,2413.8800000000056,1.7427269299927568,140925.54,1.7427269299914987,43.73875404169528,20.70481485457568,2026-08-24
78,XAUUSD,BUY,2026-08-24 12:05:00+00:00,2026-08-24 12:05:00.125000+00:00,2026-08-24 16:34:49.806000+00:00,269.82801666666666,4641.98,4642.62,0.27999999999974534,0.6400000000003274,4623.9340687274225,4670.648896908866,4679.991862545155,True,True,False,TP1 (1.5R) + TP2 (2.0R) Full Win,0.75,1067.4200000000055,1383.060000000004,2450.4800000000096,3.75,2446.7300000000096,1.7361863577035144,143372.27000000002,1.7361863577022827,44.791508519752,20.762145858419338,2026-08-24
79,XAUUSD,BUY,2026-08-24 12:50:00+00:00,2026-08-24 12:50:00.042000+00:00,2026-08-24 12:50:00.042000+00:00,0.0,4644.14,4644.22,0.27000000000043656,0.07999999999992724,4625.534068727423,4672.248896908866,4681.591862545155,True,False,False,EOD,0.77,1065.900000000007,0.0,1065.900000000007,3.85,1062.050000000007,0.7407638869078427,144434.32000000004,0.740763886907326,44.791508519752,20.762145858419338,2026-08-24
80,XAUUSD,BUY,2026-08-24 14:25:00+00:00,2026-08-24 14:25:00.119000+00:00,2026-08-24 16:11:30.833000+00:00,106.5119,4646.47,4641.57,0.27999999999974534,-4.900000000000546,4624.107186810889,4667.764219783665,4676.49562637822,True,True,False,TP1 (1.5R) + TP2 (2.0R) Full Win,0.83,1101.2400000000107,1435.8200000000177,2537.0600000000286,4.1499999999999995,2532.9100000000285,1.753675996120609,146967.23000000007,1.7536759961193946,44.8193490546539,19.403125765677842,2026-08-24
81,XAUUSD,SELL,2026-08-25 10:05:00+00:00,2026-08-25 10:05:00.057000+00:00,2026-08-25 17:45:10.038000+00:00,460.16635,4641.08,4639.94,0.28000000000065484,1.1400000000003274,4659.509784674352,4610.585322988471,4600.800430651295,True,False,True,TP1 (1.5R) + BE Runner,0.75,1119.4800000000014,9.25,1128.7300000000014,3.75,1124.9800000000014,0.7654631580114838,148092.21000000008,0.765463158010963,29.2156475024033,21.744205193724937,2026-08-25
82,XAUUSD,SELL,2026-08-25 15:15:00+00:00,2026-08-25 15:15:00.247000+00:00,2026-08-25 17:45:05.043000+00:00,150.07993333333334,4635.64,4638.97,0.27999999999974534,-3.3299999999999272,4656.769039200732,4612.271441198903,4603.371921598537,True,False,True,TP1 (1.5R) + BE Runner,0.83,1121.8200000000015,10.660000000008948,1132.4800000000105,4.1499999999999995,1128.3300000000104,0.76191043404647,149220.5400000001,0.7619104340459554,21.262848925960512,19.776710223035344,2026-08-25
83,XAUUSD,SELL,2026-08-25 16:00:00+00:00,2026-08-25 16:00:00.073000+00:00,2026-08-25 16:47:39.369000+00:00,47.65493333333333,4634.53,4640.73,0.28000000000065484,-6.199999999999818,4658.167322114965,4614.5740168275515,4605.855355770069,True,True,False,TP1 (1.5R) + TP2 (2.0R) Full Win,0.86,1135.6299999999937,1499.8399999999656,2635.4699999999593,4.3,2631.169999999959,1.7632760208480396,151851.71000000005,1.763276020846858,20.17739140859541,19.374802349961367,2026-08-25
84,XAUUSD,SELL,2026-08-26 15:50:00+00:00,2026-08-26 15:50:00.001000+00:00,2026-08-26 16:46:40.450000+00:00,56.674150000000004,4616.25,4623.81,0.27999999999974534,-7.5600000000004,4638.306418468182,4602.0653722977295,4594.817163063639,True,False,True,TP1 (1.5R) + BE Runner,1.05,1136.200000000019,13.780000000011569,1149.9800000000305,5.25,1144.7300000000305,0.753847289569561,152996.4400000001,0.7538472895690647,17.325239733509598,16.107131631311987,2026-08-26
85,XAUUSD,SELL,2026-08-26 17:35:00+00:00,2026-08-26 17:35:00.071000+00:00,2026-08-26 18:15:43.257000+00:00,40.71976666666667,4616.94,4618.32,0.28000000000065484,-1.3800000000001091,4634.375335311849,4594.236997032225,4586.2093293763,True,True,False,TP1 (1.5R) + TP2 (2.0R) Full Win,0.95,1157.2799999999843,1510.1100000000051,2667.3899999999894,4.75,2662.6399999999894,1.7403280756075028,155659.08000000007,1.7403280756063653,17.982436993091145,17.839261457610853,2026-08-26
86,XAUUSD,SELL,2026-08-27 15:40:00+00:00,2026-08-27 15:40:00.029000+00:00,2026-08-27 15:40:00.029000+00:00,0.0,4587.64,4589.04,0.27999999999974534,-1.3999999999996362,4605.123562912672,4564.9146556309925,4556.872874174656,False,False,False,EOD,0.97,0.0,0.0,0.0,4.85,-4.85,-0.003115783544397151,155654.23000000007,-0.0031157835443951496,21.284828962703912,17.870625458524334,2026-08-27
87,XAUUSD,SELL,2026-08-28 06:35:00+00:00,2026-08-28 06:35:00.093000+00:00,2026-08-28 09:49:58.603000+00:00,194.97516666666667,4582.89,4584.27,0.27999999999974534,-1.3800000000001091,4599.931189222054,4560.77821616692,4552.947621555894,False,False,False,SL Hit,0.99,-788.9999999999873,-773.2199999999875,-1562.2199999999748,4.95,-1567.1699999999748,-1.0068277617639907,154087.06000000008,-1.0068277617633439,22.330788424125544,17.401321357836924,2026-08-28
88,XAUUSD,SELL,2026-08-28 08:30:00+00:00,2026-08-28 08:30:00.010000+00:00,2026-08-28 09:49:41.386000+00:00,79.6896,4578.98,4584.11,0.28000000000065484,-5.130000000000109,4598.77666315575,4562.110005266375,4554.7766736885,False,False,False,SL Hit,1.05,-762.8400000000038,-777.510000000004,-1540.3500000000076,5.25,-1545.6000000000076,-1.0030693038078646,152541.46000000008,-1.0030693038072138,23.920461016400928,16.29629239527781,2026-08-28
89,XAUUSD,BUY,2026-08-28 16:05:00+00:00,2026-08-28 16:05:00.011000+00:00,2026-08-28 17:00:02.994000+00:00,55.04971666666667,4600.28,4599.59,0.27999999999974534,-0.6899999999995998,4585.143824921192,4621.259262618211,4628.482350157616,True,False,True,TP1 (1.5R) + BE Runner,1.06,1148.5100000000039,13.25,1161.7600000000039,5.300000000000001,1156.460000000004,0.7581283147545613,153697.92000000007,0.7581283147540644,16.88891141119637,16.051305643119605,2026-08-28
90,XAUUSD,SELL,2026-08-31 11:30:00+00:00,2026-08-31 11:30:00.020000+00:00,2026-08-31 14:27:33.455000+00:00,177.55724999999998,4435.93,4440.1,0.27999999999974534,-4.170000000000073,4461.871882143005,4407.442176785494,4396.556235713992,False,False,False,SL Hit,0.71,-784.0799999999908,-762.2999999999911,-1546.379999999982,3.55,-1549.9299999999819,-1.0084261387531992,152147.99000000008,-1.008426138752543,46.4746914677693,24.19098015889392,2026-08-31
