Symbol,Category,Total Trades,Wins,Losses,Win Rate (%),Profit Factor,Net R,Max DD (R),Avg Hold (min)
GBPJPY,Forex,123,44,76,35.8,1.15,11.9,20.8,187.5
XAUUSD,Metals,141,48,88,34.0,1.1,9.1,28.9,261.9
NAS100,Index,147,47,91,32.0,1.1,9.2,23.3,309.9
US30,Index,171,55,111,32.2,1.02,2.5,22.2,234.9
GBPCAD,Forex,136,39,94,28.7,0.82,-16.9,42.6,171.0
USDJPY,Forex,105,29,74,27.6,0.78,-16.0,28.1,187.0
EURUSD,Forex,140,36,99,25.7,0.73,-26.9,34.9,229.1
SPX500,Index,152,37,110,24.3,0.68,-35.3,45.3,276.9
GBPNZD,Forex,130,26,98,20.0,0.56,-43.0,49.6,210.2
