trade_id,symbol,direction,entry_time,entry_price,sl_price,tp1_price,tp2_price,current_sl,sl_dist,tp1_dist,tp2_dist,total_lots,part_lots,run_lots,tp1_hit,tp2_hit,starting_balance,exit_time,exit_price,exit_reason,duration_m,net_pnl,ending_balance,entry_dt,month
1,XTIUSD,SELL,2026-01-02 07:25:00+00:00,57.54,57.72965664472684,57.27448069738242,57.16068671054632,57.72965664472684,0.18965664472683832,0.2655193026175736,0.37931328945367665,26.36,13.18,13.18,False,False,5000.0,2026-01-02 07:55:00+00:00,57.16068671054632,FULL_TP2,30.0,-46.81,4953.19,2026-01-02 07:25:00+00:00,2026-01
2,XTIUSD,SELL,2026-01-02 10:30:00+00:00,57.14,57.37563981358049,56.810104260987316,56.66872037283902,57.14,0.23563981358048977,0.32989573901268565,0.47127962716097954,21.22,10.61,10.61,True,False,4953.19,2026-01-02 13:00:00+00:00,56.66872037283902,FULL_TP2,150.0,-21.1,4932.09,2026-01-02 10:30:00+00:00,2026-01
3,XTIUSD,SELL,2026-01-02 15:20:00+00:00,56.62,56.885382417489254,56.24846461551504,56.08923516502149,56.885382417489254,0.2653824174892543,0.371535384484956,0.5307648349785086,18.84,9.42,9.42,False,False,4932.09,2026-01-02 16:15:00+00:00,56.885382417489254,SL,55.0,-144.2,4787.89,2026-01-02 15:20:00+00:00,2026-01
4,XTIUSD,BUY,2026-01-05 14:30:00+00:00,57.84,57.51237423947815,58.2986760647306,58.49525152104372,57.51237423947815,0.3276257605218569,0.4586760647305996,0.6552515210437138,15.26,7.63,7.63,False,False,4787.89,2026-01-05 22:00:00+00:00,57.97,EOD_EXIT,450.0,-56.46,4731.43,2026-01-05 14:30:00+00:00,2026-01
5,XTIUSD,BUY,2026-01-06 11:55:00+00:00,58.34,58.06535760589579,58.7244993517459,58.88928478820843,58.06535760589579,0.27464239410421176,0.38449935174589644,0.5492847882084235,18.21,9.11,9.1,False,False,4731.43,2026-01-06 13:55:00+00:00,58.06535760589579,SL,120.0,-141.05,4590.38,2026-01-06 11:55:00+00:00,2026-01
6,XTIUSD,SELL,2026-01-07 06:40:00+00:00,56.09,56.410027843398204,55.64196101924252,55.4499443132036,56.410027843398204,0.32002784339819895,0.4480389807574785,0.6400556867963979,15.62,7.81,7.81,False,False,4590.38,2026-01-07 07:35:00+00:00,56.410027843398204,SL,55.0,-128.1,4462.28,2026-01-07 06:40:00+00:00,2026-01
7,XTIUSD,SELL,2026-01-07 08:55:00+00:00,56.2,56.5146668649709,55.759466389040746,55.57066627005821,56.5146668649709,0.3146668649708962,0.44053361095925464,0.6293337299417924,15.89,7.95,7.94,False,False,4462.28,2026-01-07 09:20:00+00:00,56.5146668649709,SL,25.0,-129.45,4332.83,2026-01-07 08:55:00+00:00,2026-01
8,XTIUSD,SELL,2026-01-08 06:30:00+00:00,56.08,56.32557994420215,55.73618807811699,55.5888401115957,56.32557994420215,0.2455799442021498,0.3438119218830097,0.4911598884042996,20.36,10.18,10.18,False,False,4332.83,2026-01-08 08:45:00+00:00,56.32557994420215,SL,135.0,-151.8,4181.03,2026-01-08 06:30:00+00:00,2026-01
9,XTIUSD,BUY,2026-01-08 15:15:00+00:00,56.92,56.653202546391704,57.293516435051615,57.4535949072166,56.92,0.26679745360829704,0.37351643505161586,0.5335949072165941,18.74,9.37,9.37,True,False,4181.03,2026-01-08 17:45:00+00:00,57.4535949072166,FULL_TP2,150.0,-8.7,4172.33,2026-01-08 15:15:00+00:00,2026-01
10,XTIUSD,BUY,2026-01-09 12:00:00+00:00,58.13,57.86498483744215,58.50102122758099,58.6600303251157,57.86498483744215,0.26501516255784857,0.371021227580988,0.5300303251156971,18.87,9.44,9.43,False,False,4172.33,2026-01-09 13:15:00+00:00,58.6600303251157,FULL_TP2,75.0,-9.34,4162.98,2026-01-09 12:00:00+00:00,2026-01
11,XTIUSD,BUY,2026-01-13 07:40:00+00:00,59.75,59.445619800083506,60.1761322798831,60.358760399832995,59.75,0.30438019991649673,0.4261322798830954,0.6087603998329935,16.43,8.21,8.22,True,False,4162.98,2026-01-13 08:35:00+00:00,60.358760399832995,FULL_TP2,55.0,2.88,4165.86,2026-01-13 07:40:00+00:00,2026-01
12,XTIUSD,BUY,2026-01-13 10:20:00+00:00,60.22,59.87313290844878,60.7056139281717,60.913734183102434,59.87313290844878,0.34686709155121825,0.4856139281717055,0.6937341831024365,14.41,7.21,7.2,False,False,4165.86,2026-01-13 13:40:00+00:00,60.913734183102434,FULL_TP2,200.0,12.91,4178.77,2026-01-13 10:20:00+00:00,2026-01
13,XTIUSD,BUY,2026-01-13 17:25:00+00:00,60.97,60.548062602956996,61.560712355860204,61.813874794086004,60.548062602956996,0.421937397043003,0.5907123558602041,0.843874794086006,11.85,5.92,5.93,False,False,4178.77,2026-01-13 18:15:00+00:00,60.548062602956996,SL,50.0,-109.25,4069.52,2026-01-13 17:25:00+00:00,2026-01
14,XTIUSD,BUY,2026-01-14 08:50:00+00:00,60.54,60.23269464124556,60.97022750225621,61.154610717508874,60.54,0.3073053587544372,0.4302275022562121,0.6146107175088744,16.27,8.13,8.14,True,False,4069.52,2026-01-14 09:15:00+00:00,61.154610717508874,FULL_TP2,25.0,3.66,4073.18,2026-01-14 08:50:00+00:00,2026-01
15,XTIUSD,BUY,2026-01-14 11:45:00+00:00,61.53,61.15500733484566,62.054989731216075,62.279985330308676,61.15500733484566,0.3749926651543363,0.5249897312160708,0.7499853303086726,13.33,6.67,6.66,False,False,4073.18,2026-01-14 14:05:00+00:00,61.15500733484566,SL,140.0,-116.65,3956.53,2026-01-14 11:45:00+00:00,2026-01
16,XTIUSD,BUY,2026-01-14 14:30:00+00:00,61.5,61.11950113507869,62.032698410889836,62.26099772984262,61.5,0.3804988649213108,0.532698410889835,0.7609977298426216,13.14,6.57,6.57,True,False,3956.53,2026-01-14 19:00:00+00:00,61.5,TP1_THEN_BE,270.0,-30.7,3925.83,2026-01-14 14:30:00+00:00,2026-01
17,XTIUSD,SELL,2026-01-15 06:10:00+00:00,59.66,60.20361447060136,58.89893974115809,58.57277105879727,59.66,0.543614470601361,0.7610602588419054,1.087228941202722,9.2,4.6,4.6,True,False,3925.83,2026-01-15 22:00:00+00:00,59.04,EOD_EXIT,950.0,17.53,3943.36,2026-01-15 06:10:00+00:00,2026-01
18,XTIUSD,BUY,2026-01-16 12:55:00+00:00,59.83,59.48941748579322,60.30681551988949,60.51116502841356,59.48941748579322,0.34058251420678143,0.47681551988949394,0.6811650284135629,14.68,7.34,7.34,False,False,3943.36,2026-01-16 13:40:00+00:00,59.48941748579322,SL,45.0,-123.4,3819.96,2026-01-16 12:55:00+00:00,2026-01
19,XTIUSD,BUY,2026-01-16 15:15:00+00:00,59.7,59.342653140046544,60.20028560393485,60.41469371990693,59.342653140046544,0.3573468599534613,0.5002856039348458,0.7146937199069227,13.99,7.0,6.99,False,False,3819.96,2026-01-16 18:25:00+00:00,59.342653140046544,SL,190.0,-119.95,3700.01,2026-01-16 15:15:00+00:00,2026-01
20,XTIUSD,BUY,2026-01-21 14:45:00+00:00,60.35,59.979229715974625,60.869078397635526,61.091540568050746,59.979229715974625,0.3707702840253737,0.5190783976355232,0.7415405680507474,13.49,6.75,6.74,False,False,3700.01,2026-01-21 22:00:00+00:00,60.46,EOD_EXIT,435.0,-52.61,3647.39,2026-01-21 14:45:00+00:00,2026-01
21,XTIUSD,SELL,2026-01-22 15:30:00+00:00,59.46,59.780577586192905,59.01119137932993,58.818844827614186,59.46,0.32057758619290755,0.44880862067007055,0.6411551723858151,15.6,7.8,7.8,True,False,3647.39,2026-01-22 20:35:00+00:00,59.46,TP1_THEN_BE,305.0,-42.99,3604.4,2026-01-22 15:30:00+00:00,2026-01
22,XTIUSD,SELL,2026-01-23 06:15:00+00:00,59.63,59.88018349254428,59.279743110438005,59.129633014911434,59.88018349254428,0.2501834925442828,0.3502568895619959,0.5003669850885656,19.99,9.99,10.0,False,False,3604.4,2026-01-23 07:40:00+00:00,59.88018349254428,SL,85.0,-149.95,3454.45,2026-01-23 06:15:00+00:00,2026-01
23,XTIUSD,BUY,2026-01-23 15:30:00+00:00,60.91,60.600181662081226,61.343745673086275,61.52963667583753,60.600181662081226,0.30981833791876784,0.43374567308627493,0.6196366758375357,16.14,8.07,8.07,False,False,3454.45,2026-01-25 22:00:00+00:00,60.600181662081226,SL,3270.0,-130.7,3323.75,2026-01-23 15:30:00+00:00,2026-01
24,XTIUSD,SELL,2026-01-26 17:20:00+00:00,60.57,60.93706951512771,60.056102678821205,59.83586096974458,60.93706951512771,0.36706951512771135,0.5138973211787958,0.7341390302554227,13.62,6.81,6.81,False,False,3323.75,2026-01-26 22:00:00+00:00,60.67,EOD_EXIT,280.0,-81.72,3242.03,2026-01-26 17:20:00+00:00,2026-01
25,XTIUSD,SELL,2026-01-27 06:35:00+00:00,60.22,60.50536855956339,59.82048401661125,59.649262880873216,60.50536855956339,0.28536855956339097,0.39951598338874733,0.5707371191267819,17.52,8.76,8.76,False,False,3242.03,2026-01-27 08:25:00+00:00,60.50536855956339,SL,110.0,-137.6,3104.43,2026-01-27 06:35:00+00:00,2026-01
26,XTIUSD,BUY,2026-01-28 07:50:00+00:00,62.59,62.27004516096544,63.0379367746484,63.22990967806914,62.27004516096544,0.31995483903456756,0.44793677464839454,0.6399096780691351,15.63,7.82,7.81,False,False,3104.43,2026-01-28 08:10:00+00:00,62.27004516096544,SL,20.0,-128.15,2976.28,2026-01-28 07:50:00+00:00,2026-01
27,XTIUSD,BUY,2026-01-28 17:30:00+00:00,62.81,62.395334345380974,63.39053191646665,63.63933130923807,62.395334345380974,0.4146656546190317,0.5805319164666444,0.8293313092380634,12.06,6.03,6.03,False,False,2976.28,2026-01-28 22:00:00+00:00,63.27,EOD_EXIT,270.0,-4.82,2971.46,2026-01-28 17:30:00+00:00,2026-01
28,XTIUSD,BUY,2026-01-29 07:35:00+00:00,64.08,63.70900338171198,64.59939526560322,64.82199323657603,64.08,0.3709966182880175,0.5193952656032245,0.741993236576035,13.48,6.74,6.74,True,False,2971.46,2026-01-29 08:50:00+00:00,64.82199323657603,FULL_TP2,75.0,17.62,2989.07,2026-01-29 07:35:00+00:00,2026-01
29,XTIUSD,BUY,2026-01-29 10:35:00+00:00,64.59,64.16967945685904,65.17844876039734,65.43064108628191,64.59,0.4203205431409533,0.5884487603973346,0.8406410862819066,11.9,5.95,5.95,True,False,2989.07,2026-01-29 13:00:00+00:00,65.43064108628191,FULL_TP2,145.0,25.53,3014.61,2026-01-29 10:35:00+00:00,2026-01
30,XTIUSD,BUY,2026-01-29 16:25:00+00:00,65.31,64.71940416374693,66.13683417075431,66.49119167250615,64.71940416374693,0.5905958362530757,0.8268341707543059,1.1811916725061513,8.47,4.24,4.23,False,False,3014.61,2026-01-29 17:30:00+00:00,64.71940416374693,SL,65.0,-92.35,2922.26,2026-01-29 16:25:00+00:00,2026-01
31,XTIUSD,BUY,2026-01-29 18:10:00+00:00,65.23,64.63382297792465,66.0646478309055,66.42235404415072,64.63382297792465,0.5961770220753564,0.8346478309054989,1.1923540441507128,8.39,4.2,4.19,False,False,2922.26,2026-01-29 22:00:00+00:00,65.31,EOD_EXIT,230.0,-35.24,2887.02,2026-01-29 18:10:00+00:00,2026-01
32,XTIUSD,SELL,2026-01-30 07:15:00+00:00,63.95,64.53635292387678,63.12910590657252,62.77729415224646,64.53635292387678,0.5863529238767717,0.8208940934274804,1.1727058477535435,8.53,4.26,4.27,False,False,2887.02,2026-01-30 08:05:00+00:00,64.53635292387678,SL,50.0,-92.65,2794.37,2026-01-30 07:15:00+00:00,2026-01
33,XTIUSD,BUY,2026-01-30 18:10:00+00:00,64.77,64.1281626460912,65.66857229547232,66.05367470781759,64.1281626460912,0.6418373539087968,0.8985722954723154,1.2836747078175936,7.79,3.9,3.89,False,False,2794.37,2026-02-01 22:00:00+00:00,64.1281626460912,SL,3110.0,-88.95,2705.42,2026-01-30 18:10:00+00:00,2026-01
34,XTIUSD,SELL,2026-02-02 07:55:00+00:00,61.4,62.0739632686417,60.45645142390162,60.0520734627166,62.0739632686417,0.6739632686416982,0.9435485760983774,1.3479265372833964,7.42,3.71,3.71,False,False,2705.42,2026-02-02 13:00:00+00:00,62.0739632686417,SL,305.0,-87.1,2618.32,2026-02-02 07:55:00+00:00,2026-02
35,XTIUSD,SELL,2026-02-02 14:40:00+00:00,61.72,62.34492704720013,60.845102133919816,60.470145905599736,62.34492704720013,0.6249270472001306,0.8748978660801828,1.2498540944002612,8.0,4.0,4.0,False,False,2618.32,2026-02-02 22:00:00+00:00,61.9,EOD_EXIT,440.0,-54.4,2563.92,2026-02-02 14:40:00+00:00,2026-02
36,XTIUSD,SELL,2026-02-03 06:20:00+00:00,61.51,61.95818694408944,60.88253827827478,60.61362611182111,61.51,0.4481869440894414,0.6274617217252179,0.8963738881788827,11.16,5.58,5.58,True,False,2563.92,2026-02-03 08:50:00+00:00,61.51,TP1_THEN_BE,150.0,-20.79,2543.13,2026-02-03 06:20:00+00:00,2026-02
37,XTIUSD,BUY,2026-02-03 16:10:00+00:00,63.17,62.69825318266697,63.83044554426625,64.11349363466607,62.69825318266697,0.4717468173330329,0.660445544266246,0.9434936346660658,10.6,5.3,5.3,False,False,2543.13,2026-02-03 16:20:00+00:00,62.69825318266697,SL,10.0,-103.0,2440.13,2026-02-03 16:10:00+00:00,2026-02
38,XTIUSD,BUY,2026-02-03 18:15:00+00:00,62.89,62.355687693217945,63.63803722949488,63.958624613564105,62.89,0.5343123067820538,0.7480372294948753,1.0686246135641075,9.36,4.68,4.68,True,False,2440.13,2026-02-03 22:00:00+00:00,63.41,EOD_EXIT,225.0,12.54,2452.67,2026-02-03 18:15:00+00:00,2026-02
39,XTIUSD,BUY,2026-02-04 15:50:00+00:00,63.22,62.737882648181696,63.89496429254562,64.1842347036366,62.737882648181696,0.4821173518183022,0.674964292545623,0.9642347036366044,10.37,5.18,5.19,False,False,2452.67,2026-02-04 16:25:00+00:00,64.1842347036366,FULL_TP2,35.0,33.16,2485.83,2026-02-04 15:50:00+00:00,2026-02
40,XTIUSD,SELL,2026-02-05 17:30:00+00:00,63.13,63.703368292372566,62.327284390678415,61.98326341525488,63.703368292372566,0.5733682923725609,0.8027156093215853,1.1467365847451219,8.72,4.36,4.36,False,False,2485.83,2026-02-05 22:00:00+00:00,62.88,EOD_EXIT,270.0,-21.8,2464.03,2026-02-05 17:30:00+00:00,2026-02
41,XTIUSD,BUY,2026-02-06 07:35:00+00:00,63.94,63.46193958818925,64.60928457653505,64.89612082362149,63.46193958818925,0.47806041181074777,0.6692845765350468,0.9561208236214955,10.46,5.23,5.23,False,False,2464.03,2026-02-06 07:40:00+00:00,63.46193958818925,SL,5.0,-102.3,2361.73,2026-02-06 07:35:00+00:00,2026-02
42,XTIUSD,BUY,2026-02-06 08:10:00+00:00,63.96,63.478229617604306,64.63447853535398,64.92354076479138,63.478229617604306,0.4817703823956944,0.6744785353539722,0.9635407647913888,10.38,5.19,5.19,False,False,2361.73,2026-02-06 09:05:00+00:00,63.478229617604306,SL,55.0,-101.9,2259.83,2026-02-06 08:10:00+00:00,2026-02
43,XTIUSD,SELL,2026-02-09 08:50:00+00:00,62.59,62.998772539540504,62.01771844464331,61.772454920919,62.998772539540504,0.4087725395404985,0.5722815553566979,0.817545079080997,12.23,6.12,6.11,False,False,2259.83,2026-02-09 09:15:00+00:00,62.998772539540504,SL,25.0,-111.15,2148.68,2026-02-09 08:50:00+00:00,2026-02
44,XTIUSD,BUY,2026-02-09 20:10:00+00:00,64.21,63.77141968109968,64.82401244646044,65.08716063780062,63.77141968109968,0.43858031890031685,0.6140124464604435,0.8771606378006337,11.4,5.7,5.7,False,False,2148.68,2026-02-09 22:00:00+00:00,64.26,EOD_EXIT,110.0,-51.3,2097.38,2026-02-09 20:10:00+00:00,2026-02
45,XTIUSD,BUY,2026-02-11 17:35:00+00:00,64.89,64.53324509338653,65.38945686925886,65.60350981322695,64.53324509338653,0.35675490661347425,0.4994568692588639,0.7135098132269485,14.02,7.01,7.01,False,False,2097.38,2026-02-11 17:50:00+00:00,64.53324509338653,SL,15.0,-120.1,1977.28,2026-02-11 17:35:00+00:00,2026-02
46,XTIUSD,SELL,2026-02-13 06:55:00+00:00,62.49,62.77278215569897,62.09410498202144,61.92443568860206,62.77278215569897,0.2827821556989699,0.39589501797855786,0.5655643113979398,17.68,8.84,8.84,False,False,1977.28,2026-02-13 07:45:00+00:00,62.77278215569897,SL,50.0,-138.4,1838.88,2026-02-13 06:55:00+00:00,2026-02
47,XTIUSD,SELL,2026-02-13 15:00:00+00:00,62.47,62.84761058712364,61.9413451780269,61.71477882575271,62.84761058712364,0.3776105871236439,0.5286548219731014,0.7552211742472879,13.24,6.62,6.62,False,False,1838.88,2026-02-13 16:35:00+00:00,62.84761058712364,SL,95.0,-116.2,1722.68,2026-02-13 15:00:00+00:00,2026-02
48,XTIUSD,SELL,2026-02-16 06:05:00+00:00,62.69,62.95383839778085,62.3206262431068,62.162323204438295,62.95383839778085,0.26383839778085255,0.36937375689319357,0.5276767955617051,18.95,9.47,9.48,False,False,1722.68,2026-02-16 12:40:00+00:00,62.95383839778085,SL,395.0,-144.75,1577.93,2026-02-16 06:05:00+00:00,2026-02
49,XTIUSD,SELL,2026-02-17 18:55:00+00:00,62.14,62.54561133649312,61.57214412890964,61.32877732701377,62.54561133649312,0.4056113364931153,0.5678558710903614,0.8112226729862306,12.33,6.17,6.16,False,False,1577.93,2026-02-17 22:00:00+00:00,62.14,EOD_EXIT,185.0,-61.65,1516.28,2026-02-17 18:55:00+00:00,2026-02
50,XTIUSD,SELL,2026-02-18 06:40:00+00:00,62.28,62.55299287970159,61.89780996841777,61.734014240596814,62.55299287970159,0.2729928797015931,0.3821900315822303,0.5459857594031862,18.32,9.16,9.16,False,False,1516.28,2026-02-18 07:20:00+00:00,62.55299287970159,SL,40.0,-141.6,1374.68,2026-02-18 06:40:00+00:00,2026-02
51,XTIUSD,SELL,2026-02-18 08:15:00+00:00,62.32,62.58747855443658,61.94553002378879,61.78504289112684,62.58747855443658,0.2674785544365778,0.3744699762112089,0.5349571088731556,18.69,9.35,9.34,False,False,1374.68,2026-02-18 09:00:00+00:00,62.58747855443658,SL,45.0,-143.45,1231.23,2026-02-18 08:15:00+00:00,2026-02
52,XTIUSD,BUY,2026-02-19 06:05:00+00:00,65.21,64.89327604916205,65.6534135311731,65.84344790167586,65.21,0.31672395083793353,0.4434135311731069,0.6334479016758671,15.79,7.89,7.9,True,False,1231.23,2026-02-19 07:35:00+00:00,65.84344790167586,FULL_TP2,90.0,6.08,1237.31,2026-02-19 06:05:00+00:00,2026-02
53,XTIUSD,BUY,2026-02-19 14:30:00+00:00,66.19,65.79290552376546,66.74593226672836,66.9841889524691,66.19,0.3970944762345467,0.5559322667283654,0.7941889524690934,12.59,6.29,6.3,True,False,1237.31,2026-02-19 22:00:00+00:00,66.48,EOD_EXIT,450.0,-9.71,1227.6,2026-02-19 14:30:00+00:00,2026-02
54,XTIUSD,SELL,2026-02-20 11:35:00+00:00,65.94,66.32719521742987,65.39792669559817,65.16560956514024,66.32719521742987,0.387195217429876,0.5420733044018263,0.774390434859752,12.91,6.46,6.45,False,False,1227.6,2026-02-20 13:35:00+00:00,66.32719521742987,SL,120.0,-114.55,1113.05,2026-02-20 11:35:00+00:00,2026-02
55,XTIUSD,SELL,2026-02-20 14:30:00+00:00,65.85,66.23612532532559,65.30942454454416,65.07774934934879,66.23612532532559,0.3861253253255981,0.5405754554558373,0.7722506506511962,12.95,6.47,6.48,False,False,1113.05,2026-02-20 15:40:00+00:00,66.23612532532559,SL,70.0,-114.75,998.3,2026-02-20 14:30:00+00:00,2026-02
56,XTIUSD,BUY,2026-02-20 18:25:00+00:00,66.42,66.00103250164972,67.00655449769039,67.25793499670057,66.00103250164972,0.418967498350281,0.5865544976903934,0.837934996700562,11.93,5.96,5.97,False,False,998.3,2026-02-22 22:00:00+00:00,66.00103250164972,SL,3095.0,-109.65,888.65,2026-02-20 18:25:00+00:00,2026-02
57,XTIUSD,SELL,2026-02-23 06:05:00+00:00,65.62,65.97078994021392,65.12889408370053,64.91842011957218,65.97078994021392,0.3507899402139132,0.4911059162994784,0.7015798804278264,14.25,7.12,7.13,False,False,888.65,2026-02-23 08:20:00+00:00,65.97078994021392,SL,135.0,-121.25,767.4,2026-02-23 06:05:00+00:00,2026-02
58,XTIUSD,BUY,2026-02-27 08:00:00+00:00,65.69,65.27540676845776,66.27043052415914,66.51918646308448,65.69,0.41459323154224403,0.5804305241591416,0.8291864630844881,12.06,6.03,6.03,True,False,767.4,2026-02-27 10:00:00+00:00,66.51918646308448,FULL_TP2,120.0,24.7,792.1,2026-02-27 08:00:00+00:00,2026-02
59,XTIUSD,BUY,2026-02-27 17:05:00+00:00,66.7,66.191217724993,67.41229518500981,67.71756455001402,66.191217724993,0.5087822750070078,0.7122951850098108,1.0175645500140156,9.83,4.92,4.91,False,False,792.1,2026-03-01 22:00:00+00:00,67.71756455001402,FULL_TP2,3175.0,35.86,827.95,2026-02-27 17:05:00+00:00,2026-02
60,XTIUSD,BUY,2026-03-02 11:05:00+00:00,72.13,71.09931688669984,73.57295635862022,74.19136622660032,71.09931688669984,1.0306831133001613,1.4429563586202256,2.0613662266003225,4.85,2.42,2.43,False,False,827.95,2026-03-02 13:45:00+00:00,71.09931688669984,SL,160.0,-74.25,753.7,2026-03-02 11:05:00+00:00,2026-03
61,XTIUSD,BUY,2026-03-03 11:30:00+00:00,76.07,75.00616737688416,77.55936567236215,78.19766524623165,75.00616737688416,1.0638326231158284,1.4893656723621596,2.1276652462316568,4.7,2.35,2.35,False,False,753.7,2026-03-03 12:00:00+00:00,75.00616737688416,SL,30.0,-73.5,680.2,2026-03-03 11:30:00+00:00,2026-03
62,XTIUSD,BUY,2026-03-04 07:25:00+00:00,76.02,74.89918119884976,77.58914632161033,78.26163760230047,74.89918119884976,1.1208188011502334,1.5691463216103265,2.2416376023004667,4.46,2.23,2.23,False,False,680.2,2026-03-04 08:30:00+00:00,74.89918119884976,SL,65.0,-72.3,607.9,2026-03-04 07:25:00+00:00,2026-03
63,XTIUSD,BUY,2026-03-04 08:55:00+00:00,76.02,74.90138254178906,77.5860644414953,78.25723491642187,74.90138254178906,1.1186174582109312,1.5660644414953035,2.2372349164218623,4.47,2.23,2.24,False,False,607.9,2026-03-04 09:05:00+00:00,74.90138254178906,SL,10.0,-72.35,535.55,2026-03-04 08:55:00+00:00,2026-03
64,XTIUSD,SELL,2026-03-04 14:15:00+00:00,73.36,74.55148878826658,71.69191569642678,70.97702242346682,74.55148878826658,1.1914887882665872,1.668084303573222,2.3829775765331744,4.2,2.1,2.1,False,False,535.55,2026-03-04 19:30:00+00:00,74.55148878826658,SL,315.0,-71.0,464.55,2026-03-04 14:15:00+00:00,2026-03
65,XTIUSD,BUY,2026-03-05 07:00:00+00:00,76.47,75.55322277601195,77.75348811358326,78.3035544479761,75.55322277601195,0.9167772239880465,1.283488113583265,1.833554447976093,5.45,2.73,2.72,False,False,464.55,2026-03-05 08:05:00+00:00,75.55322277601195,SL,65.0,-77.25,387.3,2026-03-05 07:00:00+00:00,2026-03
66,XTIUSD,BUY,2026-03-06 20:10:00+00:00,88.76,87.25330662235685,90.86937072870043,91.77338675528634,87.25330662235685,1.5066933776431641,2.1093707287004295,3.0133867552863283,3.32,1.66,1.66,False,False,387.3,2026-03-08 21:05:00+00:00,91.77338675528634,FULL_TP2,2935.0,68.44,455.74,2026-03-06 20:10:00+00:00,2026-03
67,XTIUSD,SELL,2026-03-09 18:15:00+00:00,89.99,93.86798549827428,84.56082030241599,82.23402900345141,89.99,3.87798549827429,5.429179697584006,7.75597099654858,1.29,0.65,0.64,True,False,455.74,2026-03-09 18:35:00+00:00,82.23402900345141,FULL_TP2,20.0,78.48,534.22,2026-03-09 18:15:00+00:00,2026-03
68,XTIUSD,SELL,2026-03-10 08:15:00+00:00,85.0,88.75222761361213,79.746881340943,77.49554477277573,88.75222761361213,3.7522276136121357,5.25311865905699,7.5044552272242715,1.33,0.67,0.66,False,False,534.22,2026-03-10 11:10:00+00:00,88.75222761361213,SL,175.0,-56.65,477.57,2026-03-10 08:15:00+00:00,2026-03
69,XTIUSD,SELL,2026-03-11 06:15:00+00:00,82.34,85.06994724788136,78.5180738529661,76.88010550423728,85.06994724788136,2.7299472478813613,3.8219261470339054,5.459894495762723,1.83,0.92,0.91,False,False,477.57,2026-03-11 07:50:00+00:00,85.06994724788136,SL,95.0,-59.15,418.42,2026-03-11 06:15:00+00:00,2026-03
70,XTIUSD,BUY,2026-03-11 16:40:00+00:00,86.71,84.07774353920435,90.3951590451139,91.9745129215913,84.07774353920435,2.6322564607956496,3.685159045113909,5.264512921591299,1.9,0.95,0.95,False,False,418.42,2026-03-11 21:05:00+00:00,88.38,EOD_EXIT,265.0,22.23,440.65,2026-03-11 16:40:00+00:00,2026-03
71,XTIUSD,BUY,2026-03-12 16:15:00+00:00,93.95,91.82090334620169,96.93073531531763,98.20819330759662,91.82090334620169,2.1290966537983076,2.9807353153176304,4.258193307596615,2.35,1.18,1.17,False,False,440.65,2026-03-12 21:05:00+00:00,96.24,EOD_EXIT,290.0,42.06,482.71,2026-03-12 16:15:00+00:00,2026-03
72,XTIUSD,BUY,2026-03-13 18:25:00+00:00,96.22,94.56253123037172,98.54045627747958,99.53493753925655,94.56253123037172,1.6574687696282742,2.320456277479584,3.3149375392565483,3.02,1.51,1.51,False,False,482.71,2026-03-15 21:05:00+00:00,99.53493753925655,FULL_TP2,3040.0,69.99,552.71,2026-03-13 18:25:00+00:00,2026-03
73,XTIUSD,BUY,2026-03-16 06:15:00+00:00,98.02,96.62854793310356,99.968032893655,100.80290413379286,96.62854793310356,1.391452066896435,1.9480328936550089,2.78290413379287,3.59,1.79,1.8,False,False,552.71,2026-03-16 09:20:00+00:00,96.62854793310356,SL,185.0,-67.95,484.76,2026-03-16 06:15:00+00:00,2026-03
74,XTIUSD,SELL,2026-03-16 16:15:00+00:00,93.66,95.3346844635814,91.31544175098603,90.3106310728372,95.3346844635814,1.6746844635814035,2.3445582490139647,3.349368927162807,2.99,1.5,1.49,False,False,484.76,2026-03-16 21:05:00+00:00,93.29,EOD_EXIT,290.0,-3.89,480.87,2026-03-16 16:15:00+00:00,2026-03
75,XTIUSD,BUY,2026-03-17 07:10:00+00:00,96.61,95.18771044325436,98.60120537944388,99.45457911349126,95.18771044325436,1.422289556745633,1.9912053794438862,2.844579113491266,3.52,1.76,1.76,False,False,480.87,2026-03-17 08:25:00+00:00,95.18771044325436,SL,75.0,-67.6,413.27,2026-03-17 07:10:00+00:00,2026-03
76,XTIUSD,BUY,2026-03-18 18:00:00+00:00,96.25,94.86963080216522,98.1825168769687,99.01073839566956,96.25,1.380369197834785,1.932516876968699,2.76073839566957,3.62,1.81,1.81,True,False,413.27,2026-03-18 19:30:00+00:00,99.01073839566956,FULL_TP2,90.0,66.85,480.12,2026-03-18 18:00:00+00:00,2026-03
77,XTIUSD,SELL,2026-03-19 14:00:00+00:00,95.89,97.4608860267794,93.69075956250884,92.7482279464412,97.4608860267794,1.5708860267793987,2.199240437491158,3.1417720535587974,3.18,1.59,1.59,False,False,480.12,2026-03-19 14:40:00+00:00,97.4608860267794,SL,40.0,-65.9,414.22,2026-03-19 14:00:00+00:00,2026-03
78,XTIUSD,BUY,2026-03-20 17:20:00+00:00,97.64,96.24560525737093,99.5921526396807,100.42878948525815,96.24560525737093,1.3943947426290761,1.9521526396807065,2.7887894852581523,3.59,1.79,1.8,False,False,414.22,2026-03-22 21:05:00+00:00,97.74,EOD_EXIT,3105.0,-14.36,399.86,2026-03-20 17:20:00+00:00,2026-03
79,XTIUSD,SELL,2026-03-25 12:20:00+00:00,86.91,88.4038065733997,84.8186707972404,83.92238685320058,88.4038065733997,1.493806573399707,2.0913292027595896,2.987613146799414,3.35,1.68,1.67,False,False,399.86,2026-03-25 14:10:00+00:00,88.4038065733997,SL,110.0,-66.75,333.11,2026-03-25 12:20:00+00:00,2026-03
80,XTIUSD,BUY,2026-03-26 10:25:00+00:00,92.55,91.58799745187619,93.89680356737331,94.4740050962476,91.58799745187619,0.9620025481237988,1.3468035673733183,1.9240050962475976,5.2,2.6,2.6,False,False,333.11,2026-03-26 13:30:00+00:00,91.58799745187619,SL,185.0,-76.0,257.11,2026-03-26 10:25:00+00:00,2026-03
81,XTIUSD,BUY,2026-03-27 14:55:00+00:00,96.2,95.12302661311631,97.70776274163718,98.3539467737674,96.2,1.0769733868836973,1.5077627416371762,2.1539467737673945,4.64,2.32,2.32,True,False,257.11,2026-03-27 18:35:00+00:00,98.3539467737674,FULL_TP2,220.0,61.75,318.86,2026-03-27 14:55:00+00:00,2026-03
82,XTIUSD,BUY,2026-03-30 15:55:00+00:00,100.04,98.76243468373173,101.8285914427756,102.59513063253658,100.04,1.2775653162682847,1.7885914427755985,2.5551306325365695,3.91,1.96,1.95,True,False,318.86,2026-03-30 22:00:00+00:00,101.23,EOD_EXIT,365.0,38.71,357.57,2026-03-30 15:55:00+00:00,2026-03
83,XTIUSD,SELL,2026-03-31 19:15:00+00:00,98.04,99.78010105156875,95.60385852780377,94.55979789686252,99.78010105156875,1.7401010515687414,2.436141472196238,3.480202103137483,2.87,1.44,1.43,False,False,357.57,2026-03-31 22:00:00+00:00,97.28,EOD_EXIT,165.0,7.46,365.04,2026-03-31 19:15:00+00:00,2026-03
84,XTIUSD,SELL,2026-04-01 17:05:00+00:00,94.53,96.06058875521039,92.38717574270545,91.46882248957922,96.06058875521039,1.5305887552103876,2.1428242572945426,3.0611775104207752,3.27,1.64,1.63,False,False,365.04,2026-04-01 22:00:00+00:00,93.69,EOD_EXIT,295.0,11.12,376.15,2026-04-01 17:05:00+00:00,2026-04
85,XTIUSD,BUY,2026-04-02 15:45:00+00:00,102.55,100.9210677047991,104.83050521328126,105.80786459040179,102.55,1.6289322952009004,2.2805052132812604,3.257864590401801,3.07,1.53,1.54,True,False,376.15,2026-04-05 22:05:00+00:00,105.80786459040179,FULL_TP2,4700.0,69.71,445.87,2026-04-02 15:45:00+00:00,2026-04
86,XTIUSD,SELL,2026-04-06 12:50:00+00:00,101.73,103.1395698413669,99.75660222208634,98.9108603172662,103.1395698413669,1.4095698413669,1.9733977779136598,2.8191396827338,3.55,1.77,1.78,False,False,445.87,2026-04-06 13:25:00+00:00,103.1395698413669,SL,35.0,-67.75,378.12,2026-04-06 12:50:00+00:00,2026-04
87,XTIUSD,BUY,2026-04-06 15:10:00+00:00,102.81,101.35039542948867,104.85344639871586,105.72920914102265,101.35039542948867,1.4596045705113263,2.0434463987158566,2.9192091410226526,3.43,1.72,1.71,False,False,378.12,2026-04-06 22:00:00+00:00,103.32,EOD_EXIT,410.0,0.34,378.46,2026-04-06 15:10:00+00:00,2026-04
88,XTIUSD,BUY,2026-04-07 07:40:00+00:00,104.9,103.74568937210104,106.51603487905855,107.20862125579792,103.74568937210104,1.1543106278989594,1.616034879058543,2.308621255797919,4.33,2.17,2.16,False,False,378.46,2026-04-07 08:15:00+00:00,103.74568937210104,SL,35.0,-71.65,306.81,2026-04-07 07:40:00+00:00,2026-04
89,XTIUSD,BUY,2026-04-07 10:25:00+00:00,103.92,102.68133001111734,105.65413798443572,106.39733997776531,103.92,1.2386699888826571,1.7341379844357199,2.4773399777653142,4.04,2.02,2.02,True,False,306.81,2026-04-07 15:05:00+00:00,106.39733997776531,FULL_TP2,280.0,64.87,371.68,2026-04-07 10:25:00+00:00,2026-04
90,XTIUSD,BUY,2026-04-07 17:20:00+00:00,105.42,103.98832607684882,107.42434349241167,108.28334784630238,103.98832607684882,1.431673923151185,2.004343492411659,2.86334784630237,3.49,1.75,1.74,False,False,371.68,2026-04-07 18:15:00+00:00,103.98832607684882,SL,55.0,-67.45,304.23,2026-04-07 17:20:00+00:00,2026-04
91,XTIUSD,BUY,2026-04-07 18:55:00+00:00,104.99,103.54487421421675,107.01317610009653,107.88025157156648,103.54487421421675,1.4451257857832425,2.0231761000965394,2.890251571566485,3.46,1.73,1.73,False,False,304.23,2026-04-07 19:15:00+00:00,103.54487421421675,SL,20.0,-67.3,236.93,2026-04-07 18:55:00+00:00,2026-04
92,XTIUSD,SELL,2026-04-08 08:45:00+00:00,89.24,91.30065374549334,86.35508475630932,85.11869250901331,89.24,2.060653745493337,2.884915243690672,4.121307490986674,2.43,1.22,1.21,True,False,236.93,2026-04-08 14:30:00+00:00,89.24,TP1_THEN_BE,345.0,23.05,259.98,2026-04-08 08:45:00+00:00,2026-04
93,XTIUSD,BUY,2026-04-09 06:20:00+00:00,91.92,90.50508593167932,93.90087969564895,94.74982813664136,91.92,1.4149140683206796,1.9808796956489512,2.829828136641359,3.53,1.76,1.77,True,False,259.98,2026-04-09 14:25:00+00:00,94.74982813664136,FULL_TP2,485.0,67.3,327.28,2026-04-09 06:20:00+00:00,2026-04
94,XTIUSD,BUY,2026-04-13 11:55:00+00:00,97.05,95.92986964048201,98.61818250332517,99.29026071903597,95.92986964048201,1.1201303595179846,1.5681825033251784,2.240260719035969,4.46,2.23,2.23,False,False,327.28,2026-04-13 13:45:00+00:00,95.92986964048201,SL,110.0,-72.3,254.98,2026-04-13 11:55:00+00:00,2026-04
95,XTIUSD,SELL,2026-04-14 07:10:00+00:00,91.46,92.51036622601205,89.9894872835831,89.35926754797588,92.51036622601205,1.0503662260120612,1.4705127164168856,2.1007324520241224,4.76,2.38,2.38,False,False,254.98,2026-04-14 08:00:00+00:00,92.51036622601205,SL,50.0,-73.8,181.18,2026-04-14 07:10:00+00:00,2026-04
96,XTIUSD,SELL,2026-04-15 18:00:00+00:00,88.49,89.55812918326492,86.99461914342908,86.35374163347012,89.55812918326492,1.0681291832649364,1.495380856570911,2.136258366529873,4.68,2.34,2.34,False,False,181.18,2026-04-15 22:00:00+00:00,88.01,EOD_EXIT,240.0,-0.94,180.24,2026-04-15 18:00:00+00:00,2026-04
97,XTIUSD,BUY,2026-04-16 12:40:00+00:00,89.05,88.33774789791906,90.04715294291331,90.47450420416187,89.05,0.7122521020809385,0.9971529429133138,1.424504204161877,7.02,3.51,3.51,True,False,180.24,2026-04-16 14:20:00+00:00,90.47450420416187,FULL_TP2,100.0,49.9,230.14,2026-04-16 12:40:00+00:00,2026-04
98,XTIUSD,BUY,2026-04-20 06:20:00+00:00,87.26,85.9949510954273,89.03106846640179,89.79009780914542,85.9949510954273,1.2650489045727051,1.771068466401787,2.5300978091454103,3.95,1.98,1.97,False,False,230.14,2026-04-20 13:05:00+00:00,85.9949510954273,SL,405.0,-69.75,160.39,2026-04-20 06:20:00+00:00,2026-04
99,XTIUSD,BUY,2026-04-20 18:35:00+00:00,87.27,86.11058840393726,88.89317623448783,89.58882319212547,86.11058840393726,1.1594115960627378,1.6231762344878329,2.3188231921254756,4.31,2.15,2.16,False,False,160.39,2026-04-20 20:50:00+00:00,86.11058840393726,SL,135.0,-71.55,88.84,2026-04-20 18:35:00+00:00,2026-04
100,XTIUSD,SELL,2026-04-21 07:50:00+00:00,85.63,86.40555271595152,84.54422619766787,84.07889456809696,86.40555271595152,0.7755527159515185,1.085773802332126,1.551105431903037,6.45,3.23,3.22,False,False,88.84,2026-04-21 09:00:00+00:00,86.40555271595152,SL,70.0,-82.25,6.59,2026-04-21 07:50:00+00:00,2026-04
101,XTIUSD,SELL,2026-04-21 10:10:00+00:00,85.97,86.80693488226876,84.79829116482374,84.29613023546247,86.80693488226876,0.8369348822687621,1.1717088351762668,1.6738697645375242,5.97,2.98,2.99,False,False,6.59,2026-04-21 11:05:00+00:00,86.80693488226876,SL,55.0,-79.85,-73.26,2026-04-21 10:10:00+00:00,2026-04
102,XTIUSD,BUY,2026-04-21 14:10:00+00:00,87.21,86.38058186244069,88.37118539258302,88.8688362751186,87.21,0.8294181375593003,1.1611853925830202,1.6588362751186005,6.03,3.02,3.01,True,False,-73.26,2026-04-21 15:25:00+00:00,88.8688362751186,FULL_TP2,75.0,54.85,-18.41,2026-04-21 14:10:00+00:00,2026-04
103,XTIUSD,BUY,2026-04-21 19:40:00+00:00,91.08,89.95128075625334,92.66020694124532,93.33743848749333,89.95128075625334,1.128719243746663,1.5802069412453283,2.257438487493326,4.43,2.21,2.22,False,False,-18.41,2026-04-21 20:05:00+00:00,89.95128075625334,SL,25.0,-72.15,-90.56,2026-04-21 19:40:00+00:00,2026-04
104,XTIUSD,BUY,2026-04-22 07:15:00+00:00,88.35,87.18896874708265,89.97544375408427,90.67206250583467,88.35,1.1610312529173392,1.6254437540842748,2.3220625058346784,4.31,2.15,2.16,True,False,-90.56,2026-04-22 13:15:00+00:00,90.67206250583467,FULL_TP2,360.0,63.55,-27.0,2026-04-22 07:15:00+00:00,2026-04
105,XTIUSD,BUY,2026-04-22 18:20:00+00:00,92.21,90.96656037684069,93.95081547242302,94.6968792463186,90.96656037684069,1.2434396231593061,1.7408154724230285,2.4868792463186122,4.02,2.01,2.01,False,False,-27.0,2026-04-22 22:00:00+00:00,91.5,EOD_EXIT,220.0,-48.64,-75.65,2026-04-22 18:20:00+00:00,2026-04
106,XTIUSD,BUY,2026-04-23 06:40:00+00:00,93.12,91.98747775947518,94.70553113673476,95.38504448104966,91.98747775947518,1.1325222405248283,1.5855311367347595,2.2650444810496566,4.41,2.21,2.2,False,False,-75.65,2026-04-23 11:50:00+00:00,91.98747775947518,SL,310.0,-72.05,-147.7,2026-04-23 06:40:00+00:00,2026-04
107,XTIUSD,BUY,2026-04-23 15:30:00+00:00,92.77,91.55732396532943,94.46774644853878,95.19535206934111,92.77,1.2126760346705605,1.6977464485387845,2.425352069341121,4.12,2.06,2.06,True,False,-147.7,2026-04-23 17:15:00+00:00,95.19535206934111,FULL_TP2,105.0,64.34,-83.36,2026-04-23 15:30:00+00:00,2026-04
108,XTIUSD,BUY,2026-04-24 12:45:00+00:00,94.62,93.48055503987042,96.21522294418142,96.89888992025917,93.48055503987042,1.1394449601295826,1.5952229441814156,2.2788899202591653,4.39,2.19,2.2,False,False,-83.36,2026-04-24 13:10:00+00:00,93.48055503987042,SL,25.0,-71.95,-155.31,2026-04-24 12:45:00+00:00,2026-04
109,XTIUSD,SELL,2026-04-24 15:40:00+00:00,92.24,93.42829831538072,90.57638235846699,89.86340336923855,93.42829831538072,1.188298315380719,1.6636176415330064,2.376596630761438,4.21,2.1,2.11,False,False,-155.31,2026-04-24 19:45:00+00:00,93.42829831538072,SL,245.0,-71.05,-226.36,2026-04-24 15:40:00+00:00,2026-04
110,XTIUSD,BUY,2026-04-27 20:15:00+00:00,94.75,93.79628713933013,96.08519800493781,96.65742572133972,93.79628713933013,0.9537128606698612,1.3351980049378056,1.9074257213397223,5.24,2.62,2.62,False,False,-226.36,2026-04-27 22:00:00+00:00,94.68,EOD_EXIT,105.0,-29.87,-256.23,2026-04-27 20:15:00+00:00,2026-04
111,XTIUSD,BUY,2026-04-28 14:30:00+00:00,97.72,96.66957935703485,99.19058890015121,99.82084128593031,96.66957935703485,1.0504206429651548,1.4705889001512167,2.1008412859303096,4.76,2.38,2.38,False,False,-256.23,2026-04-28 22:00:00+00:00,96.99,EOD_EXIT,450.0,-58.55,-314.78,2026-04-28 14:30:00+00:00,2026-04
112,XTIUSD,BUY,2026-04-29 11:50:00+00:00,100.65,99.71200136687233,101.96319808637874,102.52599726625535,100.65,0.9379986331276707,1.313198086378739,1.8759972662553415,5.33,2.67,2.66,True,False,-314.78,2026-04-29 13:50:00+00:00,102.52599726625535,FULL_TP2,120.0,58.31,-256.46,2026-04-29 11:50:00+00:00,2026-04
113,XTIUSD,BUY,2026-04-30 06:10:00+00:00,106.19,105.04677210376494,107.79051905472909,108.47645579247012,105.04677210376494,1.1432278962350615,1.600519054729086,2.286455792470123,4.37,2.19,2.18,False,False,-256.46,2026-04-30 06:35:00+00:00,105.04677210376494,SL,25.0,-71.85,-328.31,2026-04-30 06:10:00+00:00,2026-04
114,XTIUSD,SELL,2026-04-30 15:15:00+00:00,101.63,103.01008556059183,99.69788021517142,98.86982887881632,103.01008556059183,1.380085560591838,1.9321197848285732,2.760171121183676,3.62,1.81,1.81,False,False,-328.31,2026-04-30 20:40:00+00:00,103.01008556059183,SL,325.0,-68.1,-396.41,2026-04-30 15:15:00+00:00,2026-04
115,XTIUSD,SELL,2026-05-01 07:10:00+00:00,101.59,102.64748428130794,100.1095220061689,99.47503143738415,102.64748428130794,1.057484281307931,1.4804779938311035,2.114968562615862,4.73,2.37,2.36,False,False,-396.41,2026-05-01 09:00:00+00:00,102.64748428130794,SL,110.0,-73.65,-470.06,2026-05-01 07:10:00+00:00,2026-05
116,XTIUSD,SELL,2026-05-01 10:40:00+00:00,102.09,103.19001930249036,100.54997297651352,99.8899613950193,103.19001930249036,1.1000193024903524,1.5400270234864932,2.200038604980705,4.55,2.27,2.28,False,False,-470.06,2026-05-01 12:10:00+00:00,99.8899613950193,FULL_TP2,90.0,62.37,-407.69,2026-05-01 10:40:00+00:00,2026-05
117,XTIUSD,SELL,2026-05-01 15:40:00+00:00,98.32,99.65256890149853,96.45440353790204,95.65486219700291,99.65256890149853,1.3325689014985396,1.8655964620979553,2.665137802997079,3.75,1.88,1.87,False,False,-407.69,2026-05-01 20:15:00+00:00,99.65256890149853,SL,275.0,-68.75,-476.44,2026-05-01 15:40:00+00:00,2026-05
118,XTIUSD,BUY,2026-05-04 18:15:00+00:00,103.0,101.40895157797674,105.22746779083256,106.18209684404651,101.40895157797674,1.5910484220232575,2.22746779083256,3.182096844046515,3.14,1.57,1.57,False,False,-476.44,2026-05-04 22:00:00+00:00,102.25,EOD_EXIT,225.0,-39.25,-515.69,2026-05-04 18:15:00+00:00,2026-05
119,XTIUSD,SELL,2026-05-05 17:15:00+00:00,99.12,100.25671598798651,97.52859761681889,96.846568024027,100.25671598798651,1.1367159879865092,1.5914023831811128,2.2734319759730184,4.4,2.2,2.2,False,False,-515.69,2026-05-05 22:00:00+00:00,99.5,EOD_EXIT,285.0,-38.72,-554.41,2026-05-05 17:15:00+00:00,2026-05
120,XTIUSD,SELL,2026-05-06 06:00:00+00:00,97.03,98.12492264829002,95.49710829239396,94.84015470341994,98.12492264829002,1.0949226482900294,1.532891707606041,2.1898452965800588,4.57,2.29,2.28,False,False,-554.41,2026-05-06 07:00:00+00:00,98.12492264829002,SL,60.0,-72.85,-627.26,2026-05-06 06:00:00+00:00,2026-05
121,XTIUSD,SELL,2026-05-06 07:40:00+00:00,97.26,98.35742817341217,95.72360055722297,95.06514365317567,97.26,1.097428173412171,1.536399442777039,2.194856346824342,4.56,2.28,2.28,True,False,-627.26,2026-05-06 08:50:00+00:00,95.06514365317567,FULL_TP2,70.0,62.27,-564.99,2026-05-06 07:40:00+00:00,2026-05
122,XTIUSD,SELL,2026-05-06 14:40:00+00:00,92.18,94.04039114168555,89.57545240164026,88.45921771662894,94.04039114168555,1.8603911416855328,2.604547598359746,3.7207822833710655,2.69,1.34,1.35,False,False,-564.99,2026-05-06 22:00:00+00:00,92.59,EOD_EXIT,440.0,-24.48,-589.47,2026-05-06 14:40:00+00:00,2026-05
123,XTIUSD,SELL,2026-05-07 10:40:00+00:00,90.24,91.52671448673789,88.43859971856695,87.66657102652421,90.24,1.2867144867378917,1.8014002814330483,2.5734289734757834,3.89,1.95,1.94,True,False,-589.47,2026-05-07 12:45:00+00:00,87.66657102652421,FULL_TP2,125.0,65.6,-523.87,2026-05-07 10:40:00+00:00,2026-05
124,XTIUSD,SELL,2026-05-07 14:00:00+00:00,88.44,89.8089445141535,86.5234776801851,85.702110971693,89.8089445141535,1.3689445141535006,1.9165223198149006,2.737889028307001,3.65,1.82,1.83,False,False,-523.87,2026-05-07 15:20:00+00:00,89.8089445141535,SL,80.0,-68.25,-592.12,2026-05-07 14:00:00+00:00,2026-05
125,XTIUSD,BUY,2026-05-07 20:35:00+00:00,94.25,92.71176183746027,96.40353342755562,97.32647632507945,92.71176183746027,1.538238162539729,2.1535334275556206,3.076476325079458,3.25,1.62,1.63,False,False,-592.12,2026-05-07 22:00:00+00:00,94.36,EOD_EXIT,85.0,-12.68,-604.79,2026-05-07 20:35:00+00:00,2026-05
126,XTIUSD,SELL,2026-05-08 10:35:00+00:00,91.44,92.73213971335025,89.63100440130964,88.8557205732995,92.73213971335025,1.292139713350253,1.808995598690354,2.584279426700506,3.87,1.94,1.93,False,False,-604.79,2026-05-08 14:30:00+00:00,92.73213971335025,SL,235.0,-69.35,-674.14,2026-05-08 10:35:00+00:00,2026-05
127,XTIUSD,BUY,2026-05-08 19:05:00+00:00,92.52,91.39185606279148,94.09940151209193,94.77628787441704,91.39185606279148,1.1281439372085196,1.5794015120919274,2.256287874417039,4.43,2.21,2.22,False,False,-674.14,2026-05-10 22:00:00+00:00,94.77628787441704,FULL_TP2,3055.0,62.84,-611.3,2026-05-08 19:05:00+00:00,2026-05
128,XTIUSD,BUY,2026-05-12 16:35:00+00:00,98.62,97.75805314193224,99.82672560129487,100.34389371613554,97.75805314193224,0.8619468580677643,1.20672560129487,1.7238937161355286,5.8,2.9,2.9,False,False,-611.3,2026-05-12 22:00:00+00:00,98.56,EOD_EXIT,325.0,-32.48,-643.78,2026-05-12 16:35:00+00:00,2026-05
129,XTIUSD,BUY,2026-05-13 12:35:00+00:00,98.61,97.91754832002802,99.57943235196078,99.99490335994396,97.91754832002802,0.6924516799719789,0.9694323519607704,1.3849033599439577,7.22,3.61,3.61,False,False,-643.78,2026-05-13 15:40:00+00:00,97.91754832002802,SL,185.0,-86.1,-729.88,2026-05-13 12:35:00+00:00,2026-05
130,XTIUSD,SELL,2026-05-13 20:30:00+00:00,97.0,97.72221491330208,95.98889912137709,95.55557017339584,97.72221491330208,0.7222149133020844,1.011100878622918,1.4444298266041689,6.92,3.46,3.46,False,False,-729.88,2026-05-13 22:00:00+00:00,96.87,EOD_EXIT,90.0,-25.6,-755.48,2026-05-13 20:30:00+00:00,2026-05
131,XTIUSD,SELL,2026-05-14 08:50:00+00:00,97.0,97.72598386467476,95.98362258945534,95.54803227065048,97.0,0.7259838646747576,1.0163774105446606,1.4519677293495152,6.89,3.44,3.45,True,False,-755.48,2026-05-14 12:10:00+00:00,95.54803227065048,FULL_TP2,200.0,50.61,-704.88,2026-05-14 08:50:00+00:00,2026-05
132,XTIUSD,SELL,2026-05-14 15:10:00+00:00,96.59,97.50859032609588,95.30397354346576,94.75281934780824,97.50859032609588,0.9185903260958843,1.2860264565342379,1.8371806521917686,5.44,2.72,2.72,False,False,-704.88,2026-05-14 17:50:00+00:00,97.50859032609588,SL,160.0,-77.2,-782.08,2026-05-14 15:10:00+00:00,2026-05
133,XTIUSD,BUY,2026-05-15 07:50:00+00:00,98.71,97.9546643035719,99.76746997499932,100.22067139285616,98.71,0.7553356964280863,1.0574699749993208,1.5106713928561726,6.62,3.31,3.31,True,False,-782.08,2026-05-15 08:25:00+00:00,100.22067139285616,FULL_TP2,35.0,51.91,-730.17,2026-05-15 07:50:00+00:00,2026-05
134,XTIUSD,BUY,2026-05-15 12:00:00+00:00,99.86,98.9212434425874,101.17425918037763,101.7375131148252,99.86,0.9387565574125996,1.3142591803776393,1.8775131148251991,5.33,2.67,2.66,True,False,-730.17,2026-05-17 22:00:00+00:00,101.7375131148252,FULL_TP2,3480.0,58.38,-671.79,2026-05-15 12:00:00+00:00,2026-05
135,XTIUSD,BUY,2026-05-18 06:25:00+00:00,102.73,101.91752413042614,103.86746621740342,104.35495173914774,101.91752413042614,0.812475869573864,1.1374662174034096,1.624951739147728,6.15,3.08,3.07,False,False,-671.79,2026-05-18 07:20:00+00:00,101.91752413042614,SL,55.0,-80.75,-752.54,2026-05-18 06:25:00+00:00,2026-05
136,XTIUSD,BUY,2026-05-18 17:35:00+00:00,102.5,101.3146827087261,104.15944420778345,104.8706345825478,102.5,1.1853172912738974,1.6594442077834564,2.370634582547795,4.22,2.11,2.11,True,False,-752.54,2026-05-18 19:00:00+00:00,102.5,TP1_THEN_BE,85.0,13.91,-738.62,2026-05-18 17:35:00+00:00,2026-05
137,XTIUSD,BUY,2026-05-19 08:10:00+00:00,102.95,101.94565263999849,104.35608630400212,104.95869472000302,101.94565263999849,1.0043473600015138,1.4060863040021192,2.0086947200030276,4.98,2.49,2.49,False,False,-738.62,2026-05-19 09:55:00+00:00,101.94565263999849,SL,105.0,-74.9,-813.52,2026-05-19 08:10:00+00:00,2026-05
138,XTIUSD,BUY,2026-05-19 10:40:00+00:00,103.03,102.0389045722436,104.41753359885897,105.01219085551281,102.0389045722436,0.9910954277564066,1.3875335988589692,1.9821908555128132,5.04,2.52,2.52,False,False,-813.52,2026-05-19 14:00:00+00:00,102.0389045722436,SL,200.0,-75.2,-888.72,2026-05-19 10:40:00+00:00,2026-05
139,XTIUSD,BUY,2026-05-19 18:25:00+00:00,103.65,102.67643266446372,105.0129942697508,105.59713467107258,102.67643266446372,0.9735673355362907,1.3629942697508068,1.9471346710725814,5.14,2.57,2.57,False,False,-888.72,2026-05-19 22:00:00+00:00,103.22,EOD_EXIT,215.0,-47.8,-936.53,2026-05-19 18:25:00+00:00,2026-05
140,XTIUSD,SELL,2026-05-20 12:15:00+00:00,100.73,101.68361710931356,99.39493604696102,98.8227657813729,101.68361710931356,0.953617109313557,1.3350639530389798,1.907234218627114,5.24,2.62,2.62,False,False,-936.53,2026-05-20 14:10:00+00:00,101.68361710931356,SL,115.0,-76.2,-1012.73,2026-05-20 12:15:00+00:00,2026-05
141,XTIUSD,SELL,2026-05-20 14:15:00+00:00,99.3,100.31439434425505,97.87984791804291,97.27121131148988,100.31439434425505,1.0143943442550574,1.4201520819570803,2.0287886885101147,4.93,2.46,2.47,False,False,-1012.73,2026-05-20 15:15:00+00:00,97.27121131148988,FULL_TP2,60.0,60.4,-952.33,2026-05-20 14:15:00+00:00,2026-05
142,XTIUSD,SELL,2026-05-20 18:30:00+00:00,97.03,98.40600783179583,95.10358903548584,94.27798433640834,98.40600783179583,1.3760078317958324,1.9264109645141652,2.752015663591665,3.63,1.81,1.82,False,False,-952.33,2026-05-20 22:00:00+00:00,97.79,EOD_EXIT,210.0,-45.74,-998.07,2026-05-20 18:30:00+00:00,2026-05
143,XTIUSD,BUY,2026-05-21 15:00:00+00:00,100.63,99.39797952055707,102.35482867122009,103.09404095888584,99.39797952055707,1.232020479442923,1.7248286712200922,2.464040958885846,4.06,2.03,2.03,False,False,-998.07,2026-05-21 16:00:00+00:00,99.39797952055707,SL,60.0,-70.3,-1068.37,2026-05-21 15:00:00+00:00,2026-05
144,XTIUSD,SELL,2026-05-22 11:40:00+00:00,96.74,97.79894632615749,95.25747514337951,94.62210734768502,96.74,1.0589463261574914,1.4825248566204878,2.117892652314983,4.72,2.36,2.36,True,False,-1068.37,2026-05-22 13:10:00+00:00,94.62210734768502,FULL_TP2,90.0,61.37,-1007.0,2026-05-22 11:40:00+00:00,2026-05
145,XTIUSD,SELL,2026-05-22 15:35:00+00:00,96.06,97.2700178576995,94.3659749992207,93.63996428460099,96.06,1.2100178576995033,1.6940250007793045,2.4200357153990066,4.13,2.06,2.07,True,False,-1007.0,2026-05-22 20:40:00+00:00,96.06,TP1_THEN_BE,305.0,14.25,-992.75,2026-05-22 15:35:00+00:00,2026-05
146,XTIUSD,SELL,2026-05-25 14:20:00+00:00,90.23,91.27770863017643,88.763207917753,88.13458273964713,90.23,1.0477086301764358,1.46679208224701,2.0954172603528716,4.77,2.38,2.39,True,False,-992.75,2026-05-25 22:00:00+00:00,90.23,TP1_THEN_BE,460.0,11.06,-981.69,2026-05-25 14:20:00+00:00,2026-05
147,XTIUSD,BUY,2026-05-26 11:35:00+00:00,91.58,90.6898545120462,92.82620368313532,93.3602909759076,90.6898545120462,0.8901454879537993,1.246203683135319,1.7802909759075987,5.62,2.81,2.81,False,False,-981.69,2026-05-26 13:50:00+00:00,93.3602909759076,FULL_TP2,135.0,56.94,-924.75,2026-05-26 11:35:00+00:00,2026-05
148,XTIUSD,BUY,2026-05-26 16:40:00+00:00,92.99,92.02811313987692,94.3366416041723,94.91377372024614,92.02811313987692,0.9618868601230708,1.346641604172299,1.9237737202461416,5.2,2.6,2.6,False,False,-924.75,2026-05-26 22:00:00+00:00,92.05,EOD_EXIT,320.0,-74.88,-999.63,2026-05-26 16:40:00+00:00,2026-05
149,XTIUSD,SELL,2026-05-27 12:15:00+00:00,88.52,89.27097827233032,87.46863041873753,87.01804345533934,88.52,0.7509782723303273,1.0513695812624582,1.5019565446606546,6.66,3.33,3.33,True,False,-999.63,2026-05-27 12:30:00+00:00,87.01804345533934,FULL_TP2,15.0,51.73,-947.9,2026-05-27 12:15:00+00:00,2026-05
150,XTIUSD,SELL,2026-05-27 16:15:00+00:00,89.09,90.06085043825559,87.73080938644219,87.14829912348884,89.09,0.970850438255583,1.3591906135578162,1.941700876511166,5.15,2.58,2.57,True,False,-947.9,2026-05-27 22:00:00+00:00,88.21,EOD_EXIT,345.0,31.93,-915.97,2026-05-27 16:15:00+00:00,2026-05
151,XTIUSD,SELL,2026-05-28 15:55:00+00:00,88.73,89.78682843330566,87.2504401933721,86.61634313338871,88.73,1.0568284333056477,1.4795598066279068,2.1136568666112954,4.73,2.37,2.36,True,False,-915.97,2026-05-28 22:00:00+00:00,87.36,EOD_EXIT,365.0,43.75,-872.22,2026-05-28 15:55:00+00:00,2026-05
152,XTIUSD,SELL,2026-05-29 06:20:00+00:00,86.56,87.42546783891729,85.3483450255158,84.82906432216542,87.42546783891729,0.8654678389172866,1.2116549744842011,1.7309356778345732,5.78,2.89,2.89,False,False,-872.22,2026-05-29 07:35:00+00:00,87.42546783891729,SL,75.0,-78.9,-951.12,2026-05-29 06:20:00+00:00,2026-05
153,XTIUSD,SELL,2026-05-29 12:55:00+00:00,86.37,87.32175555626489,85.03754222122916,84.46648888747022,87.32175555626489,0.9517555562648912,1.3324577787708476,1.9035111125297823,5.25,2.62,2.63,False,False,-951.12,2026-05-29 14:25:00+00:00,87.32175555626489,SL,90.0,-76.25,-1027.37,2026-05-29 12:55:00+00:00,2026-05
154,XTIUSD,SELL,2026-05-29 15:05:00+00:00,85.78,86.76040705434183,84.40743012392144,83.81918589131635,86.76040705434183,0.9804070543418235,1.3725698760785527,1.960814108683647,5.1,2.55,2.55,False,False,-1027.37,2026-05-29 16:05:00+00:00,86.76040705434183,SL,60.0,-75.5,-1102.87,2026-05-29 15:05:00+00:00,2026-05
155,XTIUSD,BUY,2026-06-01 20:55:00+00:00,90.85,89.63836531933816,92.54628855292657,93.27326936132366,89.63836531933816,1.2116346806618343,1.6962885529265679,2.4232693613236687,4.13,2.06,2.07,False,False,-1102.87,2026-06-01 22:00:00+00:00,90.71,EOD_EXIT,65.0,-26.43,-1129.3,2026-06-01 20:55:00+00:00,2026-06
156,XTIUSD,SELL,2026-06-02 12:05:00+00:00,89.24,90.08102409067783,88.06256627305103,87.55795181864433,90.08102409067783,0.8410240906778339,1.1774337269489674,1.6820481813556678,5.95,2.98,2.97,False,False,-1129.3,2026-06-02 13:05:00+00:00,90.08102409067783,SL,60.0,-79.75,-1209.05,2026-06-02 12:05:00+00:00,2026-06
157,XTIUSD,BUY,2026-06-02 15:35:00+00:00,90.48,89.61634477871021,91.68911730980572,92.2073104425796,90.48,0.863655221289796,1.2091173098057144,1.727310442579592,5.79,2.9,2.89,True,False,-1209.05,2026-06-02 22:00:00+00:00,91.99,EOD_EXIT,385.0,49.75,-1159.3,2026-06-02 15:35:00+00:00,2026-06
158,XTIUSD,BUY,2026-06-03 12:25:00+00:00,94.16,93.40122567177403,95.22228405951634,95.67754865645192,93.40122567177403,0.7587743282259618,1.0622840595163465,1.5175486564519236,6.59,3.29,3.3,False,False,-1159.3,2026-06-03 13:05:00+00:00,93.40122567177403,SL,40.0,-82.95,-1242.25,2026-06-03 12:25:00+00:00,2026-06
159,XTIUSD,BUY,2026-06-03 14:40:00+00:00,93.59,92.76728131902966,94.74180615335848,95.2354373619407,92.76728131902966,0.8227186809703452,1.1518061533584831,1.6454373619406903,6.08,3.04,3.04,False,False,-1242.25,2026-06-03 22:00:00+00:00,93.46,EOD_EXIT,440.0,-38.3,-1280.55,2026-06-03 14:40:00+00:00,2026-06
160,XTIUSD,SELL,2026-06-04 06:05:00+00:00,92.99,93.63908946920257,92.08127474311638,91.69182106159482,92.99,0.649089469202585,0.9087252568836189,1.29817893840517,7.7,3.85,3.85,True,False,-1280.55,2026-06-04 10:10:00+00:00,92.99,TP1_THEN_BE,245.0,-3.51,-1284.07,2026-06-04 06:05:00+00:00,2026-06
161,XTIUSD,SELL,2026-06-04 11:10:00+00:00,92.48,93.18061071333491,91.49914500133113,91.07877857333018,92.48,0.7006107133349117,0.9808549986688763,1.4012214266698233,7.14,3.57,3.57,True,False,-1284.07,2026-06-04 11:45:00+00:00,91.07877857333018,FULL_TP2,35.0,49.34,-1234.73,2026-06-04 11:10:00+00:00,2026-06
162,XTIUSD,SELL,2026-06-04 16:30:00+00:00,90.62,91.44804444127867,89.46073778220986,88.96391111744266,91.44804444127867,0.82804444127867,1.159262217790138,1.65608888255734,6.04,3.02,3.02,False,False,-1234.73,2026-06-04 22:00:00+00:00,90.77,EOD_EXIT,330.0,-39.26,-1273.99,2026-06-04 16:30:00+00:00,2026-06
163,XTIUSD,SELL,2026-06-05 19:10:00+00:00,88.38,89.14120796345587,87.31430885116177,86.85758407308823,89.14120796345587,0.7612079634558783,1.0656911488382295,1.5224159269117565,6.57,3.29,3.28,False,False,-1273.99,2026-06-07 22:00:00+00:00,89.14120796345587,SL,3050.0,-82.85,-1356.84,2026-06-05 19:10:00+00:00,2026-06
164,XTIUSD,BUY,2026-06-08 07:50:00+00:00,92.79,91.8750732018268,94.0708975174425,94.61985359634643,91.8750732018268,0.9149267981732143,1.2808975174425,1.8298535963464286,5.46,2.73,2.73,False,False,-1356.84,2026-06-08 10:30:00+00:00,91.8750732018268,SL,160.0,-77.3,-1434.14,2026-06-08 07:50:00+00:00,2026-06
165,XTIUSD,SELL,2026-06-08 15:50:00+00:00,89.98,91.08717273958838,88.42995816457628,87.76565452082326,91.08717273958838,1.1071727395883715,1.55004183542372,2.214345479176743,4.52,2.26,2.26,False,False,-1434.14,2026-06-08 22:00:00+00:00,89.81,EOD_EXIT,370.0,-14.92,-1449.05,2026-06-08 15:50:00+00:00,2026-06
166,XTIUSD,SELL,2026-06-09 10:50:00+00:00,87.7,88.40165281085663,86.71768606480072,86.29669437828674,88.40165281085663,0.7016528108566309,0.9823139351992832,1.4033056217132618,7.13,3.56,3.57,False,False,-1449.05,2026-06-09 13:45:00+00:00,86.29669437828674,FULL_TP2,175.0,49.42,-1399.63,2026-06-09 10:50:00+00:00,2026-06
167,XTIUSD,SELL,2026-06-10 08:45:00+00:00,86.46,87.29503330035698,85.29095337950021,84.78993339928601,87.29503330035698,0.8350333003569873,1.1690466204997823,1.6700666007139746,5.99,3.0,2.99,False,False,-1399.63,2026-06-10 11:00:00+00:00,87.29503330035698,SL,135.0,-79.95,-1479.58,2026-06-10 08:45:00+00:00,2026-06
168,XTIUSD,BUY,2026-06-10 15:40:00+00:00,88.55,87.56084235760707,89.93482069935008,90.52831528478583,88.55,0.9891576423929187,1.384820699350086,1.9783152847858374,5.05,2.52,2.53,True,False,-1479.58,2026-06-10 18:25:00+00:00,88.55,TP1_THEN_BE,165.0,9.65,-1469.94,2026-06-10 15:40:00+00:00,2026-06
169,XTIUSD,BUY,2026-06-10 20:10:00+00:00,89.4,88.4215664073805,90.76980702966732,91.35686718523903,88.4215664073805,0.9784335926195064,1.3698070296673088,1.9568671852390127,5.11,2.56,2.55,False,False,-1469.94,2026-06-10 22:00:00+00:00,90.35,EOD_EXIT,110.0,22.99,-1446.94,2026-06-10 20:10:00+00:00,2026-06
170,XTIUSD,SELL,2026-06-12 07:30:00+00:00,84.33,85.21960953053781,83.08454665724706,82.55078093892438,84.33,0.8896095305378101,1.2454533427529342,1.7792190610756202,5.62,2.81,2.81,True,False,-1446.94,2026-06-12 08:15:00+00:00,82.55078093892438,FULL_TP2,45.0,56.89,-1390.05,2026-06-12 07:30:00+00:00,2026-06
171,XTIUSD,SELL,2026-06-12 14:55:00+00:00,83.56,84.61424253775222,82.0840604471469,81.45151492449557,84.61424253775222,1.0542425377522195,1.4759395528531072,2.108485075504439,4.74,2.37,2.37,False,False,-1390.05,2026-06-14 22:00:00+00:00,81.45151492449557,FULL_TP2,3305.0,61.25,-1328.8,2026-06-12 14:55:00+00:00,2026-06
172,XTIUSD,SELL,2026-06-15 06:35:00+00:00,79.29,80.21345910028823,77.99715725959649,77.44308179942357,80.21345910028823,0.9234591002882228,1.2928427404035119,1.8469182005764455,5.41,2.71,2.7,False,False,-1328.8,2026-06-15 20:00:00+00:00,80.21345910028823,SL,805.0,-77.05,-1405.85,2026-06-15 06:35:00+00:00,2026-06
173,XTIUSD,SELL,2026-06-16 07:05:00+00:00,78.93,79.42792993415516,78.2328980921828,77.9341401316897,78.93,0.4979299341551509,0.6971019078172113,0.9958598683103018,10.04,5.02,5.02,True,False,-1405.85,2026-06-16 08:05:00+00:00,77.9341401316897,FULL_TP2,60.0,34.79,-1371.06,2026-06-16 07:05:00+00:00,2026-06
174,XTIUSD,SELL,2026-06-16 14:25:00+00:00,76.5,77.12811773753525,75.62063516745064,75.24376452492949,77.12811773753525,0.6281177375352542,0.8793648325493558,1.2562354750705085,7.96,3.98,3.98,False,False,-1371.06,2026-06-16 15:50:00+00:00,75.24376452492949,FULL_TP2,85.0,45.2,-1325.86,2026-06-16 14:25:00+00:00,2026-06
175,XTIUSD,SELL,2026-06-17 06:45:00+00:00,74.48,75.08786302152419,73.62899176986615,73.26427395695163,75.08786302152419,0.6078630215241871,0.851008230133862,1.2157260430483743,8.23,4.12,4.11,False,False,-1325.86,2026-06-17 08:10:00+00:00,75.08786302152419,SL,85.0,-91.15,-1417.01,2026-06-17 06:45:00+00:00,2026-06
176,XTIUSD,SELL,2026-06-17 19:00:00+00:00,75.67,76.51341615774386,74.4892173791586,73.98316768451228,76.51341615774386,0.8434161577438584,1.1807826208414016,1.6868323154877167,5.93,2.96,2.97,False,False,-1417.01,2026-06-17 22:00:00+00:00,75.05,EOD_EXIT,180.0,7.12,-1409.9,2026-06-17 19:00:00+00:00,2026-06
177,XTIUSD,SELL,2026-06-18 08:40:00+00:00,73.86,74.53156629945157,72.91980718076779,72.51686740109685,74.53156629945157,0.6715662994515752,0.9401928192322052,1.3431325989031504,7.45,3.73,3.72,False,False,-1409.9,2026-06-18 10:35:00+00:00,74.53156629945157,SL,115.0,-87.25,-1497.15,2026-06-18 08:40:00+00:00,2026-06
178,XTIUSD,BUY,2026-06-19 07:20:00+00:00,76.09,75.43615747885933,77.00537952959695,77.39768504228137,75.43615747885933,0.6538425211406805,0.9153795295969527,1.307685042281361,7.65,3.83,3.82,False,False,-1497.15,2026-06-19 08:30:00+00:00,75.43615747885933,SL,70.0,-88.25,-1585.4,2026-06-19 07:20:00+00:00,2026-06
179,XTIUSD,BUY,2026-06-19 10:35:00+00:00,76.02,75.36756121758525,76.93341429538064,77.32487756482949,75.36756121758525,0.6524387824147516,0.9134142953806522,1.3048775648295032,7.66,3.83,3.83,False,False,-1585.4,2026-06-19 12:50:00+00:00,75.36756121758525,SL,135.0,-88.3,-1673.7,2026-06-19 10:35:00+00:00,2026-06
180,XTIUSD,BUY,2026-06-19 14:00:00+00:00,75.9,75.17254388628312,76.91843855920364,77.35491222743377,75.17254388628312,0.7274561137168815,1.018438559203634,1.454912227433763,6.87,3.44,3.43,False,False,-1673.7,2026-06-21 22:00:00+00:00,77.35491222743377,FULL_TP2,3360.0,50.59,-1623.11,2026-06-19 14:00:00+00:00,2026-06
181,XTIUSD,SELL,2026-06-22 08:40:00+00:00,75.1,75.78552420721891,74.14026610989352,73.72895158556217,75.1,0.6855242072189114,0.9597338901064759,1.3710484144378228,7.29,3.65,3.64,True,False,-1623.11,2026-06-22 13:35:00+00:00,73.72895158556217,FULL_TP2,295.0,48.49,-1574.62,2026-06-22 08:40:00+00:00,2026-06
182,XTIUSD,SELL,2026-06-22 17:00:00+00:00,73.48,74.18799940427013,72.48880083402182,72.06400119145974,74.18799940427013,0.7079994042701299,0.9911991659781817,1.4159988085402597,7.06,3.53,3.53,False,False,-1574.62,2026-06-22 22:00:00+00:00,73.91,EOD_EXIT,300.0,-65.66,-1640.28,2026-06-22 17:00:00+00:00,2026-06
183,XTIUSD,SELL,2026-06-23 12:10:00+00:00,73.3,73.84497934928106,72.5370289110065,72.21004130143785,73.3,0.5449793492810682,0.7629710889934954,1.0899586985621363,9.17,4.58,4.59,True,False,-1640.28,2026-06-23 20:10:00+00:00,73.3,TP1_THEN_BE,480.0,-10.91,-1651.19,2026-06-23 12:10:00+00:00,2026-06
184,XTIUSD,SELL,2026-06-23 20:40:00+00:00,72.98,73.51007889006135,72.23788955391413,71.91984221987732,73.51007889006135,0.5300788900613416,0.7421104460858782,1.0601577801226831,9.43,4.71,4.72,False,False,-1651.19,2026-06-23 22:00:00+00:00,72.92,EOD_EXIT,80.0,-41.49,-1692.68,2026-06-23 20:40:00+00:00,2026-06
185,XTIUSD,SELL,2026-06-24 06:35:00+00:00,72.36,72.8359991073672,71.69360124968591,71.40800178526558,72.36,0.4759991073672052,0.6663987503140872,0.9519982147344104,10.5,5.25,5.25,True,False,-1692.68,2026-06-24 09:25:00+00:00,71.40800178526558,FULL_TP2,170.0,32.47,-1660.21,2026-06-24 06:35:00+00:00,2026-06
186,XTIUSD,SELL,2026-06-24 10:40:00+00:00,71.56,72.05968009437512,70.86044786787483,70.56063981124976,71.56,0.4996800943751235,0.6995521321251729,0.999360188750247,10.01,5.0,5.01,True,False,-1660.21,2026-06-24 13:00:00+00:00,70.56063981124976,FULL_TP2,140.0,35.0,-1625.22,2026-06-24 10:40:00+00:00,2026-06
187,XTIUSD,SELL,2026-06-24 17:25:00+00:00,70.07,70.68003840662064,69.21594623073109,68.8499231867587,70.68003840662064,0.6100384066206449,0.8540537692689029,1.2200768132412898,8.2,4.1,4.1,False,False,-1625.22,2026-06-24 22:00:00+00:00,69.65,EOD_EXIT,275.0,-6.56,-1631.78,2026-06-24 17:25:00+00:00,2026-06
188,XTIUSD,SELL,2026-06-25 08:30:00+00:00,69.2,69.7041692223742,68.49416308867612,68.1916615552516,69.7041692223742,0.5041692223742031,0.7058369113238844,1.0083384447484063,9.92,4.96,4.96,False,False,-1631.78,2026-06-25 11:45:00+00:00,69.7041692223742,SL,195.0,-99.6,-1731.38,2026-06-25 08:30:00+00:00,2026-06
189,XTIUSD,SELL,2026-06-26 12:35:00+00:00,69.39,69.97029791608064,68.5775829174871,68.22940416783874,69.97029791608064,0.5802979160806339,0.8124170825128874,1.1605958321612677,8.62,4.31,4.31,False,False,-1731.38,2026-06-26 13:15:00+00:00,69.97029791608064,SL,40.0,-93.1,-1824.48,2026-06-26 12:35:00+00:00,2026-06
190,XTIUSD,SELL,2026-06-26 16:30:00+00:00,68.81,69.47075642391657,67.88494100651681,67.48848715216687,69.47075642391657,0.6607564239165697,0.9250589934831975,1.3215128478331395,7.57,3.79,3.78,False,False,-1824.48,2026-06-26 20:30:00+00:00,69.47075642391657,SL,240.0,-87.85,-1912.33,2026-06-26 16:30:00+00:00,2026-06
191,XTIUSD,BUY,2026-06-29 12:25:00+00:00,69.94,69.34144644475049,70.7779749773493,71.13710711049902,69.94,0.5985535552495069,0.8379749773493097,1.1971071104990139,8.35,4.17,4.18,True,False,-1912.33,2026-06-29 22:00:00+00:00,70.24,EOD_EXIT,575.0,5.73,-1906.59,2026-06-29 12:25:00+00:00,2026-06
192,XTIUSD,BUY,2026-06-30 11:40:00+00:00,70.7,70.24284625827708,71.3400152384121,71.61430748344586,70.7,0.45715374172292617,0.6400152384120966,0.9143074834458523,10.94,5.47,5.47,True,False,-1906.59,2026-06-30 13:20:00+00:00,70.7,TP1_THEN_BE,100.0,-19.69,-1926.29,2026-06-30 11:40:00+00:00,2026-06
193,XTIUSD,SELL,2026-07-01 10:35:00+00:00,68.53,68.9645127442318,67.92168215807548,67.6609745115364,68.9645127442318,0.43451274423180286,0.608317841924524,0.8690254884636057,11.51,5.75,5.76,False,False,-1926.29,2026-07-01 11:50:00+00:00,68.9645127442318,SL,75.0,-107.55,-2033.84,2026-07-01 10:35:00+00:00,2026-07
194,XTIUSD,SELL,2026-07-01 12:30:00+00:00,68.67,69.09909517232232,68.06926675874875,67.81180965535536,69.09909517232232,0.4290951723223203,0.6007332412512484,0.8581903446446406,11.65,5.83,5.82,False,False,-2033.84,2026-07-01 13:05:00+00:00,69.09909517232232,SL,35.0,-108.25,-2142.09,2026-07-01 12:30:00+00:00,2026-07
195,XTIUSD,SELL,2026-07-01 14:15:00+00:00,68.74,69.17825042919628,68.12644939912519,67.86349914160742,68.74,0.4382504291962861,0.6135506008748005,0.8765008583925722,11.41,5.71,5.7,True,False,-2142.09,2026-07-01 19:55:00+00:00,67.86349914160742,FULL_TP2,340.0,27.94,-2114.14,2026-07-01 14:15:00+00:00,2026-07
196,XTIUSD,SELL,2026-07-02 06:05:00+00:00,67.69,68.03448424521375,67.20772205670076,67.00103150957251,68.03448424521375,0.3444842452137434,0.4822779432992407,0.6889684904274868,14.51,7.25,7.26,False,False,-2114.14,2026-07-02 07:40:00+00:00,68.03448424521375,SL,95.0,-122.55,-2236.69,2026-07-02 06:05:00+00:00,2026-07
197,XTIUSD,SELL,2026-07-02 15:10:00+00:00,67.52,67.9260189593866,66.95157345685875,66.7079620812268,67.9260189593866,0.4060189593865983,0.5684265431412376,0.8120379187731966,12.31,6.16,6.15,False,False,-2236.69,2026-07-02 16:10:00+00:00,67.9260189593866,SL,60.0,-111.55,-2348.24,2026-07-02 15:10:00+00:00,2026-07
198,XTIUSD,BUY,2026-07-03 15:40:00+00:00,68.65,68.27675195761293,69.17254725934191,69.39649608477416,68.27675195761293,0.37324804238707376,0.5225472593419033,0.7464960847741475,13.4,6.7,6.7,False,False,-2348.24,2026-07-05 22:00:00+00:00,68.38,EOD_EXIT,3260.0,-103.18,-2451.42,2026-07-03 15:40:00+00:00,2026-07
199,XTIUSD,BUY,2026-07-07 11:00:00+00:00,69.33,68.9391432077451,69.87719950915684,70.11171358450977,68.9391432077451,0.39085679225488723,0.5471995091568421,0.7817135845097745,12.79,6.39,6.4,False,False,-2451.42,2026-07-07 11:30:00+00:00,68.9391432077451,SL,30.0,-113.95,-2565.37,2026-07-07 11:00:00+00:00,2026-07
200,XTIUSD,BUY,2026-07-07 12:50:00+00:00,69.14,68.74063297862047,69.69911382993135,69.93873404275908,69.14,0.3993670213795375,0.5591138299313525,0.798734042759075,12.52,6.26,6.26,True,False,-2565.37,2026-07-07 14:00:00+00:00,69.93873404275908,FULL_TP2,70.0,22.4,-2542.97,2026-07-07 12:50:00+00:00,2026-07
201,XTIUSD,BUY,2026-07-07 18:45:00+00:00,70.72,70.28606568942655,71.32750803480282,71.5878686211469,70.72,0.433934310573446,0.6075080348028243,0.867868621146892,11.52,5.76,5.76,True,False,-2542.97,2026-07-07 19:05:00+00:00,71.5878686211469,FULL_TP2,20.0,27.38,-2515.59,2026-07-07 18:45:00+00:00,2026-07
202,XTIUSD,BUY,2026-07-08 08:15:00+00:00,73.23,72.73359004518308,73.9249739367437,74.22281990963386,73.23,0.49640995481692646,0.694973936743697,0.9928199096338529,10.07,5.04,5.03,True,False,-2515.59,2026-07-08 08:35:00+00:00,74.22281990963386,FULL_TP2,20.0,34.62,-2480.97,2026-07-08 08:15:00+00:00,2026-07
203,XTIUSD,BUY,2026-07-08 11:35:00+00:00,74.09,73.39181753982041,75.06745544425142,75.48636492035918,73.39181753982041,0.698182460179588,0.9774554442514231,1.396364920359176,7.16,3.58,3.58,False,False,-2480.97,2026-07-08 11:40:00+00:00,73.39181753982041,SL,5.0,-85.8,-2566.77,2026-07-08 11:35:00+00:00,2026-07
204,XTIUSD,BUY,2026-07-08 14:05:00+00:00,73.87,73.1082154282017,74.93649840051764,75.39356914359662,73.87,0.7617845717983064,1.0664984005176288,1.5235691435966128,6.56,3.28,3.28,True,False,-2566.77,2026-07-08 15:15:00+00:00,75.39356914359662,FULL_TP2,70.0,52.15,-2514.62,2026-07-08 14:05:00+00:00,2026-07
205,XTIUSD,BUY,2026-07-08 19:45:00+00:00,74.05,73.18361683558801,75.26293643017677,75.78276632882395,73.18361683558801,0.8663831644119812,1.2129364301767736,1.7327663288239623,5.77,2.88,2.89,False,False,-2514.62,2026-07-08 22:00:00+00:00,74.35,EOD_EXIT,135.0,-11.54,-2526.16,2026-07-08 19:45:00+00:00,2026-07
206,XTIUSD,BUY,2026-07-09 12:50:00+00:00,73.6,72.84176979808704,74.66152228267812,75.1164604038259,72.84176979808704,0.758230201912949,1.0615222826781285,1.516460403825898,6.59,3.29,3.3,False,False,-2526.16,2026-07-09 13:15:00+00:00,72.84176979808704,SL,25.0,-82.95,-2609.11,2026-07-09 12:50:00+00:00,2026-07
207,XTIUSD,SELL,2026-07-09 18:45:00+00:00,71.6,72.34917562950297,70.55115411869585,70.10164874099407,72.34917562950297,0.7491756295029658,1.0488458813041521,1.4983512590059316,6.67,3.33,3.34,False,False,-2609.11,2026-07-09 22:00:00+00:00,71.62,EOD_EXIT,195.0,-34.68,-2643.79,2026-07-09 18:45:00+00:00,2026-07
208,XTIUSD,SELL,2026-07-10 20:50:00+00:00,71.36,72.00369709475623,70.45882406734127,70.07260581048753,72.00369709475623,0.6436970947562359,0.9011759326587302,1.2873941895124719,7.77,3.88,3.89,False,False,-2643.79,2026-07-12 22:00:00+00:00,72.00369709475623,SL,2950.0,-88.85,-2732.64,2026-07-10 20:50:00+00:00,2026-07
209,XTIUSD,BUY,2026-07-13 14:15:00+00:00,74.68,74.01504293272764,75.61093989418133,76.00991413454474,74.01504293272764,0.6649570672723719,0.9309398941813206,1.3299141345447438,7.52,3.76,3.76,False,False,-2732.64,2026-07-13 14:50:00+00:00,74.01504293272764,SL,35.0,-87.6,-2820.24,2026-07-13 14:15:00+00:00,2026-07
210,XTIUSD,BUY,2026-07-14 06:20:00+00:00,79.31,78.4379785035798,80.53083009498827,81.0540429928404,79.31,0.8720214964201988,1.2208300949882782,1.7440429928403975,5.73,2.87,2.86,True,False,-2820.24,2026-07-14 11:30:00+00:00,79.31,TP1_THEN_BE,310.0,6.39,-2813.86,2026-07-14 06:20:00+00:00,2026-07
211,XTIUSD,BUY,2026-07-14 12:40:00+00:00,79.77,78.81761794921832,81.10333487109435,81.67476410156335,78.81761794921832,0.9523820507816803,1.3333348710943522,1.9047641015633605,5.25,2.62,2.63,False,False,-2813.86,2026-07-14 14:05:00+00:00,78.81761794921832,SL,85.0,-76.25,-2890.11,2026-07-14 12:40:00+00:00,2026-07
212,XTIUSD,SELL,2026-07-15 17:40:00+00:00,78.51,79.27563239724371,77.43811464385882,76.9787352055126,79.27563239724371,0.7656323972437027,1.0718853561411836,1.5312647944874054,6.53,3.27,3.26,False,False,-2890.11,2026-07-15 18:30:00+00:00,79.27563239724371,SL,50.0,-82.65,-2972.76,2026-07-15 17:40:00+00:00,2026-07
213,XTIUSD,BUY,2026-07-17 20:15:00+00:00,81.5,80.85833623655478,82.3983292688233,82.78332752689043,80.85833623655478,0.6416637634452186,0.898329268823306,1.2833275268904372,7.79,3.9,3.89,False,False,-2972.76,2026-07-19 22:00:00+00:00,82.78332752689043,FULL_TP2,2985.0,46.01,-2926.75,2026-07-17 20:15:00+00:00,2026-07
214,XTIUSD,SELL,2026-07-20 14:35:00+00:00,81.14,82.04368579000153,79.87483989399786,79.33262841999695,82.04368579000153,0.9036857900015268,1.2651601060021376,1.8073715800030536,5.53,2.77,2.76,False,False,-2926.75,2026-07-20 16:40:00+00:00,82.04368579000153,SL,125.0,-77.65,-3004.4,2026-07-20 14:35:00+00:00,2026-07
215,XTIUSD,BUY,2026-07-20 20:45:00+00:00,82.29,81.37070265228144,83.577016286806,84.12859469543714,81.37070265228144,0.9192973477185689,1.2870162868059962,1.8385946954371377,5.44,2.72,2.72,False,False,-3004.4,2026-07-20 22:00:00+00:00,82.34,EOD_EXIT,75.0,-24.48,-3028.88,2026-07-20 20:45:00+00:00,2026-07
216,XTIUSD,BUY,2026-07-21 15:35:00+00:00,84.23,83.4295366376058,85.35064870735188,85.8309267247884,83.4295366376058,0.8004633623941979,1.120648707351877,1.6009267247883958,6.25,3.12,3.13,False,False,-3028.88,2026-07-21 22:00:00+00:00,84.19,EOD_EXIT,385.0,-33.75,-3062.63,2026-07-21 15:35:00+00:00,2026-07
217,XTIUSD,BUY,2026-07-22 06:15:00+00:00,85.3,84.69944836163043,86.14077229371738,86.50110327673912,85.3,0.6005516383695613,0.8407722937173857,1.2011032767391225,8.33,4.17,4.16,True,False,-3062.63,2026-07-22 07:35:00+00:00,86.50110327673912,FULL_TP2,80.0,43.38,-3019.25,2026-07-22 06:15:00+00:00,2026-07
218,XTIUSD,BUY,2026-07-22 14:15:00+00:00,86.39,85.55177356986381,87.56351700219066,88.06645286027238,85.55177356986381,0.8382264301361866,1.1735170021906611,1.6764528602723732,5.96,2.98,2.98,False,False,-3019.25,2026-07-22 15:45:00+00:00,85.55177356986381,SL,90.0,-79.8,-3099.05,2026-07-22 14:15:00+00:00,2026-07
219,XTIUSD,BUY,2026-07-23 06:30:00+00:00,87.62,86.88135903838791,88.65409734625693,89.09728192322419,87.62,0.7386409616120945,1.0340973462569323,1.477281923224189,6.77,3.38,3.39,True,False,-3099.05,2026-07-23 09:10:00+00:00,89.09728192322419,FULL_TP2,160.0,51.18,-3047.87,2026-07-23 06:30:00+00:00,2026-07
220,XTIUSD,BUY,2026-07-23 20:40:00+00:00,91.14,90.23149229847253,92.41191078213846,92.95701540305494,90.23149229847253,0.9085077015274716,1.27191078213846,1.8170154030549432,5.5,2.75,2.75,False,False,-3047.87,2026-07-23 22:00:00+00:00,91.31,EOD_EXIT,80.0,-18.15,-3066.02,2026-07-23 20:40:00+00:00,2026-07
221,XTIUSD,SELL,2026-07-24 12:00:00+00:00,88.54,89.38709953177997,87.35406065550805,86.84580093644007,89.38709953177997,0.8470995317799677,1.1859393444919546,1.6941990635599353,5.9,2.95,2.95,False,False,-3066.02,2026-07-24 13:25:00+00:00,89.38709953177997,SL,85.0,-79.5,-3145.52,2026-07-24 12:00:00+00:00,2026-07
222,XTIUSD,SELL,2026-07-24 14:15:00+00:00,88.52,89.40964194321843,87.27450127949417,86.74071611356311,88.52,0.8896419432184415,1.245498720505818,1.779283886436883,5.62,2.81,2.81,True,False,-3145.52,2026-07-24 19:05:00+00:00,88.52,TP1_THEN_BE,290.0,6.9,-3138.62,2026-07-24 14:15:00+00:00,2026-07
223,XTIUSD,SELL,2026-07-27 08:25:00+00:00,82.63,83.71517165335841,81.1107596852982,80.45965669328316,82.63,1.0851716533584177,1.5192403147017848,2.1703433067168354,4.61,2.31,2.3,True,False,-3138.62,2026-07-27 22:00:00+00:00,81.11,EOD_EXIT,815.0,47.0,-3091.62,2026-07-27 08:25:00+00:00,2026-07
224,XTIUSD,SELL,2026-07-28 06:35:00+00:00,80.49,81.3124592414352,79.3385570619907,78.84508151712956,80.49,0.8224592414352159,1.151442938009302,1.6449184828704317,6.08,3.04,3.04,True,False,-3091.62,2026-07-28 10:35:00+00:00,80.49,TP1_THEN_BE,240.0,4.6,-3087.01,2026-07-28 06:35:00+00:00,2026-07
225,XTIUSD,SELL,2026-07-28 12:45:00+00:00,80.23,81.14130962767065,78.9541665212611,78.40738074465872,80.23,0.9113096276706404,1.2758334787388965,1.8226192553412808,5.49,2.75,2.74,True,False,-3087.01,2026-07-28 15:30:00+00:00,78.40738074465872,FULL_TP2,165.0,57.58,-3029.44,2026-07-28 12:45:00+00:00,2026-07
226,XTIUSD,SELL,2026-07-28 19:15:00+00:00,78.22,79.25550140230757,76.7702980367694,76.14899719538485,79.25550140230757,1.0355014023075724,1.4497019632306012,2.0710028046151447,4.83,2.42,2.41,False,False,-3029.44,2026-07-28 22:00:00+00:00,79.25550140230757,SL,165.0,-74.15,-3103.59,2026-07-28 19:15:00+00:00,2026-07
227,XTIUSD,BUY,2026-07-29 12:05:00+00:00,81.98,81.06587159646857,83.25977976494401,83.80825680706289,81.98,0.9141284035314392,1.2797797649440148,1.8282568070628784,5.47,2.73,2.74,True,False,-3103.59,2026-07-29 14:30:00+00:00,83.80825680706289,FULL_TP2,145.0,57.68,-3045.91,2026-07-29 12:05:00+00:00,2026-07
228,XTIUSD,BUY,2026-07-29 15:55:00+00:00,83.87,82.884956230846,85.2490612768156,85.840087538308,82.884956230846,0.9850437691539984,1.3790612768155976,1.9700875383079968,5.08,2.54,2.54,False,False,-3045.91,2026-07-29 22:00:00+00:00,83.3,EOD_EXIT,365.0,-54.36,-3100.26,2026-07-29 15:55:00+00:00,2026-07
229,XTIUSD,BUY,2026-07-30 07:15:00+00:00,83.87,83.04381571666545,85.02665799666838,85.52236856666912,83.04381571666545,0.8261842833345536,1.156657996668375,1.6523685666691073,6.05,3.02,3.03,False,False,-3100.26,2026-07-30 08:30:00+00:00,83.04381571666545,SL,75.0,-80.25,-3180.51,2026-07-30 07:15:00+00:00,2026-07
230,XTIUSD,SELL,2026-07-30 16:10:00+00:00,82.78,83.6937473628129,81.50075369206195,80.95250527437422,83.6937473628129,0.9137473628128917,1.2792463079380483,1.8274947256257834,5.47,2.73,2.74,False,False,-3180.51,2026-07-30 22:00:00+00:00,82.69,EOD_EXIT,350.0,-22.43,-3202.94,2026-07-30 16:10:00+00:00,2026-07
231,XTIUSD,SELL,2026-07-31 08:15:00+00:00,80.78,81.49940881549004,79.77282765831394,79.34118236901992,81.49940881549004,0.7194088154900385,1.0071723416860539,1.438817630980077,6.95,3.48,3.47,False,False,-3202.94,2026-07-31 08:30:00+00:00,81.49940881549004,SL,15.0,-84.75,-3287.69,2026-07-31 08:15:00+00:00,2026-07
232,XTIUSD,BUY,2026-07-31 14:40:00+00:00,83.94,83.15428994359192,85.0399940789713,85.51142011281615,83.15428994359192,0.7857100564080775,1.0999940789713083,1.571420112816155,6.36,3.18,3.18,False,False,-3287.69,2026-07-31 15:45:00+00:00,83.15428994359192,SL,65.0,-81.8,-3369.49,2026-07-31 14:40:00+00:00,2026-07
233,XTIUSD,BUY,2026-07-31 17:40:00+00:00,83.52,82.66047922961788,84.72332907853497,85.23904154076425,82.66047922961788,0.8595207703821224,1.2033290785349713,1.7190415407642448,5.82,2.91,2.91,False,False,-3369.49,2026-07-31 20:55:00+00:00,85.23904154076425,FULL_TP2,195.0,55.94,-3313.55,2026-07-31 17:40:00+00:00,2026-07
234,XTIUSD,SELL,2026-08-03 10:00:00+00:00,78.72,79.75742718838944,77.26760193625479,76.64514562322113,79.75742718838944,1.0374271883894375,1.4523980637452123,2.074854376778875,4.82,2.41,2.41,False,False,-3313.55,2026-08-03 22:00:00+00:00,78.71,EOD_EXIT,720.0,-23.62,-3337.17,2026-08-03 10:00:00+00:00,2026-08
235,XTIUSD,BUY,2026-08-04 08:05:00+00:00,79.63,78.97379736442527,80.54868368980462,80.94240527114947,79.63,0.6562026355747361,0.9186836898046306,1.3124052711494723,7.62,3.81,3.81,True,False,-3337.17,2026-08-04 10:45:00+00:00,79.63,TP1_THEN_BE,160.0,-3.1,-3340.26,2026-08-04 08:05:00+00:00,2026-08
236,XTIUSD,SELL,2026-08-04 15:15:00+00:00,75.68,76.76757875541075,74.15738974242495,73.50484248917851,76.76757875541075,1.0875787554107494,1.522610257575049,2.175157510821499,4.6,2.3,2.3,False,False,-3340.26,2026-08-04 22:00:00+00:00,74.46,EOD_EXIT,405.0,33.12,-3307.14,2026-08-04 15:15:00+00:00,2026-08
237,XTIUSD,SELL,2026-08-05 16:45:00+00:00,74.32,75.16729211488087,73.13379103916678,72.62541577023826,75.16729211488087,0.8472921148808679,1.186208960833215,1.6945842297617357,5.9,2.95,2.95,False,False,-3307.14,2026-08-05 22:00:00+00:00,74.29,EOD_EXIT,315.0,-27.73,-3334.87,2026-08-05 16:45:00+00:00,2026-08
238,XTIUSD,SELL,2026-08-06 08:40:00+00:00,74.33,74.95020907212393,73.46170729902651,73.08958185575216,74.95020907212393,0.6202090721239217,0.8682927009734904,1.2404181442478435,8.06,4.03,4.03,False,False,-3334.87,2026-08-06 10:20:00+00:00,74.95020907212393,SL,100.0,-90.3,-3425.17,2026-08-06 08:40:00+00:00,2026-08
239,XTIUSD,BUY,2026-08-06 14:05:00+00:00,75.43,74.78344201007747,76.33518118589156,76.72311597984509,74.78344201007747,0.6465579899225398,0.9051811858915556,1.2931159798450795,7.73,3.87,3.86,False,False,-3425.17,2026-08-06 15:50:00+00:00,76.72311597984509,FULL_TP2,105.0,46.29,-3378.88,2026-08-06 14:05:00+00:00,2026-08
240,XTIUSD,BUY,2026-08-06 19:00:00+00:00,76.78,76.1118252518439,77.71544464741855,78.11634949631221,76.1118252518439,0.6681747481561057,0.9354446474185478,1.3363494963122113,7.48,3.74,3.74,False,False,-3378.88,2026-08-06 22:00:00+00:00,77.29,EOD_EXIT,180.0,0.75,-3378.13,2026-08-06 19:00:00+00:00,2026-08
241,XTIUSD,BUY,2026-08-07 18:05:00+00:00,77.44,76.86452750968115,78.24566148644638,78.59094498063769,76.86452750968115,0.5754724903188476,0.8056614864463866,1.1509449806376952,8.69,4.34,4.35,False,False,-3378.13,2026-08-07 19:00:00+00:00,76.86452750968115,SL,55.0,-93.45,-3471.58,2026-08-07 18:05:00+00:00,2026-08
242,XTIUSD,BUY,2026-08-10 10:30:00+00:00,78.07,77.41011610607256,78.9938374514984,79.38976778785485,78.07,0.6598838939274312,0.9238374514984036,1.3197677878548624,7.58,3.79,3.79,True,False,-3471.58,2026-08-10 13:45:00+00:00,79.38976778785485,FULL_TP2,195.0,47.13,-3424.45,2026-08-10 10:30:00+00:00,2026-08
243,XTIUSD,BUY,2026-08-12 06:05:00+00:00,82.82,82.27155666847416,83.58782066413616,83.91688666305167,82.27155666847416,0.548443331525837,0.7678206641361718,1.096886663051674,9.12,4.56,4.56,False,False,-3424.45,2026-08-12 06:50:00+00:00,82.27155666847416,SL,45.0,-95.6,-3520.05,2026-08-12 06:05:00+00:00,2026-08
244,XTIUSD,BUY,2026-08-12 07:10:00+00:00,82.81,82.25644547786887,83.5849763309836,83.91710904426228,82.25644547786887,0.5535545221311337,0.7749763309835871,1.1071090442622673,9.03,4.51,4.52,False,False,-3520.05,2026-08-12 08:25:00+00:00,82.25644547786887,SL,75.0,-95.15,-3615.2,2026-08-12 07:10:00+00:00,2026-08
245,XTIUSD,SELL,2026-08-12 16:55:00+00:00,81.84,82.44119534301089,80.99832651978475,80.63760931397823,82.44119534301089,0.6011953430108892,0.8416734802152448,1.2023906860217783,8.32,4.16,4.16,False,False,-3615.2,2026-08-12 18:25:00+00:00,82.44119534301089,SL,90.0,-91.6,-3706.8,2026-08-12 16:55:00+00:00,2026-08
246,XTIUSD,SELL,2026-08-12 19:35:00+00:00,82.07,82.64872673782614,81.2597825670434,80.91254652434772,82.64872673782614,0.5787267378261395,0.8102174329565952,1.157453475652279,8.64,4.32,4.32,False,False,-3706.8,2026-08-12 22:00:00+00:00,81.77,EOD_EXIT,145.0,-17.28,-3724.08,2026-08-12 19:35:00+00:00,2026-08
247,XTIUSD,SELL,2026-08-13 10:20:00+00:00,80.71,81.27050742788005,79.92528960096793,79.5889851442399,80.71,0.56050742788005,0.78471039903207,1.1210148557601,8.92,4.46,4.46,True,False,-3724.08,2026-08-13 14:00:00+00:00,79.5889851442399,FULL_TP2,220.0,40.4,-3683.68,2026-08-13 10:20:00+00:00,2026-08
248,XTIUSD,BUY,2026-08-17 07:50:00+00:00,81.4,80.90122005532557,82.09829192254422,82.39755988934888,81.4,0.4987799446744379,0.698291922544213,0.9975598893488759,10.02,5.01,5.01,True,False,-3683.68,2026-08-17 10:25:00+00:00,81.4,TP1_THEN_BE,155.0,-15.12,-3698.8,2026-08-17 07:50:00+00:00,2026-08
249,XTIUSD,BUY,2026-08-17 12:35:00+00:00,82.05,81.47704774796586,82.85213315284778,83.19590450406827,81.47704774796586,0.5729522520341352,0.8021331528477893,1.1459045040682705,8.73,4.37,4.36,False,False,-3698.8,2026-08-17 14:20:00+00:00,81.47704774796586,SL,105.0,-93.65,-3792.45,2026-08-17 12:35:00+00:00,2026-08
250,XTIUSD,BUY,2026-08-17 15:20:00+00:00,81.96,81.36676527051057,82.79052862128519,83.14646945897886,81.96,0.5932347294894306,0.8305286212852028,1.1864694589788611,8.43,4.21,4.22,True,False,-3792.45,2026-08-17 17:25:00+00:00,83.14646945897886,FULL_TP2,125.0,42.88,-3749.56,2026-08-17 15:20:00+00:00,2026-08
251,XTIUSD,BUY,2026-08-18 06:00:00+00:00,84.5,83.99024548377768,85.21365632271124,85.51950903244465,83.99024548377768,0.5097545162223209,0.7136563227112492,1.0195090324446419,9.81,4.91,4.9,False,False,-3749.56,2026-08-18 07:25:00+00:00,83.99024548377768,SL,85.0,-99.05,-3848.61,2026-08-18 06:00:00+00:00,2026-08
252,XTIUSD,BUY,2026-08-18 10:20:00+00:00,84.22,83.71013955805327,84.93380461872542,85.23972088389347,84.22,0.5098604419467325,0.7138046187254254,1.019720883893465,9.81,4.91,4.9,True,False,-3848.61,2026-08-18 13:40:00+00:00,84.22,TP1_THEN_BE,200.0,-14.0,-3862.62,2026-08-18 10:20:00+00:00,2026-08
253,XTIUSD,BUY,2026-08-19 08:55:00+00:00,84.88,84.4221002258567,85.52105968380063,85.79579954828661,84.4221002258567,0.45789977414330657,0.6410596838006292,0.9157995482866131,10.92,5.46,5.46,False,False,-3862.62,2026-08-19 12:10:00+00:00,84.4221002258567,SL,195.0,-104.6,-3967.22,2026-08-19 08:55:00+00:00,2026-08
254,XTIUSD,BUY,2026-08-20 15:30:00+00:00,86.42,85.78714515908877,87.30599677727572,87.68570968182247,85.78714515908877,0.6328548409112339,0.8859967772757273,1.2657096818224678,7.9,3.95,3.95,False,False,-3967.22,2026-08-20 17:00:00+00:00,85.78714515908877,SL,90.0,-89.5,-4056.72,2026-08-20 15:30:00+00:00,2026-08
255,XTIUSD,BUY,2026-08-20 17:30:00+00:00,86.46,85.79539557084694,87.39044620081427,87.7892088583061,85.79539557084694,0.6646044291530535,0.9304462008142749,1.329208858306107,7.52,3.76,3.76,False,False,-4056.72,2026-08-20 22:00:00+00:00,86.12,EOD_EXIT,270.0,-63.17,-4119.89,2026-08-20 17:30:00+00:00,2026-08
256,XTIUSD,BUY,2026-08-21 12:00:00+00:00,86.68,86.08278383683917,87.51610262842517,87.87443232632168,86.08278383683917,0.5972161631608359,0.8361026284251702,1.1944323263216718,8.37,4.18,4.19,False,False,-4119.89,2026-08-21 14:00:00+00:00,86.08278383683917,SL,120.0,-91.85,-4211.74,2026-08-21 12:00:00+00:00,2026-08
257,XTIUSD,BUY,2026-08-21 15:20:00+00:00,86.47,85.87500221921853,87.30299689309406,87.65999556156294,85.87500221921853,0.5949977807814714,0.8329968930940599,1.1899955615629427,8.4,4.2,4.2,False,False,-4211.74,2026-08-23 22:00:00+00:00,85.93,EOD_EXIT,3280.0,-87.36,-4299.1,2026-08-21 15:20:00+00:00,2026-08
258,XTIUSD,SELL,2026-08-24 06:00:00+00:00,85.09,85.59554065886915,84.3822430775832,84.07891868226172,85.09,0.5055406588691472,0.7077569224168061,1.0110813177382945,9.89,4.95,4.94,True,False,-4299.1,2026-08-24 11:25:00+00:00,85.09,TP1_THEN_BE,325.0,-14.42,-4313.51,2026-08-24 06:00:00+00:00,2026-08
259,XTIUSD,SELL,2026-08-24 17:15:00+00:00,84.4,85.02971858902065,83.5183939753711,83.14056282195871,85.02971858902065,0.6297185890206468,0.8816060246289055,1.2594371780412936,7.94,3.97,3.97,False,False,-4313.51,2026-08-24 22:00:00+00:00,84.62,EOD_EXIT,285.0,-57.17,-4370.68,2026-08-24 17:15:00+00:00,2026-08
260,XTIUSD,SELL,2026-08-25 08:20:00+00:00,83.13,83.64980878826897,82.40226769642342,82.09038242346203,83.64980878826897,0.5198087882689785,0.7277323035765698,1.039617576537957,9.62,4.81,4.81,False,False,-4370.68,2026-08-25 08:30:00+00:00,83.64980878826897,SL,10.0,-98.1,-4468.78,2026-08-25 08:20:00+00:00,2026-08
261,XTIUSD,SELL,2026-08-25 12:50:00+00:00,81.86,82.5006845793875,80.9630415888575,80.57863084122499,82.5006845793875,0.6406845793875029,0.896958411142504,1.2813691587750058,7.8,3.9,3.9,False,False,-4468.78,2026-08-25 14:30:00+00:00,82.5006845793875,SL,100.0,-89.0,-4557.78,2026-08-25 12:50:00+00:00,2026-08
262,XTIUSD,SELL,2026-08-25 15:20:00+00:00,81.93,82.5908651679717,81.00478876483963,80.6082696640566,81.93,0.6608651679716996,0.9252112351603794,1.3217303359433992,7.57,3.79,3.78,True,False,-4557.78,2026-08-25 20:00:00+00:00,80.6082696640566,FULL_TP2,280.0,47.18,-4510.6,2026-08-25 15:20:00+00:00,2026-08
263,XTIUSD,SELL,2026-08-26 06:40:00+00:00,79.96,80.51152462613636,79.18786552340907,78.85695074772725,80.51152462613636,0.5515246261363718,0.7721344765909204,1.1030492522727435,9.07,4.54,4.53,False,False,-4510.6,2026-08-26 13:05:00+00:00,80.51152462613636,SL,385.0,-95.35,-4605.95,2026-08-26 06:40:00+00:00,2026-08
264,XTIUSD,BUY,2026-08-28 08:45:00+00:00,82.63,82.168098070857,83.2766627008002,83.553803858286,82.168098070857,0.46190192914300304,0.6466627008002043,0.9238038582860061,10.82,5.41,5.41,False,False,-4605.95,2026-08-28 12:25:00+00:00,82.168098070857,SL,220.0,-104.1,-4710.05,2026-08-28 08:45:00+00:00,2026-08
265,XTIUSD,BUY,2026-08-31 08:10:00+00:00,84.7,84.09958521382526,85.54058070064464,85.9008295723495,84.7,0.6004147861747423,0.8405807006446392,1.2008295723494846,8.33,4.17,4.16,True,False,-4710.05,2026-08-31 10:15:00+00:00,85.9008295723495,FULL_TP2,125.0,43.36,-4666.7,2026-08-31 08:10:00+00:00,2026-08
266,XTIUSD,BUY,2026-08-31 16:25:00+00:00,84.91,84.25301775590252,85.82977514173648,86.22396448819495,84.25301775590252,0.6569822440974808,0.9197751417364731,1.3139644881949617,7.61,3.81,3.8,False,False,-4666.7,2026-08-31 22:00:00+00:00,85.32,EOD_EXIT,335.0,-6.85,-4673.54,2026-08-31 16:25:00+00:00,2026-08
267,XTIUSD,BUY,2026-09-01 07:05:00+00:00,86.11,85.60737021807681,86.81368169469246,87.11525956384637,86.11,0.5026297819231856,0.7036816946924599,1.0052595638463713,9.95,4.97,4.98,True,False,-4673.54,2026-09-01 12:35:00+00:00,87.11525956384637,FULL_TP2,330.0,35.28,-4638.26,2026-09-01 07:05:00+00:00,2026-09
268,XTIUSD,BUY,2026-09-01 15:15:00+00:00,87.02,86.44108358155877,87.83048298581771,88.17783283688244,87.02,0.5789164184412215,0.8104829858177102,1.157832836882443,8.64,4.32,4.32,True,False,-4638.26,2026-09-01 16:20:00+00:00,88.17783283688244,FULL_TP2,65.0,41.83,-4596.43,2026-09-01 15:15:00+00:00,2026-09
269,XTIUSD,BUY,2026-09-03 14:20:00+00:00,90.37,89.63475794938361,91.39933887086295,91.84048410123279,89.63475794938361,0.7352420506163913,1.0293388708629476,1.4704841012327825,6.8,3.4,3.4,False,False,-4596.43,2026-09-03 15:50:00+00:00,89.63475794938361,SL,90.0,-84.0,-4680.43,2026-09-03 14:20:00+00:00,2026-09
270,XTIUSD,BUY,2026-09-03 17:10:00+00:00,90.14,89.36716225029001,91.22197284959398,91.68567549941999,89.36716225029001,0.7728377497099908,1.0819728495939869,1.5456754994199815,6.47,3.23,3.24,False,False,-4680.43,2026-09-03 18:05:00+00:00,89.36716225029001,SL,55.0,-82.35,-4762.78,2026-09-03 17:10:00+00:00,2026-09
271,XTIUSD,BUY,2026-09-03 19:00:00+00:00,89.87,89.10933887907659,90.93492556929277,91.39132224184682,89.10933887907659,0.7606611209234097,1.0649255692927735,1.5213222418468193,6.57,3.29,3.28,False,False,-4762.78,2026-09-03 22:00:00+00:00,89.77,EOD_EXIT,180.0,-39.42,-4802.2,2026-09-03 19:00:00+00:00,2026-09
272,XTIUSD,SELL,2026-09-04 12:05:00+00:00,88.76,89.33011723406408,87.96183587231032,87.61976553187186,89.33011723406408,0.5701172340640679,0.798164127689695,1.1402344681281358,8.77,4.38,4.39,False,False,-4802.2,2026-09-04 13:35:00+00:00,87.61976553187186,FULL_TP2,90.0,41.17,-4761.03,2026-09-04 12:05:00+00:00,2026-09
