trade_id,symbol,direction,entry_time,entry_price,sl_price,tp1_price,tp2_price,current_sl,sl_dist,tp1_dist,tp2_dist,total_lots,part_lots,run_lots,tp1_hit,tp2_hit,be_hit,starting_balance,exit_time,exit_price,exit_reason,duration_m,partial_pnl,runner_pnl,commission,net_pnl,ending_balance
1,GBPJPY,BUY,2026-01-05 18:40:00+00:00,211.514,211.31863506818416,211.748437918179,211.86565687726852,211.514,0.19536493181583428,0.23443791817900111,0.35165687726850164,0.39,0.2,0.19,True,False,False,5000.0,2026-01-05 21:05:00+00:00,211.694,EOD_CLOSE,145.0,30.55,22.28,1.95,50.88,5050.88
2,GBPJPY,SELL,2026-01-06 14:30:00+00:00,211.463,211.63351344377972,211.25838386746435,211.1560758011965,211.63351344377972,0.17051344377971467,0.2046161325356576,0.30692419880348637,0.45,0.23,0.22,False,False,False,5050.88,2026-01-06 16:25:00+00:00,211.63351344377972,SL,115.0,0.0,0.0,2.25,-52.25,4998.63
3,GBPJPY,SELL,2026-01-06 17:55:00+00:00,211.558,211.72858558162682,211.3532973020478,211.2509459530717,211.72858558162682,0.17058558162683324,0.2047026979521999,0.3070540469282998,0.45,0.23,0.22,False,False,False,4998.63,2026-01-06 21:05:00+00:00,211.455,EOD_CLOSE,190.0,15.43,14.76,2.25,27.95,5026.58
4,GBPJPY,SELL,2026-01-07 08:30:00+00:00,211.116,211.2820873338344,210.91669519939876,210.81704279909815,211.2820873338344,0.1660873338343754,0.19930480060125047,0.2989572009018757,0.46,0.23,0.23,False,False,False,5026.58,2026-01-07 09:45:00+00:00,211.2820873338344,SL,75.0,0.0,0.0,2.3,-52.3,4974.28
5,GBPJPY,SELL,2026-01-07 11:10:00+00:00,211.202,211.3654403325197,211.00587160097632,210.90780740146448,211.202,0.16344033251972442,0.1961283990236693,0.29419259853550395,0.47,0.23,0.24,True,False,False,4974.28,2026-01-07 13:40:00+00:00,211.202,TP1_THEN_BE,150.0,29.39,0.0,2.35,27.04,5001.31
6,GBPJPY,SELL,2026-01-07 15:35:00+00:00,211.092,211.26128904979947,210.88885314024066,210.787279710361,211.26128904979947,0.16928904979945533,0.2031468597593464,0.3047202896390196,0.45,0.23,0.22,False,False,False,5001.31,2026-01-07 21:05:00+00:00,210.943,EOD_CLOSE,330.0,22.33,21.36,2.25,41.43,5042.75
7,GBPJPY,SELL,2026-01-08 11:30:00+00:00,210.638,210.79271232575923,210.45234520908895,210.35951781363343,210.79271232575923,0.15471232575920627,0.1856547909110475,0.27848218636657124,0.5,0.25,0.25,False,False,False,5042.75,2026-01-08 13:30:00+00:00,210.79271232575923,SL,120.0,0.0,0.0,2.5,-52.5,4990.25
8,GBPJPY,BUY,2026-01-09 06:40:00+00:00,211.398,211.25908859509025,211.5646936858917,211.64804052883756,211.398,0.13891140490975956,0.16669368589171146,0.25004052883756717,0.55,0.28,0.27,True,False,False,4990.25,2026-01-09 07:30:00+00:00,211.398,TP1_THEN_BE,50.0,30.41,0.0,2.75,27.66,5017.91
9,GBPJPY,BUY,2026-01-09 11:20:00+00:00,211.45,211.3065833873848,211.62209993513824,211.70814990270736,211.45,0.14341661261520453,0.17209993513824542,0.2581499027073681,0.54,0.27,0.27,True,False,False,5017.91,2026-01-09 12:35:00+00:00,211.70814990270736,FULL_TP2,75.0,30.27,45.41,2.7,72.98,5090.89
10,GBPJPY,BUY,2026-01-12 07:55:00+00:00,212.31,212.13857510585245,212.51570987297706,212.61856480946557,212.31,0.1714248941475409,0.20570987297704907,0.3085648094655736,0.45,0.23,0.22,True,False,False,5090.89,2026-01-12 09:50:00+00:00,212.61856480946557,FULL_TP2,115.0,30.82,44.23,2.25,72.8,5163.69
11,GBPJPY,BUY,2026-01-12 18:10:00+00:00,212.862,212.6954823856713,213.0618211371944,213.1617317057916,212.6954823856713,0.16651761432867412,0.19982113719440894,0.2997317057916134,0.46,0.23,0.23,False,False,False,5163.69,2026-01-12 21:05:00+00:00,212.873,EOD_CLOSE,175.0,1.65,1.65,2.3,1.0,5164.69
12,GBPJPY,BUY,2026-01-13 06:55:00+00:00,214.04,213.85537774779795,214.26154670264245,214.37232005396365,214.04,0.18462225220203687,0.22154670264244425,0.3323200539636663,0.42,0.21,0.21,True,False,False,5164.69,2026-01-13 09:30:00+00:00,214.04,TP1_THEN_BE,155.0,30.31,0.0,2.1,28.21,5192.9
13,GBPJPY,BUY,2026-01-13 12:50:00+00:00,214.058,213.87133371069226,214.28199954716928,214.39399932075392,213.87133371069226,0.18666628930774146,0.22399954716928974,0.33599932075393457,0.41,0.2,0.21,False,False,False,5192.9,2026-01-13 13:40:00+00:00,213.87133371069226,SL,50.0,0.0,0.0,2.05,-52.05,5140.85
14,GBPJPY,SELL,2026-01-14 17:35:00+00:00,212.61,212.82807913042552,212.34830504348938,212.21745756523407,212.82807913042552,0.21807913042552093,0.26169495651062513,0.39254243476593764,0.35,0.17,0.18,False,False,False,5140.85,2026-01-14 18:45:00+00:00,212.82807913042552,SL,70.0,0.0,0.0,1.75,-51.75,5089.1
15,GBPJPY,SELL,2026-01-15 18:20:00+00:00,212.19,212.38432665548243,211.9568080134211,211.84021202013162,212.38432665548243,0.1943266554824287,0.23319198657891443,0.3497879798683716,0.39,0.2,0.19,False,False,False,5089.1,2026-01-15 21:05:00+00:00,212.188,EOD_CLOSE,165.0,0.26,0.25,1.95,-1.44,5087.66
16,GBPJPY,SELL,2026-01-16 06:10:00+00:00,211.876,212.05279707538523,211.66384350953774,211.55776526430662,211.876,0.17679707538521716,0.2121564904622606,0.31823473569339084,0.43,0.21,0.22,True,False,False,5087.66,2026-01-16 07:50:00+00:00,211.876,TP1_THEN_BE,100.0,29.03,0.0,2.15,26.88,5114.53
17,GBPJPY,SELL,2026-01-16 08:05:00+00:00,211.779,211.9609036007148,211.56071567914222,211.45157351871336,211.9609036007148,0.1819036007148057,0.21828432085776686,0.32742648128665025,0.42,0.21,0.21,False,False,False,5114.53,2026-01-16 08:35:00+00:00,211.9609036007148,SL,30.0,0.0,0.0,2.1,-52.1,5062.43
18,GBPJPY,SELL,2026-01-16 11:50:00+00:00,211.878,212.04841713220495,211.67349944135404,211.57124916203105,211.878,0.1704171322049662,0.20450055864595945,0.30675083796893915,0.45,0.23,0.22,True,False,False,5062.43,2026-01-16 12:25:00+00:00,211.878,TP1_THEN_BE,35.0,30.64,0.0,2.25,28.39,5090.83
19,GBPJPY,SELL,2026-01-16 18:50:00+00:00,211.591,211.77129269767616,211.37464876278864,211.26647314418295,211.77129269767616,0.1802926976761392,0.21635123721136704,0.32452685581705054,0.43,0.21,0.22,False,False,False,5090.83,2026-01-18 21:05:00+00:00,211.26647314418295,FULL_TP2,3015.0,29.6,46.51,2.15,73.96,5164.79
20,GBPJPY,BUY,2026-01-19 10:15:00+00:00,211.805,211.5973678674653,212.05415855904167,212.17873783856248,211.805,0.20763213253470916,0.249158559041651,0.37373783856247644,0.37,0.18,0.19,True,False,False,5164.79,2026-01-19 14:50:00+00:00,212.17873783856248,FULL_TP2,275.0,29.22,46.26,1.85,73.63,5238.42
21,GBPJPY,BUY,2026-01-19 18:05:00+00:00,212.289,212.110285358386,212.50345756993678,212.6106863549052,212.110285358386,0.17871464161399905,0.21445756993679885,0.32168635490519826,0.43,0.21,0.22,False,False,False,5238.42,2026-01-19 21:05:00+00:00,212.211,EOD_CLOSE,180.0,-10.67,-11.18,2.15,-24.0,5214.42
22,GBPJPY,BUY,2026-01-22 08:25:00+00:00,213.222,213.01879748315946,213.4658430202087,213.58776453031302,213.01879748315946,0.203202516840562,0.2438430202086744,0.3657645303130116,0.38,0.19,0.19,False,False,False,5214.42,2026-01-22 10:10:00+00:00,213.01879748315946,SL,105.0,0.0,0.0,1.9,-51.9,5162.52
23,GBPJPY,BUY,2026-01-22 11:45:00+00:00,213.177,212.9481854484334,213.4515774618799,213.58886619281986,212.9481854484334,0.22881455156658764,0.27457746187990517,0.4118661928198577,0.34,0.17,0.17,False,False,False,5162.52,2026-01-22 12:20:00+00:00,212.9481854484334,SL,35.0,0.0,0.0,1.7,-51.7,5110.82
24,GBPJPY,BUY,2026-01-23 11:35:00+00:00,214.02,213.68987874405173,214.41614550713794,214.61421826070693,214.02,0.3301212559482869,0.3961455071379443,0.5942182607069163,0.23,0.12,0.11,True,False,False,5110.82,2026-01-23 15:35:00+00:00,214.02,TP1_THEN_BE,240.0,30.97,0.0,1.15,29.82,5140.64
25,GBPJPY,SELL,2026-01-26 06:20:00+00:00,210.549,210.9724431857246,210.0408681771305,209.78680226569577,210.549,0.4234431857245802,0.5081318228694962,0.7621977343042442,0.18,0.09,0.09,True,False,False,5140.64,2026-01-26 07:35:00+00:00,209.78680226569577,FULL_TP2,75.0,29.79,44.69,0.9,73.59,5214.23
26,GBPJPY,SELL,2026-01-27 16:20:00+00:00,210.651,211.01747215756106,210.21123341092675,209.99135011639012,210.651,0.36647215756104845,0.4397665890732581,0.6596498836098872,0.21,0.1,0.11,True,False,False,5214.23,2026-01-27 19:50:00+00:00,210.651,TP1_THEN_BE,210.0,28.65,0.0,1.05,27.6,5241.83
27,GBPJPY,SELL,2026-01-28 06:15:00+00:00,210.625,210.92654488229942,210.2631461412407,210.08221921186103,210.625,0.30154488229943033,0.36185385875931636,0.5427807881389746,0.25,0.12,0.13,True,False,False,5241.83,2026-01-28 11:00:00+00:00,210.08221921186103,FULL_TP2,285.0,28.29,45.97,1.25,73.01,5314.84
28,GBPJPY,BUY,2026-01-29 12:00:00+00:00,211.704,211.46047236665794,211.9962331600105,212.14234974001576,211.46047236665794,0.24352763334207742,0.2922331600104929,0.4383497400157393,0.32,0.16,0.16,False,False,False,5314.84,2026-01-29 14:00:00+00:00,211.46047236665794,SL,120.0,0.0,0.0,1.6,-51.6,5263.24
29,GBPJPY,BUY,2026-01-30 12:10:00+00:00,212.021,211.77043081083667,212.32168302699597,212.47202454049398,212.021,0.25056918916332893,0.3006830269959947,0.45102454049399204,0.31,0.15,0.16,True,False,False,5263.24,2026-01-30 14:45:00+00:00,212.021,TP1_THEN_BE,155.0,29.38,0.0,1.55,27.83,5291.07
30,GBPJPY,BUY,2026-02-03 06:30:00+00:00,212.874,212.66905951080952,213.1199285870286,213.24289288054288,212.874,0.20494048919048935,0.24592858702858722,0.3688928805428808,0.37,0.18,0.19,True,False,False,5291.07,2026-02-03 10:30:00+00:00,212.874,TP1_THEN_BE,240.0,28.84,0.0,1.85,26.99,5318.06
31,GBPJPY,BUY,2026-02-03 11:10:00+00:00,212.967,212.76912677855023,213.20444786573975,213.32317179860962,212.967,0.19787322144977626,0.2374478657397315,0.35617179860959725,0.39,0.2,0.19,True,False,False,5318.06,2026-02-03 14:25:00+00:00,213.32317179860962,FULL_TP2,195.0,30.94,44.09,1.95,73.08,5391.14
32,GBPJPY,BUY,2026-02-03 18:50:00+00:00,213.171,212.94974683899335,213.43650379320798,213.56925568981194,212.94974683899335,0.22125316100664125,0.26550379320796946,0.3982556898119542,0.35,0.17,0.18,False,False,False,5391.14,2026-02-03 21:05:00+00:00,213.331,EOD_CLOSE,135.0,17.72,18.76,1.75,34.73,5425.87
33,GBPJPY,BUY,2026-02-04 08:55:00+00:00,214.729,214.53478672724287,214.9620559273086,215.07858389096288,214.729,0.1942132727571511,0.23305592730858132,0.34958389096287196,0.4,0.2,0.2,True,False,False,5425.87,2026-02-04 12:50:00+00:00,214.729,TP1_THEN_BE,235.0,30.37,0.0,2.0,28.37,5454.24
34,GBPJPY,SELL,2026-02-05 07:45:00+00:00,213.715,213.93381890803843,213.4524173103539,213.32112596553085,213.715,0.21881890803842322,0.26258268964610787,0.39387403446916175,0.35,0.17,0.18,True,False,False,5454.24,2026-02-05 08:15:00+00:00,213.32112596553085,FULL_TP2,30.0,29.08,46.19,1.75,73.52,5527.76
35,GBPJPY,SELL,2026-02-05 11:05:00+00:00,213.262,213.51471363058323,212.95874364330012,212.8071154649502,213.262,0.2527136305832309,0.30325635669987705,0.4548845350498155,0.3,0.15,0.15,True,False,False,5527.76,2026-02-05 12:35:00+00:00,212.8071154649502,FULL_TP2,90.0,29.64,44.45,1.5,72.59,5600.35
36,GBPJPY,SELL,2026-02-05 20:30:00+00:00,212.484,212.7933602163482,212.1127677403822,211.9271516105733,212.7933602163482,0.30936021634817634,0.3712322596178116,0.5568483894267173,0.25,0.12,0.13,False,False,False,5600.35,2026-02-05 21:05:00+00:00,212.402,EOD_CLOSE,35.0,6.41,6.94,1.25,12.11,5612.46
37,GBPJPY,BUY,2026-02-06 10:00:00+00:00,213.208,212.9368589798562,213.53336922417253,213.6960538362588,213.208,0.2711410201437883,0.325369224172546,0.48805383625881893,0.28,0.14,0.14,True,False,False,5612.46,2026-02-06 12:50:00+00:00,213.208,TP1_THEN_BE,170.0,29.68,0.0,1.4,28.28,5640.74
38,GBPJPY,SELL,2026-02-10 06:00:00+00:00,212.355,212.6306290954201,212.0242450854959,211.85886762824381,212.6306290954201,0.2756290954200919,0.33075491450411026,0.49613237175616537,0.28,0.14,0.14,False,False,False,5640.74,2026-02-10 06:45:00+00:00,212.6306290954201,SL,45.0,0.0,0.0,1.4,-51.4,5589.34
39,GBPJPY,SELL,2026-02-10 08:15:00+00:00,212.506,212.78019447513262,212.17696662984085,212.01244994476127,212.506,0.27419447513263057,0.3290333701591567,0.49355005523873496,0.28,0.14,0.14,True,False,False,5589.34,2026-02-10 09:20:00+00:00,212.01244994476127,FULL_TP2,65.0,30.01,45.02,1.4,73.63,5662.96
40,GBPJPY,SELL,2026-02-10 12:15:00+00:00,212.08,212.36361687849498,211.73965974580605,211.56948961870904,212.08,0.2836168784949786,0.3403402541939743,0.5105103812909614,0.27,0.14,0.13,True,False,False,5662.96,2026-02-10 13:15:00+00:00,211.56948961870904,FULL_TP2,60.0,31.04,43.24,1.35,72.93,5735.89
41,GBPJPY,SELL,2026-02-10 18:50:00+00:00,210.71,211.01827132169518,210.3400744139658,210.15511162094867,211.01827132169518,0.3082713216951853,0.3699255860342223,0.5548883790513335,0.25,0.12,0.13,False,False,False,5735.89,2026-02-10 21:05:00+00:00,210.596,EOD_CLOSE,135.0,8.91,9.66,1.25,17.32,5753.21
42,GBPJPY,SELL,2026-02-11 12:35:00+00:00,208.824,209.08131162972433,208.51522604433086,208.36083906649628,209.08131162972433,0.2573116297242998,0.3087739556691597,0.46316093350373955,0.3,0.15,0.15,False,False,False,5753.21,2026-02-11 12:40:00+00:00,209.08131162972433,SL,5.0,0.0,0.0,1.5,-51.5,5701.71
43,GBPJPY,SELL,2026-02-12 19:35:00+00:00,208.196,208.54707622336198,207.7747085319656,207.5640627979484,208.54707622336198,0.3510762233619986,0.4212914680343983,0.6319372020515974,0.22,0.11,0.11,False,False,False,5701.71,2026-02-12 21:05:00+00:00,208.017,EOD_CLOSE,90.0,12.83,12.83,1.1,24.56,5726.27
44,GBPJPY,BUY,2026-02-13 14:10:00+00:00,208.805,208.48949770270366,209.18360275675565,209.37290413513347,208.48949770270366,0.3155022972963608,0.378602756755633,0.5679041351334494,0.24,0.12,0.12,False,False,False,5726.27,2026-02-13 14:20:00+00:00,208.48949770270366,SL,10.0,0.0,0.0,1.2,-51.2,5675.07
45,GBPJPY,SELL,2026-02-13 18:35:00+00:00,208.466,208.77890136175245,208.09051836589708,207.90277754884565,208.77890136175245,0.31290136175242933,0.3754816341029152,0.5632224511543727,0.25,0.12,0.13,False,False,False,5675.07,2026-02-15 21:05:00+00:00,208.317,EOD_CLOSE,3030.0,11.65,12.62,1.25,23.02,5698.09
46,GBPJPY,BUY,2026-02-16 14:05:00+00:00,209.175,208.95237106876246,209.4421547174851,209.5757320762276,208.95237106876246,0.2226289312375597,0.26715471748507164,0.4007320762276074,0.34,0.17,0.17,False,False,False,5698.09,2026-02-16 21:05:00+00:00,209.172,EOD_CLOSE,420.0,-0.33,-0.33,1.7,-2.36,5695.72
47,GBPJPY,SELL,2026-02-17 10:30:00+00:00,207.876,208.13832334578498,207.561211985058,207.403817977587,207.876,0.26232334578499045,0.31478801494198855,0.47218202241298274,0.29,0.14,0.15,True,False,False,5695.72,2026-02-17 11:45:00+00:00,207.403817977587,FULL_TP2,75.0,28.71,46.14,1.45,73.41,5769.13
48,GBPJPY,SELL,2026-02-17 19:00:00+00:00,207.809,208.06051377178977,207.50718347385225,207.3562752107784,208.06051377178977,0.2515137717897818,0.30181652614773813,0.4527247892216072,0.31,0.15,0.16,False,False,False,5769.13,2026-02-17 21:05:00+00:00,207.837,EOD_CLOSE,125.0,-2.74,-2.92,1.55,-7.21,5761.92
49,GBPJPY,BUY,2026-02-18 06:15:00+00:00,208.197,207.99500789458838,208.43939052649392,208.5605857897409,208.197,0.20199210541161247,0.24239052649393494,0.3635857897409024,0.38,0.19,0.19,True,False,False,5761.92,2026-02-18 07:55:00+00:00,208.5605857897409,FULL_TP2,100.0,30.0,45.01,1.9,73.11,5835.03
50,GBPJPY,BUY,2026-02-18 11:10:00+00:00,208.705,208.50295036667276,208.94745955999272,209.06868933998905,208.50295036667276,0.20204963332724868,0.24245955999269841,0.36368933998904757,0.38,0.19,0.19,False,False,False,5835.03,2026-02-18 11:35:00+00:00,208.50295036667276,SL,25.0,0.0,0.0,1.9,-51.9,5783.13
51,GBPJPY,BUY,2026-02-18 17:25:00+00:00,209.063,208.84318570602613,209.3267771527686,209.4586657291529,208.84318570602613,0.21981429397384622,0.26377715276861546,0.39566572915292314,0.35,0.17,0.18,False,False,False,5783.13,2026-02-18 18:00:00+00:00,208.84318570602613,SL,35.0,0.0,0.0,1.75,-51.75,5731.38
52,GBPJPY,BUY,2026-02-18 19:55:00+00:00,208.987,208.7591642057062,209.26040295315252,209.39710442972878,208.7591642057062,0.22783579429377646,0.2734029531525317,0.41010442972879757,0.34,0.17,0.17,False,False,False,5731.38,2026-02-18 21:05:00+00:00,208.806,EOD_CLOSE,70.0,-20.05,-20.05,1.7,-41.79,5689.59
53,GBPJPY,SELL,2026-02-19 15:00:00+00:00,208.429,208.69343489617847,208.11167812458584,207.95301718687875,208.69343489617847,0.26443489617847793,0.3173218754141735,0.47598281312126023,0.29,0.14,0.15,False,False,False,5689.59,2026-02-19 19:30:00+00:00,208.69343489617847,SL,270.0,0.0,0.0,1.45,-51.45,5638.14
54,GBPJPY,BUY,2026-02-20 11:10:00+00:00,209.243,209.01426297411913,209.51748443105703,209.65472664658557,209.243,0.22873702588087222,0.2744844310570467,0.41172664658556996,0.34,0.17,0.17,True,False,False,5638.14,2026-02-20 14:00:00+00:00,209.65472664658557,FULL_TP2,170.0,30.4,45.6,1.7,74.3,5712.44
55,GBPJPY,BUY,2026-02-20 17:55:00+00:00,209.192,208.943188968463,209.49057323784442,209.63985985676663,208.943188968463,0.24881103153700806,0.29857323784440964,0.4478598567666145,0.31,0.15,0.16,False,False,False,5712.44,2026-02-20 20:55:00+00:00,208.943188968463,SL,180.0,0.0,0.0,1.55,-51.55,5660.89
56,GBPJPY,BUY,2026-02-24 06:10:00+00:00,209.88,209.68079233128825,210.1190492024541,210.23857380368116,209.88,0.19920766871175277,0.23904920245410333,0.35857380368115493,0.39,0.2,0.19,True,False,False,5660.89,2026-02-24 06:30:00+00:00,210.23857380368116,FULL_TP2,20.0,31.15,44.39,1.95,73.58,5734.48
57,GBPJPY,BUY,2026-02-24 11:15:00+00:00,210.332,210.06108583153784,210.6570970021546,210.81964550323187,210.332,0.27091416846215916,0.325097002154591,0.48764550323188643,0.28,0.14,0.14,True,False,False,5734.48,2026-02-24 14:40:00+00:00,210.81964550323187,FULL_TP2,205.0,29.65,44.48,1.4,72.73,5807.21
58,GBPJPY,BUY,2026-02-24 20:30:00+00:00,210.392,210.16658479016888,210.66249825179733,210.797747377696,210.16658479016888,0.22541520983111313,0.2704982517973357,0.4057473776960036,0.34,0.17,0.17,False,False,False,5807.21,2026-02-24 21:05:00+00:00,210.237,EOD_CLOSE,35.0,-17.17,-17.17,1.7,-36.03,5771.17
59,GBPJPY,BUY,2026-02-25 15:10:00+00:00,211.804,211.54200155953302,212.1183981285604,212.2755971928406,211.54200155953302,0.26199844046698956,0.31439812856038746,0.47159719284058116,0.29,0.14,0.15,False,False,False,5771.17,2026-02-25 21:05:00+00:00,211.927,EOD_CLOSE,355.0,11.22,12.02,1.45,21.79,5792.96
60,GBPJPY,SELL,2026-02-26 19:15:00+00:00,210.562,210.82153745860495,210.2505550496741,210.09483257451112,210.82153745860495,0.2595374586049435,0.31144495032593217,0.4671674254888982,0.3,0.15,0.15,False,False,False,5792.96,2026-02-26 21:05:00+00:00,210.487,EOD_CLOSE,110.0,7.33,7.33,1.5,13.16,5806.12
61,GBPJPY,SELL,2026-02-27 14:50:00+00:00,209.938,210.18493025495374,209.64168369405547,209.49352554108322,210.18493025495374,0.24693025495375875,0.29631630594451047,0.44447445891676574,0.31,0.15,0.16,False,False,False,5806.12,2026-02-27 17:30:00+00:00,210.18493025495374,SL,160.0,0.0,0.0,1.55,-51.55,5754.57
62,GBPJPY,BUY,2026-03-02 16:10:00+00:00,211.048,210.71217113285576,211.4509946405731,211.65249196085963,210.71217113285576,0.3358288671442417,0.40299464057309003,0.604491960859635,0.23,0.12,0.11,False,False,False,5754.57,2026-03-02 21:05:00+00:00,210.923,EOD_CLOSE,295.0,-9.77,-8.96,1.15,-19.88,5734.69
63,GBPJPY,SELL,2026-03-03 10:10:00+00:00,209.592,209.86235333472746,209.26757599832706,209.1053639974906,209.86235333472746,0.27035333472745643,0.3244240016729477,0.4866360025094215,0.28,0.14,0.14,False,False,False,5734.69,2026-03-03 10:45:00+00:00,209.86235333472746,SL,35.0,0.0,0.0,1.4,-51.4,5683.29
64,GBPJPY,SELL,2026-03-03 10:55:00+00:00,209.599,209.86935333472744,209.27457599832704,209.11236399749058,209.86935333472744,0.27035333472745643,0.3244240016729477,0.4866360025094215,0.28,0.14,0.14,False,False,False,5683.29,2026-03-03 11:20:00+00:00,209.86935333472744,SL,25.0,0.0,0.0,1.4,-51.4,5631.89
65,GBPJPY,SELL,2026-03-03 12:55:00+00:00,209.886,210.17690670188233,209.53691195774118,209.36236793661178,209.886,0.2909067018823472,0.3490880422588166,0.5236320633882249,0.26,0.13,0.13,True,False,False,5631.89,2026-03-03 14:00:00+00:00,209.36236793661178,FULL_TP2,65.0,29.57,44.35,1.3,72.62,5704.5
66,GBPJPY,SELL,2026-03-04 07:55:00+00:00,209.947,210.25728869240675,209.57465356911192,209.38848035366786,210.25728869240675,0.3102886924067391,0.37234643088808694,0.5585196463321304,0.25,0.12,0.13,False,False,False,5704.5,2026-03-04 08:15:00+00:00,210.25728869240675,SL,20.0,0.0,0.0,1.25,-51.25,5653.25
67,GBPJPY,SELL,2026-03-04 17:50:00+00:00,209.752,210.0621569434217,209.37981166789396,209.19371750184092,210.0621569434217,0.3101569434217162,0.3721883321060594,0.558282498159089,0.25,0.12,0.13,False,False,False,5653.25,2026-03-04 19:20:00+00:00,210.0621569434217,SL,90.0,0.0,0.0,1.25,-51.25,5602.0
68,GBPJPY,SELL,2026-03-05 07:40:00+00:00,209.44,209.69965416696863,209.12841499963764,208.9726224994565,209.69965416696863,0.25965416696861854,0.3115850003623422,0.46737750054351335,0.3,0.15,0.15,False,False,False,5602.0,2026-03-05 08:05:00+00:00,209.69965416696863,SL,25.0,0.0,0.0,1.5,-51.5,5550.5
69,GBPJPY,BUY,2026-03-05 16:30:00+00:00,210.036,209.7736602286606,210.3508077256073,210.50821158841094,210.036,0.2623397713394166,0.3148077256072999,0.47221158841094985,0.29,0.14,0.15,True,False,False,5550.5,2026-03-05 21:05:00+00:00,210.291,EOD_CLOSE,275.0,28.71,24.92,1.45,52.18,5602.69
70,GBPJPY,BUY,2026-03-06 07:50:00+00:00,210.728,210.51944429584768,210.9782668449828,211.10340026747423,210.51944429584768,0.20855570415234023,0.25026684498280827,0.3754002674742124,0.37,0.18,0.19,False,False,False,5602.69,2026-03-06 08:25:00+00:00,210.51944429584768,SL,35.0,0.0,0.0,1.85,-51.85,5550.84
71,GBPJPY,BUY,2026-03-09 08:20:00+00:00,211.322,211.0416909188878,211.6583708973346,211.82655634600192,211.322,0.2803090811121802,0.3363708973346163,0.5045563460019243,0.27,0.14,0.13,True,False,False,5550.84,2026-03-09 13:50:00+00:00,211.82655634600192,FULL_TP2,330.0,30.68,42.73,1.35,72.06,5622.9
72,GBPJPY,BUY,2026-03-09 15:05:00+00:00,211.791,211.51844931948168,212.118060816622,212.281591224933,211.791,0.2725506805183337,0.3270608166220004,0.4905912249330006,0.28,0.14,0.14,True,False,False,5622.9,2026-03-09 19:35:00+00:00,211.791,TP1_THEN_BE,270.0,29.83,0.0,1.4,28.43,5651.33
73,GBPJPY,BUY,2026-03-10 12:15:00+00:00,212.25,212.05703868954447,212.48155357254663,212.59733035881996,212.05703868954447,0.19296131045552645,0.23155357254663173,0.34733035881994756,0.4,0.2,0.2,False,False,False,5651.33,2026-03-10 15:00:00+00:00,212.05703868954447,SL,165.0,0.0,0.0,2.0,-52.0,5599.33
74,GBPJPY,BUY,2026-03-10 17:30:00+00:00,212.155,211.96354583982313,212.38474499221223,212.49961748831836,211.96354583982313,0.19145416017686778,0.22974499221224132,0.344617488318362,0.4,0.2,0.2,False,False,False,5599.33,2026-03-10 21:05:00+00:00,212.044,EOD_CLOSE,215.0,-14.46,-14.46,2.0,-30.93,5568.41
75,GBPJPY,BUY,2026-03-11 07:55:00+00:00,212.673,212.4948576792225,212.88677078493302,212.99365617739952,212.4948576792225,0.17814232077750938,0.21377078493301124,0.32065617739951685,0.43,0.21,0.22,False,False,False,5568.41,2026-03-11 08:00:00+00:00,212.4948576792225,SL,5.0,0.0,0.0,2.15,-52.15,5516.26
76,GBPJPY,BUY,2026-03-11 15:30:00+00:00,212.954,212.73638967914474,213.21513238502632,213.34569857753948,212.954,0.21761032085526458,0.26113238502631747,0.3916985775394762,0.35,0.17,0.18,True,False,False,5516.26,2026-03-11 21:05:00+00:00,213.038,EOD_CLOSE,335.0,28.92,9.85,1.75,37.02,5553.28
77,GBPJPY,SELL,2026-03-12 06:50:00+00:00,212.574,212.7431356884306,212.3710371738833,212.26955576082494,212.7431356884306,0.16913568843058632,0.20296282611670358,0.30444423917505536,0.45,0.23,0.22,False,False,False,5553.28,2026-03-12 16:30:00+00:00,212.7431356884306,SL,580.0,0.0,0.0,2.25,-52.25,5501.03
78,GBPJPY,SELL,2026-03-13 12:40:00+00:00,211.347,211.5723347270534,211.07659832753592,210.9413974913039,211.347,0.22533472705340338,0.27040167246408403,0.405602508696126,0.34,0.17,0.17,True,False,False,5501.03,2026-03-15 20:00:00+00:00,211.347,TP1_THEN_BE,3320.0,29.95,0.0,1.7,28.25,5529.28
79,GBPJPY,BUY,2026-03-17 06:30:00+00:00,211.957,211.80091022771896,212.14430772673722,212.23796159010584,211.80091022771896,0.15608977228103293,0.18730772673723953,0.28096159010585925,0.49,0.24,0.25,False,False,False,5529.28,2026-03-17 07:00:00+00:00,211.80091022771896,SL,30.0,0.0,0.0,2.45,-52.45,5476.83
80,GBPJPY,BUY,2026-03-17 07:35:00+00:00,211.919,211.75891664002478,212.1111000319703,212.20715004795545,211.919,0.16008335997524412,0.19210003197029293,0.28815004795543936,0.48,0.24,0.24,True,False,False,5476.83,2026-03-17 08:35:00+00:00,212.20715004795545,FULL_TP2,60.0,30.04,45.06,2.4,72.69,5549.52
81,GBPJPY,BUY,2026-03-17 11:50:00+00:00,212.053,211.8730937306265,212.26888752324822,212.37683128487234,212.053,0.17990626937351528,0.21588752324821833,0.3238312848723275,0.43,0.21,0.22,True,False,False,5549.52,2026-03-17 17:00:00+00:00,212.37683128487234,FULL_TP2,310.0,29.54,46.41,2.15,73.8,5623.32
82,GBPJPY,SELL,2026-03-19 10:20:00+00:00,211.208,211.4372862063479,210.93285655238253,210.7952848285738,211.4372862063479,0.2292862063478871,0.2751434476174645,0.41271517142619674,0.33,0.17,0.16,False,False,False,5623.32,2026-03-19 11:00:00+00:00,211.4372862063479,SL,40.0,0.0,0.0,1.65,-51.65,5571.67
83,GBPJPY,SELL,2026-03-19 12:00:00+00:00,211.289,211.52574984118772,211.00490019057472,210.8628502858621,211.52574984118772,0.23674984118772102,0.2840998094252652,0.4261497141378978,0.32,0.16,0.16,False,False,False,5571.67,2026-03-19 12:30:00+00:00,210.8628502858621,FULL_TP2,30.0,29.61,44.42,1.6,72.44,5644.11
84,GBPJPY,SELL,2026-03-19 15:00:00+00:00,211.336,211.6235260208052,210.9909687750338,210.8184531625507,211.6235260208052,0.28752602080518325,0.3450312249662199,0.5175468374493298,0.27,0.14,0.13,False,False,False,5644.11,2026-03-19 17:10:00+00:00,211.6235260208052,SL,130.0,0.0,0.0,1.35,-51.35,5592.76
85,GBPJPY,BUY,2026-03-20 11:00:00+00:00,212.487,212.28161264318052,212.73346482818334,212.85669724227503,212.28161264318052,0.2053873568194623,0.24646482818335474,0.3696972422750321,0.37,0.18,0.19,False,False,False,5592.76,2026-03-20 12:00:00+00:00,212.28161264318052,SL,60.0,0.0,0.0,1.85,-51.85,5540.91
86,GBPJPY,BUY,2026-03-20 18:50:00+00:00,212.44,212.20204758618618,212.72554289657657,212.86831434486484,212.20204758618618,0.23795241381380255,0.28554289657656307,0.42831434486484454,0.32,0.16,0.16,False,False,False,5540.91,2026-03-22 20:00:00+00:00,212.20204758618618,SL,2950.0,0.0,0.0,1.6,-51.6,5489.31
87,GBPJPY,BUY,2026-03-23 16:45:00+00:00,212.679,212.30398208390602,213.12902149931278,213.3540322489692,212.30398208390602,0.37501791609398705,0.45002149931278446,0.6750322489691766,0.2,0.1,0.1,False,False,False,5489.31,2026-03-23 21:05:00+00:00,212.651,EOD_CLOSE,260.0,-1.82,-1.82,1.0,-4.65,5484.66
88,GBPJPY,BUY,2026-03-24 11:40:00+00:00,212.763,212.51924811874622,213.05550225750454,213.20175338625683,212.51924811874622,0.24375188125378444,0.29250225750454134,0.43875338625681193,0.31,0.15,0.16,False,False,False,5484.66,2026-03-24 12:05:00+00:00,212.51924811874622,SL,25.0,0.0,0.0,1.55,-51.55,5433.11
89,GBPJPY,BUY,2026-03-24 20:55:00+00:00,212.807,212.58468495785456,213.0737780505745,213.20716707586178,212.58468495785456,0.2223150421454351,0.2667780505745221,0.40016707586178313,0.35,0.17,0.18,False,False,False,5433.11,2026-03-24 21:05:00+00:00,212.802,EOD_CLOSE,10.0,-0.55,-0.59,1.75,-2.89,5430.22
90,GBPJPY,BUY,2026-03-25 14:00:00+00:00,212.959,212.7578607540778,213.20036709510666,213.32105064265997,212.7578607540778,0.2011392459222032,0.24136709510664384,0.3620506426599657,0.38,0.19,0.19,False,False,False,5430.22,2026-03-25 14:15:00+00:00,212.7578607540778,SL,15.0,0.0,0.0,1.9,-51.9,5378.32
91,GBPJPY,SELL,2026-03-27 15:30:00+00:00,212.638,212.82988714025782,212.4077354316906,212.2926031475359,212.638,0.19188714025783005,0.23026456830939604,0.3453968524640941,0.4,0.2,0.2,True,False,False,5378.32,2026-03-29 21:10:00+00:00,212.379,EOD_CLOSE,3220.0,30.0,33.75,2.0,61.75,5440.07
92,GBPJPY,SELL,2026-03-30 07:00:00+00:00,211.894,212.0649577123716,211.68885074515407,211.58627611773113,211.894,0.17095771237160257,0.20514925484592308,0.3077238822688846,0.45,0.23,0.22,True,False,False,5440.07,2026-03-30 07:15:00+00:00,211.58627611773113,FULL_TP2,15.0,30.74,44.11,2.25,72.6,5512.67
93,GBPJPY,SELL,2026-03-31 06:15:00+00:00,210.633,210.83897333927686,210.3858319928678,210.26224798930167,210.83897333927686,0.20597333927685005,0.24716800713222004,0.37075201069833,0.37,0.18,0.19,False,False,False,5512.67,2026-03-31 06:50:00+00:00,210.83897333927686,SL,35.0,0.0,0.0,1.85,-51.85,5460.82
94,GBPJPY,SELL,2026-03-31 08:20:00+00:00,210.72,210.92813007315198,210.47024391221763,210.34536586832644,210.92813007315198,0.2081300731519785,0.2497560877823742,0.3746341316735613,0.37,0.18,0.19,False,False,False,5460.82,2026-03-31 08:40:00+00:00,210.92813007315198,SL,20.0,0.0,0.0,1.85,-51.85,5408.97
95,GBPJPY,SELL,2026-03-31 18:55:00+00:00,210.153,210.43853520763813,209.8103577508342,209.63903662625134,210.43853520763813,0.2855352076381365,0.3426422491657638,0.5139633737486456,0.27,0.14,0.13,False,False,False,5408.97,2026-03-31 21:05:00+00:00,209.904,EOD_CLOSE,130.0,22.71,21.09,1.35,42.45,5451.42
96,GBPJPY,BUY,2026-04-01 19:25:00+00:00,211.27,211.03122098416955,211.55653481899654,211.69980222849483,211.03122098416955,0.23877901583045041,0.2865348189965405,0.4298022284948107,0.32,0.16,0.16,False,False,False,5451.42,2026-04-01 21:05:00+00:00,211.2,EOD_CLOSE,100.0,-7.3,-7.3,1.6,-16.19,5435.22
97,GBPJPY,SELL,2026-04-02 08:35:00+00:00,210.689,210.91382319094035,210.41921217087156,210.28431825630736,210.91382319094035,0.22482319094034908,0.26978782912841887,0.4046817436926283,0.34,0.17,0.17,False,False,False,5435.22,2026-04-02 12:20:00+00:00,210.91382319094035,SL,225.0,0.0,0.0,1.7,-51.7,5383.52
98,GBPJPY,SELL,2026-04-03 20:30:00+00:00,210.536,210.66575224248936,210.38029730901278,210.30244596351915,210.66575224248936,0.12975224248936273,0.15570269098723527,0.2335540364808529,0.59,0.29,0.3,False,False,False,5383.52,2026-04-03 20:40:00+00:00,210.66575224248936,SL,10.0,0.0,0.0,2.95,-52.95,5330.57
99,GBPJPY,BUY,2026-04-06 11:40:00+00:00,211.257,211.09912148259855,211.44645422088175,211.54118133132263,211.09912148259855,0.15787851740146333,0.18945422088175598,0.28418133132263396,0.49,0.24,0.25,False,False,False,5330.57,2026-04-06 12:50:00+00:00,211.09912148259855,SL,70.0,0.0,0.0,2.45,-52.45,5278.12
100,GBPJPY,BUY,2026-04-06 16:15:00+00:00,211.368,211.20469198183505,211.56396962179792,211.6619544326969,211.20469198183505,0.1633080181649414,0.19596962179792968,0.2939544326968945,0.47,0.23,0.24,False,False,False,5278.12,2026-04-06 17:15:00+00:00,211.20469198183505,SL,60.0,0.0,0.0,2.35,-52.35,5225.77
101,GBPJPY,BUY,2026-04-06 17:30:00+00:00,211.365,211.20701398313255,211.55458322024094,211.6493748303614,211.20701398313255,0.157986016867445,0.18958322024093402,0.284374830361401,0.49,0.24,0.25,False,False,False,5225.77,2026-04-06 21:05:00+00:00,211.344,EOD_CLOSE,215.0,-3.28,-3.42,2.45,-9.15,5216.62
102,GBPJPY,BUY,2026-04-07 06:05:00+00:00,211.376,211.25088304134843,211.52614035038192,211.60121052557287,211.376,0.12511695865158834,0.150140350381906,0.22521052557285898,0.61,0.3,0.31,True,False,False,5216.62,2026-04-07 06:35:00+00:00,211.60121052557287,FULL_TP2,30.0,29.34,45.48,3.05,71.78,5288.4
103,GBPJPY,BUY,2026-04-07 16:35:00+00:00,211.818,211.6496980426406,212.01996234883129,212.12094352324692,211.818,0.1683019573594009,0.20196234883128109,0.3029435232469216,0.46,0.23,0.23,True,False,False,5288.4,2026-04-07 20:10:00+00:00,212.12094352324692,FULL_TP2,215.0,30.26,45.39,2.3,73.36,5361.76
104,GBPJPY,BUY,2026-04-08 08:30:00+00:00,212.587,212.37760749319415,212.838271008167,212.96390651225053,212.587,0.20939250680584975,0.2512710081670197,0.3769065122505295,0.37,0.18,0.19,True,False,False,5361.76,2026-04-08 10:55:00+00:00,212.96390651225053,FULL_TP2,145.0,29.47,46.66,1.85,74.27,5436.03
105,GBPJPY,BUY,2026-04-09 17:15:00+00:00,213.526,213.36057176074056,213.72451388711136,213.82377083066703,213.526,0.1654282392594512,0.1985138871113414,0.2977708306670121,0.46,0.23,0.23,True,False,False,5436.03,2026-04-09 19:40:00+00:00,213.82377083066703,FULL_TP2,145.0,29.75,44.62,2.3,72.07,5508.09
106,GBPJPY,BUY,2026-04-10 08:20:00+00:00,213.773,213.6465850657786,213.92469792106567,214.00054688159852,213.773,0.12641493422140512,0.15169792106568614,0.2275468815985292,0.61,0.3,0.31,True,False,False,5508.09,2026-04-10 09:50:00+00:00,214.00054688159852,FULL_TP2,90.0,29.65,45.96,3.05,72.56,5580.65
107,GBPJPY,BUY,2026-04-10 15:15:00+00:00,214.324,214.1752365740518,214.50251611113788,214.59177416670678,214.324,0.14876342594821348,0.17851611113785618,0.2677741667067842,0.52,0.26,0.26,True,False,False,5580.65,2026-04-12 21:05:00+00:00,214.324,TP1_THEN_BE,3230.0,30.24,0.0,2.6,27.64,5608.29
108,GBPJPY,BUY,2026-04-13 06:25:00+00:00,214.135,213.97386705261647,214.32835953686023,214.42503930529034,214.135,0.16113294738353345,0.19335953686024013,0.2900393052903602,0.48,0.24,0.24,True,False,False,5608.29,2026-04-13 08:35:00+00:00,214.42503930529034,FULL_TP2,130.0,30.23,45.35,2.4,73.18,5681.47
109,GBPJPY,BUY,2026-04-13 12:45:00+00:00,214.56,214.40121738595482,214.75053913685423,214.84580870528134,214.56,0.1587826140451887,0.19053913685422644,0.2858087052813396,0.48,0.24,0.24,True,False,False,5681.47,2026-04-13 13:35:00+00:00,214.84580870528134,FULL_TP2,50.0,29.79,44.69,2.4,72.08,5753.55
110,GBPJPY,BUY,2026-04-14 10:00:00+00:00,215.289,215.12519264405395,215.48556882713524,215.58385324070287,215.289,0.16380735594603701,0.1965688271352444,0.2948532407028666,0.47,0.23,0.24,True,False,False,5753.55,2026-04-14 12:15:00+00:00,215.58385324070287,FULL_TP2,135.0,29.45,46.1,2.35,73.21,5826.76
111,GBPJPY,BUY,2026-04-14 14:55:00+00:00,215.676,215.50692242052335,215.87889309537195,215.98033964305793,215.50692242052335,0.16907757947664293,0.2028930953719715,0.30433964305795724,0.45,0.23,0.22,False,False,False,5826.76,2026-04-14 15:25:00+00:00,215.50692242052335,SL,30.0,0.0,0.0,2.25,-52.25,5774.51
112,GBPJPY,BUY,2026-04-14 19:10:00+00:00,215.444,215.2827405171271,215.63751137944743,215.73426706917115,215.2827405171271,0.16125948287287573,0.19351137944745087,0.2902670691711763,0.48,0.24,0.24,False,False,False,5774.51,2026-04-14 21:05:00+00:00,215.379,EOD_CLOSE,115.0,-10.16,-10.16,2.4,-22.73,5751.78
113,GBPJPY,BUY,2026-04-15 17:20:00+00:00,215.737,215.57899851108752,215.92660178669496,216.02140268004246,215.57899851108752,0.15800148891247523,0.18960178669497027,0.2844026800424554,0.49,0.24,0.25,False,False,False,5751.78,2026-04-15 21:05:00+00:00,215.57899851108752,SL,225.0,0.0,0.0,2.45,-52.45,5699.33
114,GBPJPY,SELL,2026-04-16 08:45:00+00:00,215.417,215.5737284159341,215.22892590087906,215.1348888513186,215.5737284159341,0.15672841593410894,0.18807409912093073,0.2821111486813961,0.49,0.24,0.25,False,False,False,5699.33,2026-04-16 13:45:00+00:00,215.5737284159341,SL,300.0,0.0,0.0,2.45,-52.45,5646.88
115,GBPJPY,SELL,2026-04-16 14:25:00+00:00,215.2,215.35895193262724,215.00925768084727,214.91388652127094,215.35895193262724,0.15895193262725676,0.19074231915270812,0.2861134787290621,0.48,0.24,0.24,False,False,False,5646.88,2026-04-16 15:00:00+00:00,215.35895193262724,SL,35.0,0.0,0.0,2.4,-52.4,5594.48
116,GBPJPY,SELL,2026-04-16 18:10:00+00:00,215.361,215.52153218835295,215.16836137397644,215.07204206096466,215.52153218835295,0.16053218835295294,0.1926386260235435,0.28895793903531525,0.48,0.24,0.24,False,False,False,5594.48,2026-04-16 21:05:00+00:00,215.261,EOD_CLOSE,175.0,15.64,15.64,2.4,28.87,5623.36
117,GBPJPY,SELL,2026-04-17 12:45:00+00:00,215.253,215.40808827108782,215.06689407469457,214.97384111204187,215.253,0.15508827108784307,0.18610592530541167,0.2791588879581175,0.49,0.24,0.25,True,False,False,5623.36,2026-04-17 13:30:00+00:00,214.97384111204187,FULL_TP2,45.0,29.1,45.47,2.45,72.12,5695.47
118,GBPJPY,SELL,2026-04-17 20:25:00+00:00,214.359,214.5541038904099,214.12487533150815,214.00781299726222,214.359,0.1951038904098824,0.23412466849185887,0.3511870027377883,0.39,0.2,0.19,True,False,False,5695.47,2026-04-19 21:10:00+00:00,214.094,EOD_CLOSE,2925.0,30.51,32.8,1.95,61.36,5756.83
119,GBPJPY,BUY,2026-04-20 14:10:00+00:00,214.743,214.56946464164758,214.9512424300229,215.05536364503433,214.56946464164758,0.17353535835240677,0.20824243002288811,0.31236364503433217,0.44,0.22,0.22,False,False,False,5756.83,2026-04-20 14:50:00+00:00,214.56946464164758,SL,40.0,0.0,0.0,2.2,-52.2,5704.63
120,GBPJPY,BUY,2026-04-20 15:15:00+00:00,214.717,214.5452314529585,214.92312225644983,215.02618338467474,214.717,0.171768547041521,0.2061222564498252,0.30918338467473777,0.45,0.23,0.22,True,False,False,5704.63,2026-04-20 18:50:00+00:00,215.02618338467474,FULL_TP2,215.0,30.89,44.32,2.25,72.95,5777.59
121,GBPJPY,SELL,2026-04-23 20:05:00+00:00,215.028,215.188185660501,214.8357772073988,214.73966581109818,215.188185660501,0.16018566050101127,0.19222279260121353,0.2883341889018203,0.48,0.24,0.24,False,False,False,5777.59,2026-04-23 21:05:00+00:00,214.984,EOD_CLOSE,60.0,6.88,6.88,2.4,11.36,5788.95
122,GBPJPY,SELL,2026-04-24 06:35:00+00:00,215.051,215.17879899672042,214.89764120393548,214.8209618059032,215.17879899672042,0.12779899672042966,0.15335879606451558,0.23003819409677337,0.6,0.3,0.3,False,False,False,5788.95,2026-04-24 07:55:00+00:00,215.17879899672042,SL,80.0,0.0,0.0,3.0,-53.0,5735.95
123,GBPJPY,SELL,2026-04-28 11:35:00+00:00,215.215,215.3787715504004,215.01847413951955,214.92021120927933,215.215,0.16377155040037664,0.19652586048045195,0.29478879072067793,0.47,0.23,0.24,True,False,False,5735.95,2026-04-28 12:35:00+00:00,215.215,TP1_THEN_BE,60.0,29.45,0.0,2.35,27.1,5763.04
124,GBPJPY,BUY,2026-04-29 17:45:00+00:00,216.19,216.0395882597543,216.37049408829483,216.46074113244225,216.0395882597543,0.15041174024568946,0.18049408829482735,0.270741132442241,0.51,0.26,0.25,False,False,False,5763.04,2026-04-29 17:55:00+00:00,216.0395882597543,SL,10.0,0.0,0.0,2.55,-52.55,5710.49
125,GBPJPY,BUY,2026-04-29 19:20:00+00:00,216.1,215.9436102851963,216.28766765776442,216.3815014866466,215.9436102851963,0.1563897148036812,0.18766765776441743,0.2815014866466261,0.49,0.24,0.25,False,False,False,5710.49,2026-04-29 21:05:00+00:00,216.126,EOD_CLOSE,105.0,4.07,4.23,2.45,5.85,5716.34
126,GBPJPY,SELL,2026-05-04 14:50:00+00:00,212.892,213.16918130764955,212.55938243082053,212.3930736462308,212.892,0.2771813076495611,0.3326175691794733,0.49892635376920996,0.28,0.14,0.14,True,False,False,5716.34,2026-05-04 18:55:00+00:00,212.3930736462308,FULL_TP2,245.0,30.34,45.51,1.4,74.45,5790.79
127,GBPJPY,BUY,2026-05-05 18:25:00+00:00,213.926,213.7267269975312,214.16512760296254,214.28469140444383,213.7267269975312,0.19927300246880716,0.23912760296256858,0.35869140444385283,0.39,0.2,0.19,False,False,False,5790.79,2026-05-05 20:50:00+00:00,213.7267269975312,SL,145.0,0.0,0.0,1.95,-51.95,5738.84
128,GBPJPY,SELL,2026-05-06 07:55:00+00:00,211.887,212.23588691690478,211.4683356997143,211.25900354957142,212.23588691690478,0.34888691690476087,0.41866430028571305,0.6279964504285696,0.22,0.11,0.11,False,False,False,5738.84,2026-05-06 08:00:00+00:00,212.23588691690478,SL,5.0,0.0,0.0,1.1,-51.1,5687.74
129,GBPJPY,SELL,2026-05-06 16:50:00+00:00,212.493,212.8243982038338,212.09532215539943,211.89648323309916,212.8243982038338,0.33139820383379626,0.3976778446005555,0.5965167669008332,0.23,0.12,0.11,False,False,False,5687.74,2026-05-06 21:05:00+00:00,212.394,EOD_CLOSE,255.0,7.74,7.09,1.15,13.68,5701.42
130,GBPJPY,BUY,2026-05-07 12:00:00+00:00,213.026,212.81602749671816,213.27796700393822,213.40395050590735,212.81602749671816,0.20997250328184724,0.2519670039382167,0.377950505907325,0.37,0.18,0.19,False,False,False,5701.42,2026-05-07 17:25:00+00:00,212.81602749671816,SL,325.0,0.0,0.0,1.85,-51.85,5649.57
131,GBPJPY,BUY,2026-05-07 18:40:00+00:00,212.898,212.7102544474728,213.12329466303262,213.23594199454894,212.7102544474728,0.1877455525271856,0.22529466303262272,0.3379419945489341,0.41,0.2,0.21,False,False,False,5649.57,2026-05-07 20:00:00+00:00,212.7102544474728,SL,80.0,0.0,0.0,2.05,-52.05,5597.52
132,GBPJPY,BUY,2026-05-08 11:30:00+00:00,213.331,213.17260467497377,213.52107439003146,213.61611158504718,213.17260467497377,0.1583953250262136,0.1900743900314563,0.2851115850471844,0.48,0.24,0.24,False,False,False,5597.52,2026-05-08 13:10:00+00:00,213.17260467497377,SL,100.0,0.0,0.0,2.4,-52.4,5545.12
133,GBPJPY,BUY,2026-05-08 14:20:00+00:00,213.259,213.1027646759903,213.4464823888116,213.54022358321743,213.259,0.15623532400969023,0.18748238881162826,0.2812235832174424,0.49,0.24,0.25,True,False,False,5545.12,2026-05-08 19:25:00+00:00,213.54022358321743,FULL_TP2,305.0,29.31,45.8,2.45,72.67,5617.79
134,GBPJPY,BUY,2026-05-11 07:00:00+00:00,213.503,213.31338649194052,213.73053620967136,213.84430431450704,213.503,0.18961350805947808,0.22753620967137367,0.3413043145070605,0.4,0.2,0.2,True,False,False,5617.79,2026-05-11 10:35:00+00:00,213.503,TP1_THEN_BE,215.0,29.65,0.0,2.0,27.65,5645.44
135,GBPJPY,BUY,2026-05-11 11:10:00+00:00,213.818,213.63641919503107,214.03589696596273,214.1448454489441,213.818,0.18158080496894086,0.21789696596272903,0.3268454489440935,0.42,0.21,0.21,True,False,False,5645.44,2026-05-11 15:00:00+00:00,214.1448454489441,FULL_TP2,230.0,29.81,44.72,2.1,72.43,5717.87
136,GBPJPY,SELL,2026-05-12 11:00:00+00:00,213.156,213.40048911307946,212.86261306430464,212.71591959645698,213.40048911307946,0.2444891130794606,0.29338693569535274,0.4400804035430291,0.31,0.15,0.16,False,False,False,5717.87,2026-05-12 19:55:00+00:00,213.40048911307946,SL,535.0,0.0,0.0,1.55,-51.55,5666.32
137,GBPJPY,BUY,2026-05-13 08:25:00+00:00,213.493,213.31834589657478,213.70258492411025,213.80737738616537,213.31834589657478,0.17465410342520785,0.2095849241102494,0.3143773861653741,0.44,0.22,0.22,False,False,False,5666.32,2026-05-13 09:20:00+00:00,213.31834589657478,SL,55.0,0.0,0.0,2.2,-52.2,5614.12
138,GBPJPY,BUY,2026-05-14 06:50:00+00:00,213.571,213.4131702870097,213.76039565558833,213.85509348338252,213.4131702870097,0.15782971299028298,0.18939565558833957,0.28409348338250934,0.49,0.24,0.25,False,False,False,5614.12,2026-05-14 07:15:00+00:00,213.4131702870097,SL,25.0,0.0,0.0,2.45,-52.45,5561.67
139,GBPJPY,SELL,2026-05-14 11:20:00+00:00,213.389,213.5462084005647,213.20034991932238,213.1060248789836,213.389,0.15720840056468272,0.18865008067761926,0.28297512101642885,0.49,0.24,0.25,True,False,False,5561.67,2026-05-14 12:00:00+00:00,213.389,TP1_THEN_BE,40.0,29.5,0.0,2.45,27.05,5588.72
140,GBPJPY,SELL,2026-05-14 12:25:00+00:00,213.34,213.50197922909578,213.14562492508506,213.04843738762762,213.50197922909578,0.1619792290957769,0.19437507491493225,0.2915626123723984,0.47,0.23,0.24,False,False,False,5588.72,2026-05-14 13:40:00+00:00,213.04843738762762,FULL_TP2,75.0,29.13,45.59,2.35,72.36,5661.08
141,GBPJPY,SELL,2026-05-15 08:15:00+00:00,211.618,211.81694362884457,211.3792676453865,211.2599014680798,211.618,0.19894362884456454,0.23873235461347744,0.3580985319202161,0.39,0.2,0.19,True,False,False,5661.08,2026-05-15 10:00:00+00:00,211.618,TP1_THEN_BE,105.0,31.11,0.0,1.95,29.16,5690.24
142,GBPJPY,SELL,2026-05-15 12:10:00+00:00,211.744,211.9622080430922,211.48215034828937,211.35122552243405,211.744,0.21820804309219188,0.26184965171063024,0.39277447756594536,0.35,0.17,0.18,True,False,False,5690.24,2026-05-15 15:20:00+00:00,211.35122552243405,FULL_TP2,190.0,29.0,46.06,1.75,73.31,5763.55
143,GBPJPY,SELL,2026-05-15 17:00:00+00:00,211.485,211.70905645219224,211.21613225736934,211.08169838605403,211.70905645219224,0.22405645219221962,0.26886774263066354,0.4033016139459953,0.34,0.17,0.17,False,False,False,5763.55,2026-05-17 21:05:00+00:00,211.327,EOD_CLOSE,3125.0,17.5,17.5,1.7,33.3,5796.85
144,GBPJPY,BUY,2026-05-18 11:35:00+00:00,212.394,212.19274425470078,212.63550689435908,212.7562603415386,212.394,0.20125574529922213,0.24150689435906655,0.3622603415385998,0.38,0.19,0.19,True,False,False,5796.85,2026-05-18 14:15:00+00:00,212.7562603415386,FULL_TP2,160.0,29.89,44.84,1.9,72.84,5869.69
145,GBPJPY,BUY,2026-05-18 19:35:00+00:00,213.298,213.07580918427956,213.5646289788645,213.69794346829678,213.07580918427956,0.22219081572042887,0.26662897886451464,0.3999434682967719,0.35,0.17,0.18,False,False,False,5869.69,2026-05-18 21:05:00+00:00,213.2,EOD_CLOSE,90.0,-10.85,-11.49,1.75,-24.1,5845.59
146,GBPJPY,SELL,2026-05-20 06:30:00+00:00,212.817,212.97668521372654,212.62537774352816,212.52956661529223,212.97668521372654,0.159685213726539,0.19162225647184677,0.28743338470777013,0.48,0.24,0.24,False,False,False,5845.59,2026-05-20 07:25:00+00:00,212.97668521372654,SL,55.0,0.0,0.0,2.4,-52.4,5793.19
147,GBPJPY,SELL,2026-05-20 08:20:00+00:00,212.826,212.9993000057132,212.61803999314415,212.51405998971626,212.9993000057132,0.17330000571319037,0.20796000685582844,0.31194001028374263,0.44,0.22,0.22,False,False,False,5793.19,2026-05-20 10:20:00+00:00,212.9993000057132,SL,120.0,0.0,0.0,2.2,-52.2,5740.99
148,GBPJPY,BUY,2026-05-20 14:15:00+00:00,213.298,213.1351275866034,213.4934468960759,213.59117034411386,213.298,0.16287241339658592,0.1954468960759031,0.2931703441138546,0.47,0.23,0.24,True,False,False,5740.99,2026-05-20 17:35:00+00:00,213.59117034411386,FULL_TP2,200.0,29.29,45.84,2.35,72.78,5813.77
149,GBPJPY,BUY,2026-05-21 08:10:00+00:00,213.681,213.5423078181697,213.8474306181964,213.9306459272946,213.5423078181697,0.1386921818303256,0.16643061819639074,0.24964592729458607,0.55,0.28,0.27,False,False,False,5813.77,2026-05-21 08:45:00+00:00,213.5423078181697,SL,35.0,0.0,0.0,2.75,-52.75,5761.02
150,GBPJPY,BUY,2026-05-21 11:05:00+00:00,213.664,213.51035206870216,213.84837751755737,213.94056627633606,213.51035206870216,0.15364793129782206,0.18437751755738646,0.27656627633607966,0.5,0.25,0.25,False,False,False,5761.02,2026-05-21 12:10:00+00:00,213.51035206870216,SL,65.0,0.0,0.0,2.5,-52.5,5708.52
151,GBPJPY,BUY,2026-05-21 20:35:00+00:00,213.578,213.42257797582596,213.76450642900886,213.8577596435133,213.42257797582596,0.1554220241740558,0.18650642900886694,0.2797596435133004,0.49,0.24,0.25,False,False,False,5708.52,2026-05-21 21:05:00+00:00,213.42257797582596,SL,30.0,0.0,0.0,2.45,-52.45,5656.07
152,GBPJPY,BUY,2026-05-22 15:05:00+00:00,213.767,213.62774199193635,213.9341096096764,214.0176644145146,213.767,0.13925800806366082,0.16710960967639296,0.25066441451458943,0.55,0.28,0.27,True,False,False,5656.07,2026-05-22 20:50:00+00:00,213.767,TP1_THEN_BE,345.0,30.48,0.0,2.75,27.73,5683.8
153,GBPJPY,BUY,2026-05-25 11:15:00+00:00,214.44,214.32580462848284,214.57703444582057,214.6455516687309,214.44,0.11419537151715474,0.1370344458205857,0.20555166873087852,0.67,0.34,0.33,True,False,False,5683.8,2026-05-25 13:55:00+00:00,214.44,TP1_THEN_BE,160.0,30.35,0.0,3.35,27.0,5710.81
154,GBPJPY,BUY,2026-05-25 14:55:00+00:00,214.543,214.42814284576414,214.68082858508302,214.74974287762456,214.42814284576414,0.11485715423585588,0.13782858508302706,0.20674287762454055,0.67,0.34,0.33,False,False,False,5710.81,2026-05-25 21:05:00+00:00,214.509,EOD_CLOSE,370.0,-7.53,-7.31,3.35,-18.19,5692.61
155,GBPJPY,BUY,2026-05-26 10:45:00+00:00,214.569,214.4625868064347,214.69669583227832,214.7605437484175,214.4625868064347,0.10641319356527526,0.1276958322783303,0.19154374841749544,0.72,0.36,0.36,False,False,False,5692.61,2026-05-26 11:40:00+00:00,214.4625868064347,SL,55.0,0.0,0.0,3.6,-53.6,5639.01
156,GBPJPY,SELL,2026-05-26 20:55:00+00:00,214.141,214.25503219593253,214.00416136488093,213.9357420473214,214.25503219593253,0.11403219593254504,0.13683863511905406,0.20525795267858105,0.67,0.34,0.33,False,False,False,5639.01,2026-05-26 21:05:00+00:00,214.111,EOD_CLOSE,10.0,6.65,6.45,3.35,9.75,5648.76
157,GBPJPY,SELL,2026-05-28 08:10:00+00:00,213.707,213.85351273814535,213.53118471422556,213.44327707133837,213.707,0.14651273814535046,0.17581528577442054,0.2637229286616308,0.52,0.26,0.26,True,False,False,5648.76,2026-05-28 10:05:00+00:00,213.44327707133837,FULL_TP2,115.0,29.78,44.67,2.6,71.85,5720.61
158,GBPJPY,BUY,2026-05-28 20:20:00+00:00,214.037,213.89581161002621,214.20642606796855,214.2911391019528,213.89581161002621,0.1411883899737856,0.16942606796854273,0.2541391019528141,0.54,0.27,0.27,False,False,False,5720.61,2026-05-28 21:05:00+00:00,213.955,EOD_CLOSE,45.0,-14.42,-14.42,2.7,-31.55,5689.06
159,GBPJPY,BUY,2026-05-29 19:05:00+00:00,214.397,214.248847050783,214.57478353906035,214.66367530859054,214.248847050783,0.14815294921697122,0.17778353906036545,0.26667530859054817,0.52,0.26,0.26,False,False,False,5689.06,2026-05-29 20:50:00+00:00,214.248847050783,SL,105.0,0.0,0.0,2.6,-52.6,5636.46
160,GBPJPY,BUY,2026-06-01 08:20:00+00:00,214.736,214.60278098317752,214.89586282018695,214.97579423028043,214.60278098317752,0.13321901682246426,0.1598628201869571,0.23979423028043564,0.58,0.29,0.29,False,False,False,5636.46,2026-06-01 09:55:00+00:00,214.60278098317752,SL,95.0,0.0,0.0,2.9,-52.9,5583.56
161,GBPJPY,BUY,2026-06-01 11:10:00+00:00,214.688,214.55157908893622,214.8517050932765,214.93355763991477,214.55157908893622,0.1364209110637587,0.16370509327651042,0.24555763991476565,0.56,0.28,0.28,False,False,False,5583.56,2026-06-01 13:10:00+00:00,214.55157908893622,SL,120.0,0.0,0.0,2.8,-52.8,5530.76
162,GBPJPY,BUY,2026-06-01 19:55:00+00:00,214.922,214.75965834488915,215.116809986133,215.2142149791995,214.75965834488915,0.16234165511084755,0.19480998613301706,0.29221497919952555,0.47,0.23,0.24,False,False,False,5530.76,2026-06-01 21:05:00+00:00,214.768,EOD_CLOSE,70.0,-23.08,-24.08,2.35,-49.51,5481.26
163,GBPJPY,BUY,2026-06-02 11:35:00+00:00,215.159,215.03607746081607,215.30650704702072,215.38026057053105,215.159,0.12292253918392718,0.1475070470207126,0.2212605705310689,0.62,0.31,0.31,True,False,False,5481.26,2026-06-02 14:00:00+00:00,215.159,TP1_THEN_BE,145.0,29.79,0.0,3.1,26.69,5507.95
164,GBPJPY,BUY,2026-06-02 18:50:00+00:00,215.37,215.24275793763516,215.52269047483784,215.59903571225675,215.24275793763516,0.12724206236485677,0.15269047483782813,0.22903571225674216,0.6,0.3,0.3,False,False,False,5507.95,2026-06-02 21:05:00+00:00,215.24275793763516,SL,135.0,0.0,0.0,3.0,-53.0,5454.95
165,GBPJPY,SELL,2026-06-03 12:10:00+00:00,214.862,215.010385401111,214.6839375186668,214.5949062780002,214.862,0.14838540111099782,0.17806248133319738,0.26709372199979603,0.52,0.26,0.26,True,False,False,5454.95,2026-06-03 14:55:00+00:00,214.862,TP1_THEN_BE,165.0,30.16,0.0,2.6,27.56,5482.51
166,GBPJPY,SELL,2026-06-03 16:15:00+00:00,214.751,214.90813205542304,214.56244153349238,214.46816230023853,214.90813205542304,0.15713205542303363,0.18855846650764035,0.2828376997614605,0.49,0.24,0.25,False,False,False,5482.51,2026-06-03 21:05:00+00:00,214.749,EOD_CLOSE,290.0,0.31,0.33,2.45,-1.81,5480.7
167,GBPJPY,SELL,2026-06-04 07:05:00+00:00,214.676,214.810035291399,214.51515765032119,214.43473647548177,214.676,0.13403529139901,0.16084234967881197,0.24126352451821798,0.57,0.28,0.29,True,False,False,5480.7,2026-06-04 08:00:00+00:00,214.676,TP1_THEN_BE,55.0,29.34,0.0,2.85,26.49,5507.19
168,GBPJPY,SELL,2026-06-08 07:55:00+00:00,213.535,213.73849384220094,213.29080738935886,213.16871108403828,213.535,0.2034938422009475,0.24419261064113698,0.36628891596170543,0.38,0.19,0.19,True,False,False,5507.19,2026-06-08 08:55:00+00:00,213.16871108403828,FULL_TP2,60.0,30.23,45.34,1.9,73.67,5580.86
169,GBPJPY,BUY,2026-06-09 14:00:00+00:00,214.683,214.53724425135027,214.85790689837967,214.9453603475695,214.53724425135027,0.14575574864973098,0.17490689837967718,0.26236034756951576,0.53,0.27,0.26,False,False,False,5580.86,2026-06-09 14:15:00+00:00,214.53724425135027,SL,15.0,0.0,0.0,2.65,-52.65,5528.21
170,GBPJPY,BUY,2026-06-09 15:00:00+00:00,214.715,214.56485537625383,214.89517354849542,214.98526032274313,214.56485537625383,0.15014462374617799,0.1801735484954136,0.27026032274312034,0.51,0.26,0.25,False,False,False,5528.21,2026-06-09 15:25:00+00:00,214.56485537625383,SL,25.0,0.0,0.0,2.55,-52.55,5475.66
171,GBPJPY,BUY,2026-06-09 17:20:00+00:00,214.577,214.41026917646374,214.7770769882435,214.87711548236524,214.41026917646374,0.16673082353624336,0.20007698824349202,0.300115482365238,0.46,0.23,0.23,False,False,False,5475.66,2026-06-09 21:05:00+00:00,214.41026917646374,SL,225.0,0.0,0.0,2.3,-52.3,5423.36
172,GBPJPY,BUY,2026-06-10 07:15:00+00:00,214.739,214.5931684068361,214.91399791179668,215.001496867695,214.739,0.14583159316389704,0.17499791179667645,0.2624968676950147,0.53,0.27,0.26,True,False,False,5423.36,2026-06-10 10:30:00+00:00,215.001496867695,FULL_TP2,195.0,30.78,44.46,2.65,72.6,5495.96
173,GBPJPY,BUY,2026-06-10 12:40:00+00:00,214.954,214.8015161864837,215.1369805762196,215.22847086432938,214.8015161864837,0.15248381351632107,0.18298057621958527,0.2744708643293779,0.5,0.25,0.25,False,False,False,5495.96,2026-06-10 12:55:00+00:00,214.8015161864837,SL,15.0,0.0,0.0,2.5,-52.5,5443.46
174,GBPJPY,BUY,2026-06-10 18:00:00+00:00,214.973,214.79045058380294,215.19205929943652,215.30158894915476,214.79045058380294,0.18254941619708207,0.21905929943649846,0.3285889491547477,0.42,0.21,0.21,False,False,False,5443.46,2026-06-10 18:20:00+00:00,214.79045058380294,SL,20.0,0.0,0.0,2.1,-52.1,5391.36
175,GBPJPY,BUY,2026-06-11 06:15:00+00:00,214.815,214.66760756257858,214.9918709249057,215.08030638735855,214.66760756257858,0.14739243742140992,0.1768709249056919,0.26530638735853784,0.52,0.26,0.26,False,False,False,5391.36,2026-06-11 08:15:00+00:00,214.66760756257858,SL,120.0,0.0,0.0,2.6,-52.6,5338.76
176,GBPJPY,SELL,2026-06-11 12:20:00+00:00,214.324,214.47093849908916,214.14767380109305,214.05951070163957,214.47093849908916,0.14693849908913398,0.17632619890696077,0.26448929836044116,0.52,0.26,0.26,False,False,False,5338.76,2026-06-11 12:45:00+00:00,214.47093849908916,SL,25.0,0.0,0.0,2.6,-52.6,5286.16
177,GBPJPY,BUY,2026-06-12 06:20:00+00:00,214.905,214.74752854347798,215.09396574782642,215.18844862173964,214.74752854347798,0.1574714565220153,0.18896574782641837,0.28344862173962754,0.49,0.24,0.25,False,False,False,5286.16,2026-06-12 07:30:00+00:00,214.74752854347798,SL,70.0,0.0,0.0,2.45,-52.45,5233.71
178,GBPJPY,BUY,2026-06-16 18:55:00+00:00,215.43,215.28286617020615,215.60656059575265,215.69484089362896,215.28286617020615,0.1471338297938699,0.17656059575264388,0.2648408936289658,0.52,0.26,0.26,False,False,False,5233.71,2026-06-16 21:05:00+00:00,215.308,EOD_CLOSE,130.0,-20.67,-20.67,2.6,-43.93,5189.78
179,GBPJPY,SELL,2026-06-17 10:20:00+00:00,214.827,214.94697509732075,214.6830298832151,214.61104482482267,214.94697509732075,0.1199750973207428,0.14397011678489136,0.215955175177337,0.64,0.32,0.32,False,False,False,5189.78,2026-06-17 10:50:00+00:00,214.94697509732075,SL,30.0,0.0,0.0,3.2,-53.2,5136.58
180,GBPJPY,SELL,2026-06-17 18:00:00+00:00,214.25,214.37581655551475,214.09902013338228,214.02353020007342,214.37581655551475,0.1258165555147584,0.15097986661771007,0.2264697999265651,0.61,0.3,0.31,False,False,False,5136.58,2026-06-17 18:30:00+00:00,214.02353020007342,FULL_TP2,30.0,29.51,45.74,3.05,72.2,5208.77
181,GBPJPY,SELL,2026-06-18 07:05:00+00:00,213.646,213.8277069436892,213.4279516675729,213.31892750135938,213.646,0.18170694368923088,0.21804833242707705,0.32707249864061555,0.42,0.21,0.21,True,False,False,5208.77,2026-06-18 08:10:00+00:00,213.31892750135938,FULL_TP2,65.0,29.83,44.75,2.1,72.48,5281.25
182,GBPJPY,SELL,2026-06-18 18:00:00+00:00,213.198,213.44358265029416,212.90330081964703,212.75595122947053,213.44358265029416,0.24558265029415602,0.2946991803529872,0.4420487705294808,0.31,0.15,0.16,False,False,False,5281.25,2026-06-18 18:45:00+00:00,213.44358265029416,SL,45.0,0.0,0.0,1.55,-51.55,5229.7
183,GBPJPY,SELL,2026-06-18 19:35:00+00:00,213.104,213.3485553181303,212.81053361824365,212.6638004273655,213.3485553181303,0.2445553181302886,0.2934663817563463,0.4401995726345195,0.31,0.15,0.16,False,False,False,5229.7,2026-06-18 21:05:00+00:00,212.968,EOD_CLOSE,90.0,13.29,14.18,1.55,25.92,5255.62
184,GBPJPY,BUY,2026-06-19 14:40:00+00:00,213.398,213.17849126366872,213.66141048359754,213.7931157253963,213.17849126366872,0.2195087363312736,0.26341048359752833,0.3951157253962924,0.35,0.17,0.18,False,False,False,5255.62,2026-06-19 14:50:00+00:00,213.17849126366872,SL,10.0,0.0,0.0,1.75,-51.75,5203.87
185,GBPJPY,BUY,2026-06-19 15:20:00+00:00,213.285,213.06305617340666,213.55133259191197,213.684498887868,213.06305617340666,0.2219438265933243,0.26633259191198916,0.39949888786798365,0.35,0.17,0.18,False,False,False,5203.87,2026-06-21 21:05:00+00:00,213.06305617340666,SL,3225.0,0.0,0.0,1.75,-51.75,5152.12
186,GBPJPY,BUY,2026-06-22 19:15:00+00:00,214.009,213.76321373727205,214.30394351527352,214.45141527291025,213.76321373727205,0.24578626272793277,0.2949435152735193,0.44241527291027893,0.31,0.15,0.16,False,False,False,5152.12,2026-06-22 21:05:00+00:00,214.029,EOD_CLOSE,110.0,1.95,2.08,1.55,2.49,5154.61
187,GBPJPY,SELL,2026-06-23 14:00:00+00:00,213.386,213.5909371043427,213.14007547478877,213.01711321218315,213.386,0.20493710434268958,0.24592452521122748,0.3688867878168412,0.37,0.18,0.19,True,False,False,5154.61,2026-06-23 15:40:00+00:00,213.01711321218315,FULL_TP2,100.0,28.84,45.66,1.85,72.65,5227.26
188,GBPJPY,SELL,2026-06-24 07:00:00+00:00,213.186,213.34616301650004,212.99380438019998,212.89770657029996,213.34616301650004,0.1601630165000325,0.192195619800039,0.2882934297000585,0.48,0.24,0.24,False,False,False,5227.26,2026-06-24 07:30:00+00:00,213.34616301650004,SL,30.0,0.0,0.0,2.4,-52.4,5174.86
189,GBPJPY,SELL,2026-06-24 08:10:00+00:00,213.066,213.23077994389288,212.86826406732854,212.7693961009928,213.23077994389288,0.16477994389288764,0.19773593267146516,0.2966038990071977,0.47,0.23,0.24,False,False,False,5174.86,2026-06-24 08:25:00+00:00,213.23077994389288,SL,15.0,0.0,0.0,2.35,-52.35,5122.51
190,GBPJPY,SELL,2026-06-24 14:35:00+00:00,212.618,212.82308110250108,212.37190267699867,212.248854015498,212.82308110250108,0.20508110250109468,0.2460973230013136,0.3691459845019704,0.37,0.18,0.19,False,False,False,5122.51,2026-06-24 15:00:00+00:00,212.82308110250108,SL,25.0,0.0,0.0,1.85,-51.85,5070.66
191,GBPJPY,SELL,2026-06-24 17:40:00+00:00,212.888,213.10660815677656,212.6256702118681,212.49450531780218,213.10660815677656,0.21860815677656784,0.2623297881318814,0.3934946821978221,0.35,0.17,0.18,False,False,False,5070.66,2026-06-24 21:05:00+00:00,212.924,EOD_CLOSE,205.0,-3.99,-4.22,1.75,-9.96,5060.7
192,GBPJPY,BUY,2026-06-25 06:55:00+00:00,213.243,213.08584381659085,213.43158742009095,213.52588113013644,213.243,0.15715618340913717,0.1885874200909646,0.2828811301364469,0.49,0.24,0.25,True,False,False,5060.7,2026-06-25 09:30:00+00:00,213.52588113013644,FULL_TP2,155.0,29.49,46.07,2.45,73.11,5133.82
193,GBPJPY,BUY,2026-06-25 12:40:00+00:00,213.296,213.12620202470845,213.49975757034986,213.6016363555248,213.296,0.16979797529155383,0.20375757034986458,0.30563635552479684,0.45,0.23,0.22,True,False,False,5133.82,2026-06-25 13:55:00+00:00,213.296,TP1_THEN_BE,75.0,30.53,0.0,2.25,28.28,5162.1
194,GBPJPY,BUY,2026-06-25 18:25:00+00:00,213.599,213.42029951719215,213.8134405793694,213.9206608690541,213.42029951719215,0.1787004828078474,0.21444057936941688,0.3216608690541253,0.43,0.21,0.22,False,False,False,5162.1,2026-06-25 20:50:00+00:00,213.42029951719215,SL,145.0,0.0,0.0,2.15,-52.15,5109.95
195,GBPJPY,BUY,2026-06-30 08:50:00+00:00,214.835,214.68369812965355,215.01656224441575,215.10734336662364,214.68369812965355,0.15130187034646314,0.18156224441575577,0.2723433666236336,0.51,0.26,0.25,False,False,False,5109.95,2026-06-30 11:30:00+00:00,214.68369812965355,SL,160.0,0.0,0.0,2.55,-52.55,5057.4
196,GBPJPY,BUY,2026-06-30 19:55:00+00:00,215.639,215.43930029426298,215.87863964688447,215.99845947032668,215.43930029426298,0.19969970573704185,0.23963964688445022,0.3594594703266753,0.38,0.19,0.19,False,False,False,5057.4,2026-06-30 21:05:00+00:00,215.43930029426298,SL,70.0,0.0,0.0,1.9,-51.9,5005.5
197,GBPJPY,BUY,2026-07-01 08:05:00+00:00,215.437,215.27253256494217,215.63436092206942,215.73304138310414,215.437,0.16446743505784656,0.19736092206941586,0.29604138310412376,0.47,0.23,0.24,True,False,False,5005.5,2026-07-01 11:55:00+00:00,215.437,TP1_THEN_BE,230.0,29.57,0.0,2.35,27.22,5032.72
198,GBPJPY,SELL,2026-07-02 10:45:00+00:00,215.148,215.36994907437725,214.8816611107473,214.74849166612094,215.148,0.2219490743772454,0.26633888925269444,0.39950833387904167,0.35,0.17,0.18,True,False,False,5032.72,2026-07-02 12:30:00+00:00,214.74849166612094,FULL_TP2,105.0,29.5,46.85,1.75,74.6,5107.32
199,GBPJPY,SELL,2026-07-02 15:15:00+00:00,215.075,215.3104456150576,214.79246526193083,214.65119789289628,215.3104456150576,0.23544561505762177,0.2825347380691461,0.42380210710371913,0.33,0.17,0.16,False,False,False,5107.32,2026-07-02 21:10:00+00:00,214.922,EOD_CLOSE,355.0,16.95,15.95,1.65,31.24,5138.56
200,GBPJPY,BUY,2026-07-03 18:05:00+00:00,215.47,215.31645620856486,215.65425254972214,215.74637882458322,215.31645620856486,0.1535437914351292,0.18425254972215502,0.27637882458323254,0.5,0.25,0.25,False,False,False,5138.56,2026-07-05 21:05:00+00:00,215.31645620856486,SL,3060.0,0.0,0.0,2.5,-52.5,5086.06
201,GBPJPY,BUY,2026-07-07 08:25:00+00:00,216.798,216.63677958243517,216.99146450107781,217.08819675161672,216.63677958243517,0.16122041756484468,0.1934645010778136,0.29019675161672037,0.48,0.24,0.24,False,False,False,5086.06,2026-07-07 10:00:00+00:00,216.63677958243517,SL,95.0,0.0,0.0,2.4,-52.4,5033.66
202,GBPJPY,SELL,2026-07-07 15:15:00+00:00,216.496,216.66494296768957,216.29326843877254,216.19190265815882,216.66494296768957,0.16894296768955336,0.20273156122746402,0.304097341841196,0.45,0.23,0.22,False,False,False,5033.66,2026-07-07 21:05:00+00:00,216.431,EOD_CLOSE,350.0,9.74,9.32,2.25,16.81,5050.47
203,GBPJPY,BUY,2026-07-08 07:20:00+00:00,216.831,216.69319062608832,216.99637124869398,217.07905687304097,216.69319062608832,0.13780937391165493,0.16537124869398592,0.24805687304097884,0.56,0.28,0.28,False,False,False,5050.47,2026-07-08 08:15:00+00:00,216.69319062608832,SL,55.0,0.0,0.0,2.8,-52.8,4997.67
204,GBPJPY,BUY,2026-07-09 08:05:00+00:00,217.841,217.6982611186783,218.0122866575861,218.0979299863791,217.6982611186783,0.1427388813217258,0.17128665758607095,0.2569299863791064,0.54,0.27,0.27,False,False,False,4997.67,2026-07-09 10:30:00+00:00,217.6982611186783,SL,145.0,0.0,0.0,2.7,-52.7,4944.97
205,GBPJPY,BUY,2026-07-09 20:35:00+00:00,217.752,217.62060737267217,217.9096711527934,217.9885067291901,217.62060737267217,0.1313926273278375,0.157671152793405,0.23650672919010746,0.58,0.29,0.29,False,False,False,4944.97,2026-07-09 21:05:00+00:00,217.62060737267217,SL,30.0,0.0,0.0,2.9,-52.9,4892.07
206,GBPJPY,SELL,2026-07-10 08:05:00+00:00,216.871,217.03506077992537,216.67412706408956,216.57569059613434,217.03506077992537,0.16406077992537652,0.19687293591045182,0.2953094038656777,0.47,0.23,0.24,False,False,False,4892.07,2026-07-10 09:30:00+00:00,217.03506077992537,SL,85.0,0.0,0.0,2.35,-52.35,4839.72
207,GBPJPY,SELL,2026-07-10 12:45:00+00:00,217.078,217.2586645547545,216.86120253429462,216.75280380144193,217.078,0.1806645547544935,0.21679746570539218,0.3251961985580883,0.42,0.21,0.21,True,False,False,4839.72,2026-07-10 14:30:00+00:00,216.75280380144193,FULL_TP2,105.0,29.66,44.49,2.1,72.05,4911.77
208,GBPJPY,SELL,2026-07-10 20:55:00+00:00,216.61,216.7891621137173,216.39500546353923,216.28750819530887,216.7891621137173,0.17916211371730628,0.21499453646076752,0.3224918046911513,0.43,0.21,0.22,False,False,False,4911.77,2026-07-12 21:05:00+00:00,216.43,EOD_CLOSE,2890.0,24.63,25.8,2.15,48.28,4960.05
209,GBPJPY,BUY,2026-07-13 14:55:00+00:00,217.191,217.01431352770453,217.4030237667546,217.50903565013186,217.01431352770453,0.17668647229548506,0.21202376675458207,0.31803565013187307,0.43,0.21,0.22,False,False,False,4960.05,2026-07-13 16:35:00+00:00,217.01431352770453,SL,100.0,0.0,0.0,2.15,-52.15,4907.9
210,GBPJPY,SELL,2026-07-14 06:15:00+00:00,216.798,216.92620542879374,216.64415348544753,216.5672302281713,216.92620542879374,0.12820542879373162,0.15384651455247794,0.23076977182871689,0.6,0.3,0.3,False,False,False,4907.9,2026-07-14 07:45:00+00:00,216.92620542879374,SL,90.0,0.0,0.0,3.0,-53.0,4854.9
211,GBPJPY,BUY,2026-07-14 11:25:00+00:00,217.004,216.87147031022582,217.16303562772902,217.24255344159351,216.87147031022582,0.13252968977418553,0.15903562772902263,0.23855344159353392,0.58,0.29,0.29,False,False,False,4854.9,2026-07-14 12:30:00+00:00,217.24255344159351,FULL_TP2,65.0,30.05,45.07,2.9,72.22,4927.12
212,GBPJPY,BUY,2026-07-14 16:35:00+00:00,217.093,216.92690272262797,217.29231673284642,217.39197509926962,216.92690272262797,0.16609727737201566,0.1993167328464188,0.2989750992696282,0.46,0.23,0.23,False,False,False,4927.12,2026-07-14 17:15:00+00:00,216.92690272262797,SL,40.0,0.0,0.0,2.3,-52.3,4874.82
213,GBPJPY,BUY,2026-07-15 10:45:00+00:00,217.46,217.31716496303014,217.63140204436382,217.71710306654575,217.46,0.14283503696985686,0.17140204436382822,0.25710306654574233,0.54,0.27,0.27,True,False,False,4874.82,2026-07-15 11:55:00+00:00,217.71710306654575,FULL_TP2,70.0,30.15,45.23,2.7,72.68,4947.49
214,GBPJPY,SELL,2026-07-17 07:05:00+00:00,218.51,218.6520282872211,218.33956605533467,218.254349083002,218.51,0.14202828722110297,0.17043394466532355,0.2556509169979853,0.54,0.27,0.27,True,False,False,4947.49,2026-07-17 09:00:00+00:00,218.254349083002,FULL_TP2,115.0,29.98,44.97,2.7,72.25,5019.75
215,GBPJPY,SELL,2026-07-21 15:10:00+00:00,217.939,218.12334118157943,217.71779058210467,217.607185873157,218.12334118157943,0.18434118157944168,0.22120941789533002,0.331814126842995,0.42,0.21,0.21,False,False,False,5019.75,2026-07-21 16:45:00+00:00,218.12334118157943,SL,95.0,0.0,0.0,2.1,-52.1,4967.65
216,GBPJPY,SELL,2026-07-22 12:45:00+00:00,217.864,218.01861876369364,217.67845748356766,217.58568622535148,218.01861876369364,0.15461876369362507,0.18554251643235006,0.2783137746485251,0.5,0.25,0.25,False,False,False,4967.65,2026-07-22 13:15:00+00:00,218.01861876369364,SL,30.0,0.0,0.0,2.5,-52.5,4915.15
217,GBPJPY,SELL,2026-07-22 15:35:00+00:00,218.117,218.2864439591235,217.9136672490518,217.8120008735777,218.2864439591235,0.16944395912350196,0.20333275094820236,0.3049991264223035,0.45,0.23,0.22,False,False,False,4915.15,2026-07-22 21:05:00+00:00,218.143,EOD_CLOSE,330.0,-3.9,-3.73,2.25,-9.87,4905.27
218,GBPJPY,SELL,2026-07-27 14:40:00+00:00,217.863,218.00075003987692,217.6976999521477,217.61504992822157,217.863,0.1377500398769065,0.1653000478522878,0.2479500717784317,0.56,0.28,0.28,True,False,False,4905.27,2026-07-27 17:00:00+00:00,217.61504992822157,FULL_TP2,140.0,30.15,45.23,2.8,72.59,4977.86
219,GBPJPY,SELL,2026-07-27 20:20:00+00:00,217.593,217.72302995746725,217.43696405103927,217.3589460765589,217.72302995746725,0.13002995746726093,0.1560359489607131,0.23405392344106965,0.59,0.29,0.3,False,False,False,4977.86,2026-07-27 21:05:00+00:00,217.59,EOD_CLOSE,45.0,0.57,0.59,2.95,-1.8,4976.06
220,GBPJPY,SELL,2026-07-28 11:45:00+00:00,217.659,217.79273342111398,217.4985198946632,217.4182798419948,217.79273342111398,0.13373342111399053,0.16048010533678864,0.24072015800518293,0.57,0.28,0.29,False,False,False,4976.06,2026-07-28 12:10:00+00:00,217.79273342111398,SL,25.0,0.0,0.0,2.85,-52.85,4923.21
221,GBPJPY,BUY,2026-07-28 16:35:00+00:00,217.83,217.6910450795694,217.99674590451676,218.08011885677513,217.6910450795694,0.13895492043061827,0.16674590451674193,0.25011885677511286,0.55,0.28,0.27,False,False,False,4923.21,2026-07-28 18:00:00+00:00,217.6910450795694,SL,85.0,0.0,0.0,2.75,-52.75,4870.46
222,GBPJPY,SELL,2026-07-28 20:25:00+00:00,217.735,217.86053551339077,217.58435738393112,217.50903607589666,217.86053551339077,0.12553551339074728,0.15064261606889673,0.2259639241033451,0.61,0.3,0.31,False,False,False,4870.46,2026-07-28 21:05:00+00:00,217.661,EOD_CLOSE,40.0,14.46,14.95,3.05,26.36,4896.82
223,GBPJPY,SELL,2026-07-29 12:00:00+00:00,217.512,217.65059388141663,217.34568734230007,217.2625310134501,217.65059388141663,0.13859388141661924,0.16631265769994308,0.24946898654991462,0.55,0.28,0.27,False,False,False,4896.82,2026-07-29 13:50:00+00:00,217.65059388141663,SL,110.0,0.0,0.0,2.75,-52.75,4844.07
224,GBPJPY,BUY,2026-07-29 16:55:00+00:00,217.782,217.63638346920192,217.95673983695775,218.0441097554366,217.782,0.14561653079810616,0.17473983695772738,0.26210975543659104,0.53,0.27,0.26,True,False,False,4844.07,2026-07-29 18:00:00+00:00,218.0441097554366,FULL_TP2,65.0,30.74,44.4,2.65,72.49,4916.56
225,GBPJPY,BUY,2026-07-30 06:55:00+00:00,218.321,218.17603538102935,218.49495754276478,218.58193631414716,218.321,0.14496461897064525,0.1739575427647743,0.2609363141471614,0.53,0.27,0.26,True,False,False,4916.56,2026-07-30 08:30:00+00:00,218.58193631414716,FULL_TP2,95.0,30.6,44.2,2.65,72.15,4988.71
226,GBPJPY,SELL,2026-07-30 17:35:00+00:00,213.487,214.01070171372766,212.8585579435268,212.5443369152902,214.01070171372766,0.5237017137276752,0.6284420564732102,0.9426630847098152,0.15,0.07,0.08,False,False,False,4988.71,2026-07-30 17:40:00+00:00,214.01070171372766,SL,5.0,0.0,0.0,0.75,-50.75,4937.96
227,GBPJPY,SELL,2026-07-31 07:50:00+00:00,215.639,216.07534240530788,215.11538911363058,214.85358367044586,215.639,0.43634240530786067,0.5236108863694328,0.7854163295541491,0.18,0.09,0.09,True,False,False,4937.96,2026-07-31 08:55:00+00:00,214.85358367044586,FULL_TP2,65.0,30.7,46.05,0.9,75.85,5013.81
228,GBPJPY,SELL,2026-07-31 11:35:00+00:00,215.036,215.61438430440435,214.34193883471477,213.99490825207215,215.036,0.578384304404359,0.6940611652852308,1.041091747927846,0.13,0.07,0.06,True,False,False,5013.81,2026-07-31 13:30:00+00:00,213.99490825207215,FULL_TP2,115.0,31.65,40.7,0.65,71.7,5085.51
229,GBPJPY,SELL,2026-07-31 17:30:00+00:00,213.758,214.36786109703942,213.02616668355273,212.66025002532908,214.36786109703942,0.6098610970394076,0.7318333164472891,1.0977499746709336,0.13,0.07,0.06,False,False,False,5085.51,2026-07-31 18:45:00+00:00,214.36786109703942,SL,75.0,0.0,0.0,0.65,-50.65,5034.86
230,GBPJPY,SELL,2026-07-31 20:10:00+00:00,213.68,214.3180032180013,212.91439613839844,212.53159420759766,213.68,0.6380032180013043,0.7656038616015651,1.1484057924023476,0.12,0.06,0.06,True,False,False,5034.86,2026-07-31 20:50:00+00:00,212.53159420759766,FULL_TP2,40.0,29.93,44.89,0.6,74.22,5109.08
231,GBPJPY,SELL,2026-08-03 07:30:00+00:00,210.82,211.48950294266444,210.01659646880265,209.614894703204,211.48950294266444,0.6695029426644474,0.8034035311973369,1.2051052967960052,0.11,0.06,0.05,False,False,False,5109.08,2026-08-03 21:05:00+00:00,211.044,EOD_CLOSE,815.0,-8.76,-7.3,0.55,-16.6,5092.48
232,GBPJPY,BUY,2026-08-04 14:25:00+00:00,211.82,211.51033759593153,212.19159488488214,212.3773923273232,211.82,0.3096624040684506,0.3715948848821407,0.557392327323211,0.25,0.12,0.13,True,False,False,5092.48,2026-08-04 21:05:00+00:00,212.107,EOD_CLOSE,400.0,29.05,24.31,1.25,52.11,5144.58
233,GBPJPY,BUY,2026-08-06 19:55:00+00:00,213.12,212.96228847133372,213.30925383439953,213.4038807515993,212.96228847133372,0.15771152866628066,0.18925383439953677,0.28388075159930515,0.49,0.24,0.25,False,False,False,5144.58,2026-08-06 21:05:00+00:00,213.077,EOD_CLOSE,70.0,-6.72,-7.0,2.45,-16.18,5128.41
234,GBPJPY,BUY,2026-08-07 07:50:00+00:00,213.085,212.95796280319064,213.23744463617123,213.31366695425686,212.95796280319064,0.12703719680935965,0.15244463617123158,0.22866695425684735,0.6,0.3,0.3,False,False,False,5128.41,2026-08-07 08:35:00+00:00,212.95796280319064,SL,45.0,0.0,0.0,3.0,-53.0,5075.41
235,GBPJPY,SELL,2026-08-07 12:30:00+00:00,211.664,211.80093835811516,211.49967397026177,211.41751095539266,211.80093835811516,0.1369383581151792,0.16432602973821506,0.24648904460732254,0.56,0.28,0.28,False,False,False,5075.41,2026-08-07 12:35:00+00:00,211.80093835811516,SL,5.0,0.0,0.0,2.8,-52.8,5022.61
236,GBPJPY,SELL,2026-08-07 15:35:00+00:00,212.661,212.89263526704775,212.3830376795427,212.24405651931403,212.661,0.23163526704775883,0.27796232045731056,0.4169434806859659,0.33,0.17,0.16,True,False,False,5022.61,2026-08-07 18:25:00+00:00,212.661,TP1_THEN_BE,170.0,30.79,0.0,1.65,29.14,5051.74
237,GBPJPY,SELL,2026-08-07 19:50:00+00:00,212.591,212.81896985792773,212.31743617048676,212.18065425573013,212.81896985792773,0.22796985792771296,0.27356382951325553,0.4103457442698833,0.34,0.17,0.17,False,False,False,5051.74,2026-08-07 20:15:00+00:00,212.81896985792773,SL,25.0,0.0,0.0,1.7,-51.7,5000.04
238,GBPJPY,BUY,2026-08-10 12:50:00+00:00,214.473,214.28967934635892,214.69298478436932,214.80297717655398,214.473,0.18332065364109676,0.2199847843693161,0.3299771765539741,0.42,0.21,0.21,True,False,False,5000.04,2026-08-10 14:05:00+00:00,214.80297717655398,FULL_TP2,75.0,30.1,45.15,2.1,73.14,5073.19
239,GBPJPY,BUY,2026-08-11 07:05:00+00:00,215.143,214.99034367655693,215.3261875881317,215.41778138219752,214.99034367655693,0.1526563234430652,0.18318758813167824,0.27478138219751735,0.5,0.25,0.25,False,False,False,5073.19,2026-08-11 07:35:00+00:00,214.99034367655693,SL,30.0,0.0,0.0,2.5,-52.5,5020.69
240,GBPJPY,BUY,2026-08-11 08:10:00+00:00,215.099,214.94559055680287,215.28309133183654,215.37513699775482,214.94559055680287,0.1534094431971308,0.18409133183655693,0.2761369977548354,0.5,0.25,0.25,False,False,False,5020.69,2026-08-11 10:55:00+00:00,214.94559055680287,SL,165.0,0.0,0.0,2.5,-52.5,4968.19
241,GBPJPY,BUY,2026-08-11 17:40:00+00:00,215.096,214.94680401780448,215.27503517863465,215.36455276795195,214.94680401780448,0.14919598219553065,0.17903517863463678,0.26855276795195515,0.51,0.26,0.25,False,False,False,4968.19,2026-08-11 21:05:00+00:00,215.073,EOD_CLOSE,205.0,-3.9,-3.75,2.55,-10.19,4957.99
242,GBPJPY,BUY,2026-08-12 07:05:00+00:00,215.285,215.17262462837843,215.41985044594588,215.4872756689188,215.17262462837843,0.11237537162156211,0.13485044594587453,0.20227566891881177,0.68,0.34,0.34,False,False,False,4957.99,2026-08-12 09:20:00+00:00,215.17262462837843,SL,135.0,0.0,0.0,3.4,-53.4,4904.59
243,GBPJPY,BUY,2026-08-12 11:55:00+00:00,215.199,215.0523383541003,215.37499397507966,215.4629909626195,215.0523383541003,0.1466616458997162,0.17599397507965944,0.2639909626194891,0.52,0.26,0.26,False,False,False,4904.59,2026-08-12 12:10:00+00:00,215.0523383541003,SL,15.0,0.0,0.0,2.6,-52.6,4851.99
244,GBPJPY,SELL,2026-08-12 18:45:00+00:00,215.124,215.275358658179,214.9423696101852,214.8515544152778,215.275358658179,0.15135865817899682,0.18163038981479618,0.27244558472219427,0.51,0.26,0.25,False,False,False,4851.99,2026-08-12 21:05:00+00:00,215.09,EOD_CLOSE,140.0,5.76,5.54,2.55,8.75,4860.74
245,GBPJPY,SELL,2026-08-13 11:05:00+00:00,214.918,215.04717467749958,214.76299038700049,214.68548558050074,215.04717467749958,0.12917467749958952,0.1550096129995074,0.23251441949926113,0.59,0.29,0.3,False,False,False,4860.74,2026-08-13 13:00:00+00:00,215.04717467749958,SL,115.0,0.0,0.0,2.95,-52.95,4807.79
246,GBPJPY,SELL,2026-08-13 14:10:00+00:00,214.845,214.97213672247324,214.6924359330321,214.61615389954815,214.97213672247324,0.12713672247324923,0.15256406696789906,0.22884610045184858,0.6,0.3,0.3,False,False,False,4807.79,2026-08-13 14:50:00+00:00,214.97213672247324,SL,40.0,0.0,0.0,3.0,-53.0,4754.79
247,GBPJPY,SELL,2026-08-19 06:30:00+00:00,215.646,215.75085410011891,215.52017507985727,215.4572626197859,215.75085410011891,0.10485410011893675,0.1258249201427241,0.18873738021408615,0.73,0.36,0.37,False,False,False,4754.79,2026-08-19 06:45:00+00:00,215.75085410011891,SL,15.0,0.0,0.0,3.65,-53.65,4701.14
248,GBPJPY,SELL,2026-08-19 07:20:00+00:00,215.683,215.79179309296757,215.55244828843888,215.48717243265833,215.79179309296757,0.1087930929675851,0.13055171156110212,0.19582756734165316,0.71,0.35,0.36,False,False,False,4701.14,2026-08-19 08:10:00+00:00,215.79179309296757,SL,50.0,0.0,0.0,3.55,-53.55,4647.59
249,GBPJPY,SELL,2026-08-19 08:25:00+00:00,215.668,215.77850787204133,215.5353905535504,215.4690858303256,215.77850787204133,0.11050787204132884,0.1326094464495946,0.19891416967439188,0.69,0.34,0.35,False,False,False,4647.59,2026-08-19 08:50:00+00:00,215.77850787204133,SL,25.0,0.0,0.0,3.45,-53.45,4594.14
250,GBPJPY,SELL,2026-08-19 10:50:00+00:00,215.674,215.78923995089278,215.53571205892868,215.46656808839302,215.78923995089278,0.11523995089277812,0.13828794107133374,0.2074319116070006,0.67,0.34,0.33,False,False,False,4594.14,2026-08-19 12:30:00+00:00,215.46656808839302,FULL_TP2,100.0,30.63,44.6,3.35,71.88,4666.02
251,GBPJPY,SELL,2026-08-19 14:25:00+00:00,215.622,215.7868812848149,215.42414245822215,215.32521368733322,215.622,0.16488128481488584,0.197857541777863,0.2967863126667945,0.47,0.23,0.24,True,False,False,4666.02,2026-08-19 15:05:00+00:00,215.622,TP1_THEN_BE,40.0,29.65,0.0,2.35,27.3,4693.32
252,GBPJPY,SELL,2026-08-19 15:50:00+00:00,215.56,215.73613262161382,215.3486408540634,215.24296128109512,215.56,0.17613262161382212,0.21135914593658653,0.3170387189048798,0.44,0.22,0.22,True,False,False,4693.32,2026-08-19 19:30:00+00:00,215.24296128109512,FULL_TP2,220.0,30.29,45.44,2.2,73.54,4766.85
253,GBPJPY,BUY,2026-08-20 07:30:00+00:00,215.806,215.64240690404296,216.00231171514847,216.10046757272272,215.806,0.16359309595705357,0.19631171514846427,0.2944675727226964,0.47,0.23,0.24,True,False,False,4766.85,2026-08-20 08:50:00+00:00,216.10046757272272,FULL_TP2,80.0,29.42,46.04,2.35,73.11,4839.96
254,GBPJPY,BUY,2026-08-20 15:10:00+00:00,216.489,216.30840938613895,216.70570873663328,216.8140631049499,216.489,0.1805906138610567,0.21670873663326803,0.32506310494990204,0.42,0.21,0.21,True,False,False,4839.96,2026-08-20 18:25:00+00:00,216.8140631049499,FULL_TP2,195.0,29.65,44.47,2.1,72.02,4911.98
255,GBPJPY,BUY,2026-08-24 06:35:00+00:00,216.851,216.71143960863603,217.01847246963675,217.10220870445514,216.851,0.13956039136396214,0.16747246963675458,0.2512087044551318,0.55,0.28,0.27,True,False,False,4911.98,2026-08-24 07:25:00+00:00,217.10220870445514,FULL_TP2,50.0,30.55,44.19,2.75,71.99,4983.97
256,GBPJPY,SELL,2026-08-26 06:45:00+00:00,216.747,216.86391352465213,216.60670377041748,216.5365556556262,216.86391352465213,0.11691352465211875,0.1402962295825425,0.21044434437381374,0.66,0.33,0.33,False,False,False,4983.97,2026-08-26 07:15:00+00:00,216.86391352465213,SL,30.0,0.0,0.0,3.3,-53.3,4930.67
257,GBPJPY,SELL,2026-08-26 07:50:00+00:00,216.725,216.84001970146267,216.58697635824478,216.51796453736716,216.725,0.11501970146268169,0.13802364175521803,0.20703546263282702,0.67,0.34,0.33,True,False,False,4930.67,2026-08-26 11:05:00+00:00,216.725,TP1_THEN_BE,195.0,30.57,0.0,3.35,27.22,4957.9
258,GBPJPY,SELL,2026-08-26 12:30:00+00:00,216.624,216.74189126780357,216.4825304786357,216.41179571795357,216.74189126780357,0.11789126780356421,0.14146952136427704,0.21220428204641556,0.65,0.33,0.32,False,False,False,4957.9,2026-08-26 12:50:00+00:00,216.74189126780357,SL,20.0,0.0,0.0,3.25,-53.25,4904.65
259,GBPJPY,SELL,2026-08-26 14:20:00+00:00,216.617,216.74248379723878,216.46641944331344,216.39112916497018,216.617,0.12548379723878658,0.15058055668654388,0.22587083502981584,0.61,0.3,0.31,True,False,False,4904.65,2026-08-26 21:10:00+00:00,216.458,EOD_CLOSE,410.0,29.43,32.11,3.05,58.49,4963.14
260,GBPJPY,SELL,2026-08-27 11:45:00+00:00,216.446,216.56303765746398,216.3055548110432,216.2353322165648,216.56303765746398,0.11703765746398742,0.1404451889567849,0.21066778343517734,0.66,0.33,0.33,False,False,False,4963.14,2026-08-27 13:10:00+00:00,216.56303765746398,SL,85.0,0.0,0.0,3.3,-53.3,4909.84
261,GBPJPY,BUY,2026-08-28 08:05:00+00:00,216.709,216.60451265639506,216.83438481232594,216.89707721848887,216.709,0.10448734360493633,0.1253848123259236,0.1880772184888854,0.73,0.36,0.37,True,False,False,4909.84,2026-08-28 10:20:00+00:00,216.89707721848887,FULL_TP2,135.0,29.41,45.34,3.65,71.09,4980.94
262,GBPJPY,BUY,2026-08-28 16:45:00+00:00,216.845,216.6957771330795,217.0240674403046,217.1136011604569,216.6957771330795,0.1492228669205064,0.17906744030460767,0.2686011604569115,0.51,0.26,0.25,False,False,False,4980.94,2026-08-28 17:05:00+00:00,216.6957771330795,SL,20.0,0.0,0.0,2.55,-52.55,4928.39
263,GBPJPY,SELL,2026-08-31 07:00:00+00:00,216.368,216.49726989324708,216.2128761281035,216.13531419215525,216.368,0.12926989324708724,0.15512387189650467,0.232685807844757,0.59,0.29,0.3,True,False,False,4928.39,2026-08-31 07:15:00+00:00,216.13531419215525,FULL_TP2,15.0,29.31,45.48,2.95,71.84,5000.22
264,GBPJPY,SELL,2026-08-31 10:45:00+00:00,216.219,216.35443190796786,216.05648171043853,215.97522256565782,216.35443190796786,0.13543190796787621,0.16251828956145145,0.24377743434217716,0.57,0.28,0.29,False,False,False,5000.22,2026-08-31 12:25:00+00:00,216.35443190796786,SL,100.0,0.0,0.0,2.85,-52.85,4947.37
265,GBPJPY,SELL,2026-08-31 14:15:00+00:00,216.366,216.49815981683338,216.2074082198,216.12811232969997,216.366,0.1321598168333626,0.1585917802000351,0.23788767030005264,0.58,0.29,0.29,True,False,False,4947.37,2026-08-31 14:45:00+00:00,216.366,TP1_THEN_BE,30.0,29.96,0.0,2.9,27.06,4974.44
266,GBPJPY,SELL,2026-08-31 16:05:00+00:00,216.349,216.49346433186142,216.1756428017663,216.08896420264944,216.49346433186142,0.14446433186142046,0.17335719823370455,0.2600357973505568,0.53,0.27,0.26,False,False,False,4974.44,2026-08-31 18:55:00+00:00,216.49346433186142,SL,170.0,0.0,0.0,2.65,-52.65,4921.79
267,GBPJPY,SELL,2026-09-01 20:55:00+00:00,216.432,216.55675061040276,216.28229926751666,216.20744890127503,216.55675061040276,0.12475061040276239,0.14970073248331486,0.22455109872497228,0.62,0.31,0.31,False,False,False,4921.79,2026-09-01 21:05:00+00:00,216.407,EOD_CLOSE,10.0,5.05,5.05,3.1,7.0,4928.78
268,GBPJPY,SELL,2026-09-02 16:50:00+00:00,214.357,214.61243263768333,214.05048083478002,213.89722125217003,214.357,0.2554326376833231,0.3065191652199877,0.4597787478299815,0.3,0.15,0.15,True,False,False,4928.78,2026-09-02 21:10:00+00:00,213.979,EOD_CLOSE,260.0,29.95,36.94,1.5,65.39,4994.18
269,GBPJPY,BUY,2026-09-04 08:55:00+00:00,211.662,211.33928030619307,212.0492636325683,212.24289544885247,211.33928030619307,0.32271969380691923,0.38726363256830304,0.5808954488524546,0.24,0.12,0.12,False,False,False,4994.18,2026-09-04 12:10:00+00:00,211.33928030619307,SL,195.0,0.0,0.0,1.2,-51.2,4942.98
270,GBPJPY,SELL,2026-09-04 17:30:00+00:00,210.923,211.27905836786186,210.49572995856576,210.28209493784865,211.27905836786186,0.3560583678618643,0.42727004143423714,0.6409050621513557,0.22,0.11,0.11,False,False,False,4942.98,2026-09-06 21:05:00+00:00,210.842,EOD_CLOSE,3095.0,5.8,5.8,1.1,10.51,4953.49
271,GBPJPY,SELL,2026-09-07 07:15:00+00:00,210.618,210.87877487913076,210.3050701450431,210.14860521756464,210.618,0.2607748791307516,0.3129298549569019,0.4693947824353528,0.29,0.14,0.15,True,False,False,4953.49,2026-09-07 08:05:00+00:00,210.14860521756464,FULL_TP2,50.0,28.54,45.87,1.45,72.96,5026.45
272,GBPJPY,SELL,2026-09-07 14:20:00+00:00,209.06,209.4008703235091,208.65095561178907,208.4464334176836,209.4008703235091,0.3408703235091097,0.4090443882109316,0.6135665823163974,0.23,0.12,0.11,False,False,False,5026.45,2026-09-07 21:05:00+00:00,208.923,EOD_CLOSE,405.0,10.71,9.82,1.15,19.38,5045.83
