trade_id,symbol,direction,entry_time,entry_price,sl_price,tp1_price,tp2_price,current_sl,sl_dist,tp1_dist,tp2_dist,total_lots,part_lots,run_lots,tp1_hit,tp2_hit,starting_balance,exit_time,exit_price,duration_m,exit_reason,net_pnl,ending_balance,entry_dt,month
1,US30,BUY,2026-01-05 07:10:00+00:00,48459.3,48375.740395550805,48576.283446228874,48626.41920889839,48375.740395550805,83.55960444919499,116.98344622887298,167.11920889838999,0.06,0.03,0.03,False,False,5000.0,2026-01-05 12:05:00+00:00,48375.740395550805,295.0,SL,-50.3,4949.7,2026-01-05 07:10:00+00:00,2026-01
2,US30,SELL,2026-01-08 08:30:00+00:00,48915.3,48983.89980248638,48819.26027651907,48778.10039502724,48915.3,68.5998024863805,96.0397234809327,137.199604972761,0.07,0.04,0.03,True,False,4949.7,2026-01-08 13:30:00+00:00,48915.3,300.0,TP1_THEN_BE,38.07,4987.77,2026-01-08 08:30:00+00:00,2026-01
3,US30,BUY,2026-01-08 19:30:00+00:00,49314.1,49221.091214028034,49444.31230036075,49500.11757194393,49221.091214028034,93.0087859719646,130.21230036075042,186.0175719439292,0.05,0.03,0.02,False,False,4987.77,2026-01-08 22:00:00+00:00,49380.6,150.0,EOD_EXIT,33.0,5020.77,2026-01-08 19:30:00+00:00,2026-01
4,US30,BUY,2026-01-09 07:05:00+00:00,49306.1,49240.659206198805,49397.717111321675,49436.98158760239,49306.1,65.44079380119658,91.6171113216752,130.88158760239315,0.08,0.04,0.04,True,False,5020.77,2026-01-09 12:35:00+00:00,49436.98158760239,330.0,FULL_TP2,88.6,5109.37,2026-01-09 07:05:00+00:00,2026-01
5,US30,BUY,2026-01-09 14:25:00+00:00,49466.1,49388.37791737074,49574.910915680965,49621.54416525852,49388.37791737074,77.72208262926124,108.81091568096572,155.44416525852247,0.06,0.03,0.03,False,False,5109.37,2026-01-09 14:40:00+00:00,49388.37791737074,15.0,SL,-50.3,5059.07,2026-01-09 14:25:00+00:00,2026-01
6,US30,BUY,2026-01-09 17:35:00+00:00,49548.3,49448.72335439633,49687.70730384515,49747.453291207356,49448.72335439633,99.57664560367564,139.4073038451459,199.1532912073513,0.05,0.03,0.02,False,False,5059.07,2026-01-11 22:00:00+00:00,49448.72335439633,3145.0,SL,-50.25,5008.82,2026-01-09 17:35:00+00:00,2026-01
7,US30,SELL,2026-01-12 06:30:00+00:00,49294.9,49369.08256664296,49191.04440669986,49146.53486671408,49294.9,74.18256664296023,103.8555933001443,148.36513328592045,0.07,0.04,0.03,True,False,5008.82,2026-01-12 10:00:00+00:00,49146.53486671408,210.0,FULL_TP2,85.7,5094.52,2026-01-12 06:30:00+00:00,2026-01
8,US30,SELL,2026-01-14 12:10:00+00:00,49076.1,49147.500350438226,48976.13950938648,48933.299299123544,49147.500350438226,71.400350438228,99.9604906135192,142.800700876456,0.07,0.04,0.03,False,False,5094.52,2026-01-14 13:30:00+00:00,49147.500350438226,80.0,SL,-50.35,5044.17,2026-01-14 12:10:00+00:00,2026-01
9,US30,SELL,2026-01-14 14:00:00+00:00,49021.6,49102.11662869419,48908.876719828135,48860.56674261163,49102.11662869419,80.5166286941865,112.72328017186108,161.033257388373,0.06,0.03,0.03,False,False,5044.17,2026-01-14 14:10:00+00:00,49102.11662869419,10.0,SL,-50.3,4993.87,2026-01-14 14:00:00+00:00,2026-01
10,US30,SELL,2026-01-14 14:25:00+00:00,49022.6,49103.11662869419,48909.876719828135,48861.56674261163,49103.11662869419,80.5166286941865,112.72328017186108,161.033257388373,0.06,0.03,0.03,False,False,4993.87,2026-01-14 15:20:00+00:00,49103.11662869419,55.0,SL,-50.3,4943.57,2026-01-14 14:25:00+00:00,2026-01
11,US30,SELL,2026-01-14 15:45:00+00:00,48954.3,49048.43686950175,48822.50838269756,48766.026260996514,49048.43686950175,94.13686950174491,131.79161730244286,188.27373900348982,0.05,0.03,0.02,False,False,4943.57,2026-01-14 17:50:00+00:00,49048.43686950175,125.0,SL,-50.25,4893.32,2026-01-14 15:45:00+00:00,2026-01
12,US30,BUY,2026-01-15 07:55:00+00:00,49175.3,49092.86516929706,49290.708762984126,49340.1696614059,49175.3,82.43483070294637,115.4087629841249,164.86966140589274,0.06,0.03,0.03,True,False,4893.32,2026-01-15 12:05:00+00:00,49175.3,250.0,TP1_THEN_BE,34.32,4927.64,2026-01-15 07:55:00+00:00,2026-01
13,US30,BUY,2026-01-16 06:05:00+00:00,49568.9,49500.99016201428,49663.97377318001,49704.71967597145,49500.99016201428,67.9098379857227,95.07377318001178,135.8196759714454,0.07,0.04,0.03,False,False,4927.64,2026-01-16 10:45:00+00:00,49500.99016201428,280.0,SL,-50.35,4877.29,2026-01-16 06:05:00+00:00,2026-01
14,US30,SELL,2026-01-16 18:25:00+00:00,49421.1,49507.74394767149,49299.7984732599,49247.812104657,49507.74394767149,86.64394767149756,121.30152674009658,173.2878953429951,0.06,0.03,0.03,False,False,4877.29,2026-01-19 22:00:00+00:00,49247.812104657,4535.0,FULL_TP2,88.08,4965.37,2026-01-16 18:25:00+00:00,2026-01
15,US30,SELL,2026-01-20 12:35:00+00:00,48689.3,48796.669389134455,48538.98285521177,48474.5612217311,48796.669389134455,107.36938913445043,150.3171447882306,214.73877826890086,0.05,0.03,0.02,False,False,4965.37,2026-01-20 13:30:00+00:00,48796.669389134455,55.0,SL,-50.25,4915.12,2026-01-20 12:35:00+00:00,2026-01
16,US30,SELL,2026-01-20 14:05:00+00:00,48655.3,48771.85727940675,48492.11980883056,48422.18544118651,48771.85727940675,116.55727940674585,163.18019116944419,233.1145588134917,0.04,0.02,0.02,False,False,4915.12,2026-01-20 14:20:00+00:00,48771.85727940675,15.0,SL,-50.2,4864.92,2026-01-20 14:05:00+00:00,2026-01
17,US30,SELL,2026-01-20 16:30:00+00:00,48736.3,48870.983572549696,48547.74299843043,48466.93285490062,48736.3,134.68357254969445,188.5570015695722,269.3671450993889,0.04,0.02,0.02,True,False,4864.92,2026-01-20 19:00:00+00:00,48466.93285490062,150.0,FULL_TP2,91.38,4956.3,2026-01-20 16:30:00+00:00,2026-01
18,US30,SELL,2026-01-21 08:25:00+00:00,48614.1,48706.154279755574,48485.22400834219,48429.991440488855,48614.1,92.05427975557319,128.87599165780247,184.10855951114638,0.05,0.03,0.02,True,False,4956.3,2026-01-21 10:55:00+00:00,48429.991440488855,150.0,FULL_TP2,75.23,5031.54,2026-01-21 08:25:00+00:00,2026-01
19,US30,BUY,2026-01-21 17:35:00+00:00,48805.3,48661.29018490114,49006.913741138414,49093.31963019774,48661.29018490114,144.00981509886543,201.6137411384116,288.01963019773086,0.03,0.01,0.02,False,False,5031.54,2026-01-21 18:25:00+00:00,49093.31963019774,50.0,FULL_TP2,77.62,5109.15,2026-01-21 17:35:00+00:00,2026-01
20,US30,BUY,2026-01-22 06:40:00+00:00,49201.1,49082.83670206064,49366.6686171151,49437.62659587872,49201.1,118.26329793936087,165.5686171151052,236.52659587872174,0.04,0.02,0.02,True,False,5109.15,2026-01-22 13:30:00+00:00,49437.62659587872,410.0,FULL_TP2,80.22,5189.37,2026-01-22 06:40:00+00:00,2026-01
21,US30,BUY,2026-01-22 18:05:00+00:00,49594.3,49468.57325168321,49770.317447643516,49845.753496633595,49468.57325168321,125.72674831679748,176.01744764351648,251.45349663359497,0.04,0.02,0.02,False,False,5189.37,2026-01-22 18:55:00+00:00,49468.57325168321,50.0,SL,-50.2,5139.17,2026-01-22 18:05:00+00:00,2026-01
22,US30,SELL,2026-01-23 12:00:00+00:00,49276.3,49354.27758231289,49167.13138476196,49120.344835374235,49276.3,77.97758231288545,109.16861523803962,155.9551646257709,0.06,0.03,0.03,True,False,5139.17,2026-01-23 13:30:00+00:00,49120.344835374235,90.0,FULL_TP2,79.24,5218.41,2026-01-23 12:00:00+00:00,2026-01
23,US30,SELL,2026-01-23 16:40:00+00:00,49090.1,49188.97120804973,48951.68030873038,48892.35758390054,49188.97120804973,98.87120804972672,138.4196912696174,197.74241609945344,0.05,0.03,0.02,False,False,5218.41,2026-01-25 22:00:00+00:00,48892.35758390054,3200.0,FULL_TP2,80.82,5299.23,2026-01-23 16:40:00+00:00,2026-01
24,US30,BUY,2026-01-26 16:10:00+00:00,49324.3,49229.646787882884,49456.81449696396,49513.60642423423,49324.3,94.65321211711529,132.5144969639614,189.30642423423058,0.05,0.03,0.02,True,False,5299.23,2026-01-26 19:20:00+00:00,49513.60642423423,190.0,FULL_TP2,77.37,5376.6,2026-01-26 16:10:00+00:00,2026-01
25,US30,BUY,2026-01-27 06:10:00+00:00,49410.8,49333.21681314153,49519.41646160186,49565.96637371695,49333.21681314153,77.58318685847225,108.61646160186113,155.1663737169445,0.06,0.03,0.03,False,False,5376.6,2026-01-27 10:00:00+00:00,49333.21681314153,230.0,SL,-50.3,5326.3,2026-01-27 06:10:00+00:00,2026-01
26,US30,SELL,2026-01-27 16:10:00+00:00,48989.1,49084.773697941804,48855.15682288147,48797.75260411639,49084.773697941804,95.67369794180391,133.94317711852545,191.34739588360782,0.05,0.03,0.02,False,False,5326.3,2026-01-27 22:00:00+00:00,49016.6,350.0,EOD_EXIT,-14.0,5312.3,2026-01-27 16:10:00+00:00,2026-01
27,US30,SELL,2026-01-28 07:35:00+00:00,49050.3,49117.13586657328,48956.72978679743,48916.62826685346,49117.13586657328,66.83586657327078,93.57021320257908,133.67173314654156,0.07,0.04,0.03,False,False,5312.3,2026-01-28 13:30:00+00:00,49117.13586657328,355.0,SL,-50.35,5261.95,2026-01-28 07:35:00+00:00,2026-01
28,US30,SELL,2026-01-28 14:05:00+00:00,48964.3,49038.87682890119,48859.89243953834,48815.14634219762,49038.87682890119,74.57682890118858,104.407560461664,149.15365780237715,0.07,0.04,0.03,False,False,5261.95,2026-01-28 14:20:00+00:00,49038.87682890119,15.0,SL,-50.35,5211.6,2026-01-28 14:05:00+00:00,2026-01
29,US30,SELL,2026-01-28 16:35:00+00:00,49024.3,49105.456551450516,48910.680827969285,48861.98689709898,49105.456551450516,81.15655145051433,113.61917203072005,162.31310290102866,0.06,0.03,0.03,False,False,5211.6,2026-01-28 18:30:00+00:00,49105.456551450516,115.0,SL,-50.3,5161.3,2026-01-28 16:35:00+00:00,2026-01
30,US30,BUY,2026-01-29 10:30:00+00:00,49229.3,49148.18957279822,49342.8545980825,49391.52085440357,49148.18957279822,81.11042720178338,113.55459808249672,162.22085440356676,0.06,0.03,0.03,False,False,5161.3,2026-01-29 10:45:00+00:00,49148.18957279822,15.0,SL,-50.3,5111.0,2026-01-29 10:30:00+00:00,2026-01
31,US30,SELL,2026-01-29 16:55:00+00:00,48826.3,48970.891101923335,48623.872457307334,48537.11779615333,48970.891101923335,144.5911019233343,202.427542692668,289.1822038466686,0.03,0.01,0.02,False,False,5111.0,2026-01-29 17:10:00+00:00,48970.891101923335,15.0,SL,-50.15,5060.85,2026-01-29 16:55:00+00:00,2026-01
32,US30,SELL,2026-01-29 17:45:00+00:00,48927.1,49080.863166071664,48711.83156749966,48619.57366785666,49080.863166071664,153.76316607166757,215.2684325003346,307.52633214333514,0.03,0.01,0.02,False,False,5060.85,2026-01-29 19:55:00+00:00,49080.863166071664,130.0,SL,-50.15,5010.7,2026-01-29 17:45:00+00:00,2026-01
33,US30,SELL,2026-01-30 08:10:00+00:00,48700.1,48823.39733812375,48527.48372662674,48453.50532375249,48823.39733812375,123.29733812375517,172.61627337325723,246.59467624751034,0.04,0.02,0.02,False,False,5010.7,2026-01-30 10:30:00+00:00,48823.39733812375,140.0,SL,-50.2,4960.5,2026-01-30 08:10:00+00:00,2026-01
34,US30,SELL,2026-01-30 14:55:00+00:00,48817.1,48961.54923169658,48614.871075624775,48528.20153660682,48817.1,144.44923169658617,202.22892437522063,288.89846339317234,0.03,0.01,0.02,True,False,4960.5,2026-01-30 16:05:00+00:00,48528.20153660682,70.0,FULL_TP2,77.85,5038.35,2026-01-30 14:55:00+00:00,2026-01
35,US30,BUY,2026-02-02 19:50:00+00:00,49448.3,49295.122838659125,49662.74802587723,49754.65432268175,49295.122838659125,153.17716134087624,214.4480258772267,306.3543226817525,0.03,0.01,0.02,False,False,5038.35,2026-02-02 22:00:00+00:00,49435.3,130.0,EOD_EXIT,-4.05,5034.3,2026-02-02 19:50:00+00:00,2026-02
36,US30,BUY,2026-02-03 06:35:00+00:00,49480.9,49381.69382552426,49619.788644266046,49679.3123489515,49381.69382552426,99.20617447574787,138.888644266047,198.41234895149574,0.05,0.03,0.02,False,False,5034.3,2026-02-03 10:30:00+00:00,49381.69382552426,235.0,SL,-50.25,4984.05,2026-02-03 06:35:00+00:00,2026-02
37,US30,BUY,2026-02-04 12:30:00+00:00,49430.3,49335.85825589848,49562.51844174214,49619.18348820306,49335.85825589848,94.44174410152756,132.21844174213857,188.88348820305512,0.05,0.03,0.02,False,False,4984.05,2026-02-04 13:00:00+00:00,49335.85825589848,30.0,SL,-50.25,4933.8,2026-02-04 12:30:00+00:00,2026-02
38,US30,BUY,2026-02-04 16:00:00+00:00,49588.3,49446.51192072877,49786.80331097973,49871.87615854247,49446.51192072877,141.78807927123398,198.50331097972756,283.57615854246797,0.04,0.02,0.02,False,False,4933.8,2026-02-04 16:25:00+00:00,49446.51192072877,25.0,SL,-50.2,4883.6,2026-02-04 16:00:00+00:00,2026-02
39,US30,SELL,2026-02-05 17:20:00+00:00,49042.3,49219.33672523806,48794.448584666716,48688.22654952388,49042.3,177.03672523806136,247.8514153332859,354.07345047612273,0.03,0.01,0.02,True,False,4883.6,2026-02-05 22:00:00+00:00,48834.8,280.0,EOD_EXIT,66.14,4949.74,2026-02-05 17:20:00+00:00,2026-02
40,US30,BUY,2026-02-09 07:05:00+00:00,50246.3,50144.37096870807,50389.00064380871,50450.15806258386,50144.37096870807,101.9290312919299,142.70064380870184,203.8580625838598,0.05,0.03,0.02,False,False,4949.74,2026-02-09 09:15:00+00:00,50144.37096870807,130.0,SL,-50.25,4899.49,2026-02-09 07:05:00+00:00,2026-02
41,US30,BUY,2026-02-09 16:30:00+00:00,50145.3,50027.05754719112,50310.83943393244,50381.784905617766,50027.05754719112,118.24245280888033,165.53943393243244,236.48490561776066,0.04,0.02,0.02,False,False,4899.49,2026-02-09 22:00:00+00:00,50158.6,330.0,EOD_EXIT,5.12,4904.61,2026-02-09 16:30:00+00:00,2026-02
42,US30,BUY,2026-02-10 06:20:00+00:00,50170.9,50093.59067104226,50279.133060540844,50325.51865791549,50093.59067104226,77.30932895774524,108.23306054084333,154.61865791549047,0.06,0.03,0.03,False,False,4904.61,2026-02-10 11:45:00+00:00,50093.59067104226,325.0,SL,-50.3,4854.31,2026-02-10 06:20:00+00:00,2026-02
43,US30,BUY,2026-02-10 15:35:00+00:00,50416.1,50312.03197072859,50561.79524097997,50624.23605854282,50312.03197072859,104.0680292714093,145.69524097997302,208.1360585428186,0.05,0.03,0.02,False,False,4854.31,2026-02-10 17:15:00+00:00,50312.03197072859,100.0,SL,-50.25,4804.06,2026-02-10 15:35:00+00:00,2026-02
44,US30,SELL,2026-02-11 17:05:00+00:00,50101.3,50230.77192663821,49920.03930270651,49842.356146723585,50230.77192663821,129.47192663820937,181.2606972934931,258.94385327641874,0.04,0.02,0.02,False,False,4804.06,2026-02-11 22:00:00+00:00,50158.6,295.0,EOD_EXIT,-23.12,4780.94,2026-02-11 17:05:00+00:00,2026-02
45,US30,BUY,2026-02-12 06:25:00+00:00,50294.8,50202.27993767736,50424.3280872517,50479.840124645285,50294.8,92.52006232264085,129.5280872516972,185.0401246452817,0.05,0.03,0.02,True,False,4780.94,2026-02-12 14:20:00+00:00,50294.8,475.0,TP1_THEN_BE,38.61,4819.54,2026-02-12 06:25:00+00:00,2026-02
46,US30,SELL,2026-02-12 19:35:00+00:00,49623.3,49774.88202859482,49411.08515996727,49320.13594281038,49774.88202859482,151.5820285948104,212.21484003273454,303.1640571896208,0.03,0.01,0.02,False,False,4819.54,2026-02-12 22:00:00+00:00,49462.6,145.0,EOD_EXIT,48.06,4867.6,2026-02-12 19:35:00+00:00,2026-02
47,US30,SELL,2026-02-13 06:45:00+00:00,49355.9,49478.27541847308,49184.57441413769,49111.14916305385,49478.27541847308,122.37541847307588,171.3255858623062,244.75083694615176,0.04,0.02,0.02,False,False,4867.6,2026-02-13 12:30:00+00:00,49478.27541847308,345.0,SL,-50.2,4817.4,2026-02-13 06:45:00+00:00,2026-02
48,US30,SELL,2026-02-13 14:20:00+00:00,49361.3,49504.72489590967,49160.50514572648,49074.45020818068,49504.72489590967,143.4248959096624,200.79485427352736,286.8497918193248,0.03,0.01,0.02,False,False,4817.4,2026-02-13 14:25:00+00:00,49504.72489590967,5.0,SL,-50.15,4767.25,2026-02-13 14:20:00+00:00,2026-02
49,US30,BUY,2026-02-16 10:35:00+00:00,49731.3,49632.79856282264,49869.202012048314,49928.30287435473,49632.79856282264,98.50143717736623,137.9020120483127,197.00287435473246,0.05,0.03,0.02,False,False,4767.25,2026-02-16 13:25:00+00:00,49632.79856282264,170.0,SL,-50.25,4717.0,2026-02-16 10:35:00+00:00,2026-02
50,US30,SELL,2026-02-17 06:15:00+00:00,49342.9,49434.7261178204,49214.34343505145,49159.247764359214,49434.7261178204,91.82611782039486,128.5565649485528,183.6522356407897,0.05,0.03,0.02,False,False,4717.0,2026-02-17 07:00:00+00:00,49434.7261178204,45.0,SL,-50.25,4666.75,2026-02-17 06:15:00+00:00,2026-02
51,US30,SELL,2026-02-17 11:30:00+00:00,49423.3,49519.9599740136,49287.97603638097,49229.98005197281,49519.9599740136,96.65997401359559,135.3239636190338,193.31994802719117,0.05,0.03,0.02,False,False,4666.75,2026-02-17 12:50:00+00:00,49519.9599740136,80.0,SL,-50.25,4616.5,2026-02-17 11:30:00+00:00,2026-02
52,US30,SELL,2026-02-17 14:00:00+00:00,49395.6,49526.462741584495,49212.392161781696,49133.874516831,49395.6,130.86274158450027,183.20783821830037,261.72548316900054,0.04,0.02,0.02,True,False,4616.5,2026-02-17 15:00:00+00:00,49395.6,60.0,TP1_THEN_BE,36.44,4652.95,2026-02-17 14:00:00+00:00,2026-02
53,US30,SELL,2026-02-19 12:20:00+00:00,49499.6,49596.77816662982,49363.55056671825,49305.24366674036,49499.6,97.17816662981751,136.0494332817445,194.35633325963502,0.05,0.03,0.02,True,False,4652.95,2026-02-19 13:40:00+00:00,49499.6,80.0,TP1_THEN_BE,40.56,4693.51,2026-02-19 12:20:00+00:00,2026-02
54,US30,SELL,2026-02-19 15:10:00+00:00,49478.6,49592.532081663885,49319.09508567055,49250.735836672226,49478.6,113.93208166388806,159.50491432944327,227.8641633277761,0.04,0.02,0.02,True,False,4693.51,2026-02-19 17:05:00+00:00,49250.735836672226,115.0,FULL_TP2,77.27,4770.78,2026-02-19 15:10:00+00:00,2026-02
55,US30,SELL,2026-02-19 18:35:00+00:00,49250.6,49379.557100370104,49070.06005948185,48992.685799259794,49379.557100370104,128.9571003701024,180.53994051814337,257.9142007402048,0.04,0.02,0.02,False,False,4770.78,2026-02-19 19:30:00+00:00,49379.557100370104,55.0,SL,-50.2,4720.58,2026-02-19 18:35:00+00:00,2026-02
56,US30,SELL,2026-02-20 08:55:00+00:00,49480.6,49562.016140692605,49366.61740303035,49317.767718614785,49480.6,81.41614069260542,113.98259696964759,162.83228138521085,0.06,0.03,0.03,True,False,4720.58,2026-02-20 11:45:00+00:00,49317.767718614785,170.0,FULL_TP2,82.74,4803.33,2026-02-20 08:55:00+00:00,2026-02
57,US30,SELL,2026-02-20 16:10:00+00:00,49339.9,49460.02063901978,49171.73110537231,49099.65872196044,49460.02063901978,120.12063901977854,168.16889462768995,240.24127803955707,0.04,0.02,0.02,False,False,4803.33,2026-02-20 16:50:00+00:00,49460.02063901978,40.0,SL,-50.2,4753.13,2026-02-20 16:10:00+00:00,2026-02
58,US30,SELL,2026-02-23 18:00:00+00:00,48856.3,49003.40266141038,48650.35627402548,48562.09467717925,49003.40266141038,147.1026614103741,205.94372597452374,294.2053228207482,0.03,0.01,0.02,False,False,4753.13,2026-02-23 22:00:00+00:00,48858.1,240.0,EOD_EXIT,-0.69,4752.44,2026-02-23 18:00:00+00:00,2026-02
59,US30,SELL,2026-02-24 07:00:00+00:00,48853.4,48943.8535838181,48726.76498265467,48672.49283236381,48943.8535838181,90.45358381809595,126.63501734533432,180.9071676361919,0.06,0.03,0.03,False,False,4752.44,2026-02-24 10:00:00+00:00,48943.8535838181,180.0,SL,-50.3,4702.14,2026-02-24 07:00:00+00:00,2026-02
60,US30,BUY,2026-02-25 07:00:00+00:00,49239.1,49151.16284522825,49362.21201668044,49414.97430954348,49239.1,87.93715477174318,123.11201668044045,175.87430954348636,0.06,0.03,0.03,True,False,4702.14,2026-02-25 13:00:00+00:00,49414.97430954348,360.0,FULL_TP2,89.4,4791.53,2026-02-25 07:00:00+00:00,2026-02
61,US30,BUY,2026-02-25 15:10:00+00:00,49346.1,49258.62368083407,49468.566846832306,49521.05263833186,49346.1,87.4763191659311,122.46684683230353,174.9526383318622,0.06,0.03,0.03,True,False,4791.53,2026-02-25 19:00:00+00:00,49521.05263833186,230.0,FULL_TP2,88.93,4880.46,2026-02-25 15:10:00+00:00,2026-02
62,US30,BUY,2026-02-26 07:15:00+00:00,49420.3,49355.41834249384,49511.13432050863,49550.06331501233,49420.3,64.88165750616287,90.83432050862801,129.76331501232573,0.08,0.04,0.04,True,False,4880.46,2026-02-26 11:25:00+00:00,49550.06331501233,250.0,FULL_TP2,87.84,4968.3,2026-02-26 07:15:00+00:00,2026-02
63,US30,BUY,2026-02-26 17:35:00+00:00,49491.6,49378.05496089145,49650.56305475196,49718.69007821709,49378.05496089145,113.54503910854524,158.9630547519633,227.09007821709048,0.04,0.02,0.02,False,False,4968.3,2026-02-26 20:45:00+00:00,49378.05496089145,190.0,SL,-50.2,4918.1,2026-02-26 17:35:00+00:00,2026-02
64,US30,SELL,2026-02-27 16:10:00+00:00,48865.1,49006.68924773761,48666.87505316735,48581.921504524784,49006.68924773761,141.58924773760762,198.22494683265066,283.17849547521524,0.04,0.02,0.02,False,False,4918.1,2026-03-01 22:00:00+00:00,48581.921504524784,3230.0,FULL_TP2,96.08,5014.18,2026-02-27 16:10:00+00:00,2026-02
65,US30,SELL,2026-03-02 11:15:00+00:00,48380.4,48534.81758747986,48164.2153775282,48071.56482504028,48534.81758747986,154.4175874798614,216.18462247180594,308.8351749597228,0.03,0.01,0.02,False,False,5014.18,2026-03-02 12:20:00+00:00,48534.81758747986,65.0,SL,-50.15,4964.03,2026-03-02 11:15:00+00:00,2026-03
66,US30,BUY,2026-03-02 18:15:00+00:00,48984.6,48807.34692921337,49232.75429910129,49339.10614157326,48807.34692921337,177.2530707866335,248.15429910128685,354.506141573267,0.03,0.01,0.02,False,False,4964.03,2026-03-02 19:10:00+00:00,48807.34692921337,55.0,SL,-50.15,4913.88,2026-03-02 18:15:00+00:00,2026-03
67,US30,SELL,2026-03-03 12:35:00+00:00,48074.6,48236.358732549845,47848.137774430215,47751.082534900306,48074.6,161.75873254984725,226.46222556978614,323.5174650996945,0.03,0.01,0.02,True,False,4913.88,2026-03-03 14:05:00+00:00,47751.082534900306,90.0,FULL_TP2,87.2,5001.08,2026-03-03 12:35:00+00:00,2026-03
68,US30,SELL,2026-03-04 06:05:00+00:00,48302.8,48476.11134483535,48060.16411723052,47956.1773103293,48476.11134483535,173.31134483534905,242.63588276948866,346.6226896706981,0.03,0.01,0.02,False,False,5001.08,2026-03-04 09:00:00+00:00,48476.11134483535,175.0,SL,-50.15,4950.93,2026-03-04 06:05:00+00:00,2026-03
69,US30,SELL,2026-03-06 06:45:00+00:00,48038.6,48174.63128511747,47848.15620083554,47766.537429765056,48038.6,136.03128511747158,190.44379916446022,272.06257023494317,0.04,0.02,0.02,True,False,4950.93,2026-03-06 08:45:00+00:00,47766.537429765056,120.0,FULL_TP2,92.3,5043.23,2026-03-06 06:45:00+00:00,2026-03
70,US30,SELL,2026-03-06 16:15:00+00:00,47371.1,47566.08487546573,47098.12117434797,46981.130249068534,47566.08487546573,194.98487546573156,272.97882565202417,389.9697509314631,0.03,0.01,0.02,False,False,5043.23,2026-03-06 19:00:00+00:00,47566.08487546573,165.0,SL,-50.15,4993.08,2026-03-06 16:15:00+00:00,2026-03
71,US30,SELL,2026-03-06 20:00:00+00:00,47423.9,47621.7943260146,47146.84794357957,47028.11134797081,47621.7943260146,197.8943260145971,277.0520564204359,395.7886520291942,0.03,0.01,0.02,False,False,4993.08,2026-03-08 21:05:00+00:00,47028.11134797081,2945.0,FULL_TP2,106.71,5099.79,2026-03-06 20:00:00+00:00,2026-03
72,US30,BUY,2026-03-09 17:20:00+00:00,47139.3,46900.70389750374,47473.33454349477,47616.49220499253,47139.3,238.59610249626178,334.03454349476647,477.19220499252356,0.02,0.01,0.01,True,False,5099.79,2026-03-09 18:25:00+00:00,47616.49220499253,65.0,FULL_TP2,81.02,5180.82,2026-03-09 17:20:00+00:00,2026-03
73,US30,SELL,2026-03-11 16:45:00+00:00,47315.0,47529.014629436795,47015.37951878849,46886.97074112641,47529.014629436795,214.01462943679408,299.6204812115117,428.02925887358816,0.02,0.01,0.01,False,False,5180.82,2026-03-11 21:05:00+00:00,47251.5,260.0,EOD_EXIT,12.6,5193.42,2026-03-11 16:45:00+00:00,2026-03
74,US30,SELL,2026-03-12 16:15:00+00:00,46818.0,47004.26098847801,46557.23461613079,46445.47802304398,47004.26098847801,186.26098847801146,260.765383869216,372.5219769560229,0.03,0.01,0.02,False,False,5193.42,2026-03-12 21:05:00+00:00,46717.5,290.0,EOD_EXIT,30.0,5223.42,2026-03-12 16:15:00+00:00,2026-03
75,US30,SELL,2026-03-13 18:20:00+00:00,46631.7,46797.01292849163,46400.261900111705,46301.074143016725,46797.01292849163,165.3129284916347,231.43809988828855,330.6258569832694,0.03,0.01,0.02,False,False,5223.42,2026-03-15 21:05:00+00:00,46507.6,3045.0,EOD_EXIT,37.08,5260.5,2026-03-13 18:20:00+00:00,2026-03
76,US30,BUY,2026-03-16 17:15:00+00:00,47026.0,46862.81667926121,47254.456649034306,47352.36664147758,46862.81667926121,163.18332073879125,228.45664903430773,326.3666414775825,0.03,0.01,0.02,False,False,5260.5,2026-03-16 21:05:00+00:00,46943.5,230.0,EOD_EXIT,-24.9,5235.6,2026-03-16 17:15:00+00:00,2026-03
77,US30,BUY,2026-03-17 16:10:00+00:00,47154.7,47004.85182840741,47364.48744022962,47454.396343185166,47004.85182840741,149.84817159258537,209.7874402296195,299.69634318517075,0.03,0.01,0.02,False,False,5235.6,2026-03-17 21:05:00+00:00,47040.8,295.0,EOD_EXIT,-34.32,5201.28,2026-03-17 16:10:00+00:00,2026-03
78,US30,BUY,2026-03-18 07:10:00+00:00,47332.2,47237.54137464673,47464.722075494574,47521.517250706536,47237.54137464673,94.65862535326893,132.52207549457648,189.31725070653786,0.05,0.03,0.02,False,False,5201.28,2026-03-18 10:25:00+00:00,47237.54137464673,195.0,SL,-50.25,5151.03,2026-03-18 07:10:00+00:00,2026-03
79,US30,SELL,2026-03-18 17:15:00+00:00,46542.7,46676.0441159431,46356.01823767965,46276.01176811379,46542.7,133.3441159431028,186.6817623203439,266.6882318862056,0.04,0.02,0.02,True,False,5151.03,2026-03-18 18:35:00+00:00,46276.01176811379,80.0,FULL_TP2,90.47,5241.5,2026-03-18 17:15:00+00:00,2026-03
80,US30,SELL,2026-03-19 10:00:00+00:00,46186.8,46319.5019519144,46001.017267319854,45921.396096171215,46186.8,132.70195191439467,185.78273268015252,265.40390382878934,0.04,0.02,0.02,True,False,5241.5,2026-03-19 11:50:00+00:00,45921.396096171215,110.0,FULL_TP2,90.04,5331.54,2026-03-19 10:00:00+00:00,2026-03
81,US30,SELL,2026-03-19 15:50:00+00:00,45861.8,46035.70067053934,45618.33906124492,45513.998658921315,46035.70067053934,173.90067053934223,243.4609387550791,347.80134107868446,0.03,0.01,0.02,False,False,5331.54,2026-03-19 18:00:00+00:00,46035.70067053934,130.0,SL,-50.15,5281.39,2026-03-19 15:50:00+00:00,2026-03
82,US30,SELL,2026-03-20 07:55:00+00:00,46108.8,46243.17327460202,45920.67741555718,45840.05345079597,46108.8,134.37327460201655,188.12258444282315,268.7465492040331,0.04,0.02,0.02,True,False,5281.39,2026-03-20 09:00:00+00:00,45840.05345079597,65.0,FULL_TP2,91.17,5372.56,2026-03-20 07:55:00+00:00,2026-03
83,US30,SELL,2026-03-20 11:00:00+00:00,45898.8,46042.52271959362,45697.58819256895,45611.35456081278,46042.52271959362,143.72271959361152,201.21180743105612,287.44543918722303,0.03,0.01,0.02,False,False,5372.56,2026-03-20 12:45:00+00:00,46042.52271959362,105.0,SL,-50.15,5322.41,2026-03-20 11:00:00+00:00,2026-03
84,US30,SELL,2026-03-20 16:35:00+00:00,45806.7,45966.47315278989,45583.01758609415,45487.153694420216,45806.7,159.77315278989144,223.682413905848,319.5463055797829,0.03,0.01,0.02,True,False,5322.41,2026-03-20 18:30:00+00:00,45487.153694420216,115.0,FULL_TP2,86.13,5408.54,2026-03-20 16:35:00+00:00,2026-03
85,US30,SELL,2026-03-23 08:35:00+00:00,45299.5,45481.230628009675,45045.07712078646,44936.03874398066,45481.230628009675,181.730628009672,254.42287921354077,363.461256019344,0.03,0.01,0.02,False,False,5408.54,2026-03-23 10:05:00+00:00,45481.230628009675,90.0,SL,-50.15,5358.39,2026-03-23 08:35:00+00:00,2026-03
86,US30,BUY,2026-03-23 16:50:00+00:00,46417.0,46102.636488289616,46857.108916394536,47045.72702342077,46102.636488289616,314.3635117103843,440.10891639453797,628.7270234207685,0.02,0.01,0.01,False,False,5358.39,2026-03-23 21:05:00+00:00,46256.3,255.0,EOD_EXIT,-32.24,5326.15,2026-03-23 16:50:00+00:00,2026-03
87,US30,BUY,2026-03-24 10:45:00+00:00,46230.0,46014.03259163523,46532.35437171068,46661.93481672954,46014.03259163523,215.96740836477022,302.35437171067827,431.93481672954044,0.02,0.01,0.01,False,False,5326.15,2026-03-24 11:40:00+00:00,46014.03259163523,55.0,SL,-50.1,5276.05,2026-03-24 10:45:00+00:00,2026-03
88,US30,BUY,2026-03-25 06:40:00+00:00,46540.0,46369.3709590095,46778.8806573867,46881.258081980995,46540.0,170.6290409904994,238.88065738669914,341.2580819809988,0.03,0.01,0.02,True,False,5276.05,2026-03-25 12:45:00+00:00,46540.0,365.0,TP1_THEN_BE,23.74,5299.79,2026-03-25 06:40:00+00:00,2026-03
89,US30,BUY,2026-03-25 14:00:00+00:00,46584.0,46397.759843342596,46844.73621932036,46956.4803133148,46397.759843342596,186.24015665740174,260.7362193203624,372.4803133148035,0.03,0.01,0.02,False,False,5299.79,2026-03-25 14:10:00+00:00,46397.759843342596,10.0,SL,-50.15,5249.64,2026-03-25 14:00:00+00:00,2026-03
90,US30,BUY,2026-03-25 15:35:00+00:00,46552.7,46353.09128310384,46832.15220365462,46951.91743379232,46353.09128310384,199.60871689615885,279.4522036546224,399.2174337923177,0.03,0.01,0.02,False,False,5249.64,2026-03-25 21:05:00+00:00,46418.7,330.0,EOD_EXIT,-40.35,5209.29,2026-03-25 15:35:00+00:00,2026-03
91,US30,SELL,2026-03-27 15:00:00+00:00,45557.5,45722.17123442264,45326.960271808304,45228.15753115472,45557.5,164.6712344226382,230.53972819169348,329.3424688452764,0.03,0.01,0.02,True,False,5209.29,2026-03-27 17:10:00+00:00,45228.15753115472,130.0,FULL_TP2,88.77,5298.06,2026-03-27 15:00:00+00:00,2026-03
92,US30,BUY,2026-03-31 07:35:00+00:00,45700.7,45535.93426301961,45931.37203177254,46030.23147396077,45535.93426301961,164.7657369803842,230.67203177253785,329.5314739607684,0.03,0.01,0.02,False,False,5298.06,2026-03-31 10:35:00+00:00,45535.93426301961,180.0,SL,-50.15,5247.91,2026-03-31 07:35:00+00:00,2026-03
93,US30,BUY,2026-03-31 11:10:00+00:00,45725.5,45561.4291697757,45955.19916231402,46053.6416604486,45561.4291697757,164.07083022430118,229.69916231402163,328.14166044860235,0.03,0.01,0.02,False,False,5247.91,2026-03-31 14:50:00+00:00,45561.4291697757,220.0,SL,-50.15,5197.76,2026-03-31 11:10:00+00:00,2026-03
94,US30,BUY,2026-03-31 15:15:00+00:00,45839.7,45640.84052524895,46118.103264651465,46237.41894950209,45640.84052524895,198.85947475104777,278.4032646514669,397.71894950209554,0.03,0.01,0.02,False,False,5197.76,2026-03-31 16:40:00+00:00,46237.41894950209,85.0,FULL_TP2,107.23,5304.99,2026-03-31 15:15:00+00:00,2026-03
95,US30,BUY,2026-04-01 14:05:00+00:00,46645.7,46478.595231995765,46879.64667520593,46979.90953600847,46478.595231995765,167.1047680042347,233.94667520592856,334.2095360084694,0.03,0.01,0.02,False,False,5304.99,2026-04-01 22:00:00+00:00,46615.3,475.0,EOD_EXIT,-9.27,5295.72,2026-04-01 14:05:00+00:00,2026-04
96,US30,BUY,2026-04-06 06:10:00+00:00,46486.7,46335.931881777564,46697.7753655114,46788.236236444856,46486.7,150.76811822242976,211.07536551140166,301.5362364448595,0.03,0.01,0.02,True,False,5295.72,2026-04-06 20:30:00+00:00,46788.236236444856,860.0,FULL_TP2,81.26,5376.99,2026-04-06 06:10:00+00:00,2026-04
97,US30,BUY,2026-04-08 08:55:00+00:00,47741.0,47573.83649953097,47975.028900656645,48075.327000938065,47741.0,167.16350046903202,234.0289006566448,334.32700093806403,0.03,0.01,0.02,True,False,5376.99,2026-04-08 14:35:00+00:00,47741.0,340.0,TP1_THEN_BE,23.25,5400.24,2026-04-08 08:55:00+00:00,2026-04
98,US30,BUY,2026-04-08 15:55:00+00:00,47856.7,47680.55618742395,48103.30133760646,48208.98762515209,47680.55618742395,176.14381257604848,246.60133760646784,352.28762515209695,0.03,0.01,0.02,False,False,5400.24,2026-04-08 22:00:00+00:00,47946.7,365.0,EOD_EXIT,26.85,5427.09,2026-04-08 15:55:00+00:00,2026-04
99,US30,BUY,2026-04-09 15:10:00+00:00,47832.5,47721.94589410315,47987.2757482556,48053.60821179371,47832.5,110.55410589685474,154.77574825559662,221.10821179370947,0.05,0.03,0.02,True,False,5427.09,2026-04-09 15:45:00+00:00,48053.60821179371,35.0,FULL_TP2,90.4,5517.5,2026-04-09 15:10:00+00:00,2026-04
100,US30,BUY,2026-04-09 19:10:00+00:00,48265.0,48135.37929200021,48446.46899119971,48524.24141599959,48135.37929200021,129.62070799979372,181.4689911997112,259.24141599958745,0.04,0.02,0.02,False,False,5517.5,2026-04-09 22:00:00+00:00,48213.3,170.0,EOD_EXIT,-20.88,5496.62,2026-04-09 19:10:00+00:00,2026-04
101,US30,BUY,2026-04-10 07:30:00+00:00,48181.5,48101.01375613136,48294.180741416094,48342.47248773728,48101.01375613136,80.4862438686379,112.68074141609306,160.9724877372758,0.06,0.03,0.03,False,False,5496.62,2026-04-10 08:50:00+00:00,48101.01375613136,80.0,SL,-50.3,5446.32,2026-04-10 07:30:00+00:00,2026-04
102,US30,SELL,2026-04-10 19:25:00+00:00,47939.7,48039.03154062269,47800.635843128235,47741.036918754624,48039.03154062269,99.33154062268761,139.06415687176263,198.66308124537522,0.05,0.03,0.02,False,False,5446.32,2026-04-12 22:00:00+00:00,47741.036918754624,3035.0,FULL_TP2,81.2,5527.52,2026-04-10 19:25:00+00:00,2026-04
103,US30,BUY,2026-04-14 06:35:00+00:00,48268.7,48183.18872013666,48388.415791808664,48439.72255972666,48183.18872013666,85.51127986333088,119.71579180866323,171.02255972666177,0.06,0.03,0.03,False,False,5527.52,2026-04-14 10:40:00+00:00,48183.18872013666,245.0,SL,-50.3,5477.22,2026-04-14 06:35:00+00:00,2026-04
104,US30,BUY,2026-04-14 11:55:00+00:00,48287.3,48200.45454194254,48408.883641280445,48460.990916114926,48287.3,86.84545805746089,121.58364128044524,173.69091611492178,0.06,0.03,0.03,True,False,5477.22,2026-04-14 13:40:00+00:00,48460.990916114926,105.0,FULL_TP2,88.28,5565.5,2026-04-14 11:55:00+00:00,2026-04
105,US30,BUY,2026-04-14 17:30:00+00:00,48572.7,48470.34897231902,48715.99143875336,48777.40205536194,48470.34897231902,102.35102768097241,143.29143875336135,204.70205536194482,0.05,0.03,0.02,False,False,5565.5,2026-04-14 22:00:00+00:00,48580.3,270.0,EOD_EXIT,3.55,5569.05,2026-04-14 17:30:00+00:00,2026-04
106,US30,BUY,2026-04-15 06:15:00+00:00,48601.7,48527.44619127393,48705.6553322165,48750.207617452135,48527.44619127393,74.25380872606993,103.95533221649791,148.50761745213987,0.07,0.04,0.03,False,False,5569.05,2026-04-15 09:05:00+00:00,48527.44619127393,170.0,SL,-50.35,5518.7,2026-04-15 06:15:00+00:00,2026-04
107,US30,BUY,2026-04-20 08:30:00+00:00,49161.2,49050.085096481205,49316.7608649263,49383.42980703757,49161.2,111.1149035187886,155.56086492630402,222.2298070375772,0.04,0.02,0.02,True,False,5518.7,2026-04-20 13:25:00+00:00,49383.42980703757,295.0,FULL_TP2,75.36,5594.06,2026-04-20 08:30:00+00:00,2026-04
108,US30,BUY,2026-04-20 15:30:00+00:00,49420.3,49296.973047561325,49592.95773341415,49666.95390487735,49296.973047561325,123.32695243867495,172.65773341414493,246.6539048773499,0.04,0.02,0.02,False,False,5594.06,2026-04-20 22:00:00+00:00,49566.0,390.0,EOD_EXIT,58.08,5652.14,2026-04-20 15:30:00+00:00,2026-04
109,US30,BUY,2026-04-21 08:30:00+00:00,49574.5,49494.801752223306,49686.07754688737,49733.89649555338,49494.801752223306,79.698247776691,111.5775468873674,159.396495553382,0.06,0.03,0.03,False,False,5652.14,2026-04-21 09:55:00+00:00,49733.89649555338,85.0,FULL_TP2,80.99,5733.13,2026-04-21 08:30:00+00:00,2026-04
110,US30,SELL,2026-04-21 19:40:00+00:00,49113.7,49248.05341231553,48925.60522275825,48844.99317536892,49248.05341231553,134.3534123155365,188.0947772417511,268.706824631073,0.04,0.02,0.02,False,False,5733.13,2026-04-21 20:05:00+00:00,49248.05341231553,25.0,SL,-50.2,5682.93,2026-04-21 19:40:00+00:00,2026-04
111,US30,SELL,2026-04-22 08:05:00+00:00,49430.7,49537.22642575283,49281.56300394603,49217.64714849433,49537.22642575283,106.52642575283176,149.13699605396445,213.0528515056635,0.05,0.03,0.02,False,False,5682.93,2026-04-22 12:10:00+00:00,49537.22642575283,245.0,SL,-50.25,5632.68,2026-04-22 08:05:00+00:00,2026-04
112,US30,BUY,2026-04-22 15:25:00+00:00,49577.7,49465.738335199436,49734.446330720784,49801.62332960112,49465.738335199436,111.96166480056294,156.7463307207881,223.9233296011259,0.04,0.02,0.02,False,False,5632.68,2026-04-22 16:25:00+00:00,49465.738335199436,60.0,SL,-50.2,5582.48,2026-04-22 15:25:00+00:00,2026-04
113,US30,SELL,2026-04-23 08:40:00+00:00,49224.7,49327.28472093098,49081.08139069662,49019.53055813803,49327.28472093098,102.58472093098266,143.6186093033757,205.1694418619653,0.05,0.03,0.02,False,False,5582.48,2026-04-23 12:00:00+00:00,49327.28472093098,200.0,SL,-50.25,5532.23,2026-04-23 08:40:00+00:00,2026-04
114,US30,BUY,2026-04-23 18:25:00+00:00,49338.7,49183.73602410569,49555.64956625203,49648.627951788614,49183.73602410569,154.96397589431,216.949566252034,309.92795178862,0.03,0.01,0.02,False,False,5532.23,2026-04-23 22:00:00+00:00,49275.7,215.0,EOD_EXIT,-19.05,5513.18,2026-04-23 18:25:00+00:00,2026-04
115,US30,SELL,2026-04-24 08:00:00+00:00,49251.7,49357.34699677879,49103.79420450969,49040.40600644242,49357.34699677879,105.64699677878934,147.90579549030508,211.2939935575787,0.05,0.03,0.02,False,False,5513.18,2026-04-24 11:05:00+00:00,49357.34699677879,185.0,SL,-50.25,5462.93,2026-04-24 08:00:00+00:00,2026-04
116,US30,SELL,2026-04-24 16:35:00+00:00,49159.7,49292.71470236735,48973.479416685695,48893.67059526528,49292.71470236735,133.01470236735958,186.22058331430338,266.02940473471915,0.04,0.02,0.02,False,False,5462.93,2026-04-26 22:00:00+00:00,49114.7,3205.0,EOD_EXIT,17.8,5480.73,2026-04-24 16:35:00+00:00,2026-04
117,US30,BUY,2026-04-28 07:45:00+00:00,49264.7,49199.24665748438,49356.33467952187,49395.60668503124,49199.24665748438,65.45334251562126,91.63467952186976,130.90668503124252,0.08,0.04,0.04,False,False,5480.73,2026-04-28 08:00:00+00:00,49199.24665748438,15.0,SL,-50.4,5430.33,2026-04-28 07:45:00+00:00,2026-04
118,US30,SELL,2026-04-29 20:10:00+00:00,48728.7,48827.695628344634,48590.106120317505,48530.708743310715,48827.695628344634,98.99562834463927,138.59387968249496,197.99125668927854,0.05,0.03,0.02,False,False,5430.33,2026-04-29 22:00:00+00:00,48754.2,110.0,EOD_EXIT,-13.0,5417.33,2026-04-29 20:10:00+00:00,2026-04
119,US30,BUY,2026-05-01 14:00:00+00:00,50014.7,49922.883897951295,50143.242542868174,50198.332204097394,49922.883897951295,91.8161020486997,128.54254286817957,183.6322040973994,0.05,0.03,0.02,False,False,5417.33,2026-05-01 14:30:00+00:00,49922.883897951295,30.0,SL,-50.25,5367.08,2026-05-01 14:00:00+00:00,2026-05
120,US30,SELL,2026-05-04 06:35:00+00:00,49503.7,49594.61209344104,49376.423069182536,49321.875813117906,49594.61209344104,90.91209344104534,127.27693081746347,181.8241868820907,0.05,0.03,0.02,False,False,5367.08,2026-05-04 10:00:00+00:00,49321.875813117906,205.0,FULL_TP2,74.3,5441.38,2026-05-04 06:35:00+00:00,2026-05
121,US30,SELL,2026-05-04 15:00:00+00:00,49306.7,49421.01018731072,49146.66573776498,49078.079625378545,49306.7,114.31018731072454,160.03426223501435,228.6203746214491,0.04,0.02,0.02,True,False,5441.38,2026-05-04 15:45:00+00:00,49078.079625378545,45.0,FULL_TP2,77.53,5518.91,2026-05-04 15:00:00+00:00,2026-05
122,US30,SELL,2026-05-04 17:50:00+00:00,49072.7,49205.04398803833,48887.41841674634,48808.01202392334,49205.04398803833,132.34398803832883,185.28158325366036,264.68797607665766,0.04,0.02,0.02,False,False,5518.91,2026-05-04 22:00:00+00:00,49010.7,250.0,EOD_EXIT,24.6,5543.51,2026-05-04 17:50:00+00:00,2026-05
123,US30,SELL,2026-05-05 06:20:00+00:00,49021.7,49110.073283914666,48897.977402519464,48844.95343217066,49110.073283914666,88.37328391466733,123.72259748053425,176.74656782933465,0.06,0.03,0.03,False,False,5543.51,2026-05-05 07:00:00+00:00,49110.073283914666,40.0,SL,-50.3,5493.21,2026-05-05 06:20:00+00:00,2026-05
124,US30,SELL,2026-05-05 11:00:00+00:00,49076.5,49159.05721184724,48960.919903413866,48911.385576305525,49159.05721184724,82.55721184723751,115.58009658613251,165.11442369447502,0.06,0.03,0.03,False,False,5493.21,2026-05-05 11:55:00+00:00,49159.05721184724,55.0,SL,-50.3,5442.91,2026-05-05 11:00:00+00:00,2026-05
125,US30,BUY,2026-05-05 16:05:00+00:00,49247.1,49146.652125865716,49387.72702378799,49447.995748268564,49247.1,100.4478741342824,140.62702378799534,200.8957482685648,0.05,0.03,0.02,True,False,5442.91,2026-05-05 22:00:00+00:00,49285.5,355.0,EOD_EXIT,49.62,5492.53,2026-05-05 16:05:00+00:00,2026-05
126,US30,BUY,2026-05-06 07:15:00+00:00,49435.5,49357.90178015935,49544.13750777691,49590.6964396813,49357.90178015935,77.59821984065002,108.63750777691001,155.19643968130003,0.06,0.03,0.03,False,False,5492.53,2026-05-06 08:50:00+00:00,49590.6964396813,95.0,FULL_TP2,78.85,5571.38,2026-05-06 07:15:00+00:00,2026-05
127,US30,BUY,2026-05-06 17:55:00+00:00,49887.0,49758.51738494964,50066.8756610705,50143.96523010072,49758.51738494964,128.48261505035967,179.87566107050353,256.96523010071934,0.04,0.02,0.02,False,False,5571.38,2026-05-06 22:00:00+00:00,49937.7,245.0,EOD_EXIT,20.08,5591.46,2026-05-06 17:55:00+00:00,2026-05
128,US30,BUY,2026-05-07 06:30:00+00:00,50048.0,49964.01774435034,50165.57515790952,50215.96451129932,49964.01774435034,83.98225564965853,117.57515790952193,167.96451129931705,0.06,0.03,0.03,False,False,5591.46,2026-05-07 09:50:00+00:00,49964.01774435034,200.0,SL,-50.3,5541.16,2026-05-07 06:30:00+00:00,2026-05
129,US30,BUY,2026-05-07 11:00:00+00:00,50029.0,49944.15205039766,50147.78712944328,50198.69589920468,50029.0,84.84794960233955,118.78712944327536,169.6958992046791,0.06,0.03,0.03,True,False,5541.16,2026-05-07 13:35:00+00:00,50029.0,155.0,TP1_THEN_BE,35.34,5576.49,2026-05-07 11:00:00+00:00,2026-05
130,US30,SELL,2026-05-07 20:45:00+00:00,49601.0,49725.4769495775,49426.7322705915,49352.046100845,49725.4769495775,124.47694957750045,174.26772940850063,248.9538991550009,0.04,0.02,0.02,False,False,5576.49,2026-05-07 22:00:00+00:00,49558.0,75.0,EOD_EXIT,17.0,5593.49,2026-05-07 20:45:00+00:00,2026-05
131,US30,SELL,2026-05-08 07:10:00+00:00,49664.0,49758.39405722793,49531.8483198809,49475.211885544144,49758.39405722793,94.39405722792841,132.15168011909978,188.78811445585683,0.05,0.03,0.02,False,False,5593.49,2026-05-08 09:05:00+00:00,49758.39405722793,115.0,SL,-50.25,5543.24,2026-05-08 07:10:00+00:00,2026-05
132,US30,SELL,2026-05-08 18:40:00+00:00,49595.5,49695.135494973394,49456.01030703725,49396.22901005322,49595.5,99.6354949733919,139.48969296274865,199.2709899467838,0.05,0.03,0.02,True,False,5543.24,2026-05-10 22:05:00+00:00,49447.8,3085.0,EOD_EXIT,71.14,5614.38,2026-05-08 18:40:00+00:00,2026-05
133,US30,BUY,2026-05-11 16:35:00+00:00,49673.0,49577.375639749516,49806.874104350674,49864.24872050096,49577.375639749516,95.6243602504813,133.8741043506738,191.2487205009626,0.05,0.03,0.02,False,False,5614.38,2026-05-11 22:00:00+00:00,49748.0,325.0,EOD_EXIT,37.25,5651.63,2026-05-11 16:35:00+00:00,2026-05
134,US30,BUY,2026-05-12 07:40:00+00:00,49708.0,49630.0325310015,49817.15445659789,49863.934937996986,49630.0325310015,77.9674689984936,109.15445659789104,155.9349379969872,0.06,0.03,0.03,False,False,5651.63,2026-05-12 13:30:00+00:00,49630.0325310015,350.0,SL,-50.3,5601.33,2026-05-12 07:40:00+00:00,2026-05
135,US30,SELL,2026-05-13 14:45:00+00:00,49565.0,49655.92940140567,49437.69883803206,49383.141197188655,49655.92940140567,90.92940140567225,127.30116196794114,181.8588028113445,0.05,0.03,0.02,False,False,5601.33,2026-05-13 16:20:00+00:00,49655.92940140567,95.0,SL,-50.25,5551.08,2026-05-13 14:45:00+00:00,2026-05
136,US30,BUY,2026-05-14 08:10:00+00:00,49905.0,49832.8313243153,50006.036145958584,50049.3373513694,49832.8313243153,72.16867568470039,101.03614595858053,144.33735136940078,0.07,0.04,0.03,False,False,5551.08,2026-05-14 10:10:00+00:00,50049.3373513694,120.0,FULL_TP2,83.37,5634.45,2026-05-14 08:10:00+00:00,2026-05
137,US30,BUY,2026-05-14 15:00:00+00:00,50141.0,50038.01885028821,50285.17360959651,50346.96229942359,50038.01885028821,102.9811497117951,144.17360959651313,205.9622994235902,0.05,0.03,0.02,False,False,5634.45,2026-05-14 16:55:00+00:00,50038.01885028821,115.0,SL,-50.25,5584.2,2026-05-14 15:00:00+00:00,2026-05
138,US30,BUY,2026-05-14 18:15:00+00:00,50138.0,50023.78294973877,50297.90387036572,50366.434100522456,50023.78294973877,114.21705026122955,159.90387036572136,228.4341005224591,0.04,0.02,0.02,False,False,5584.2,2026-05-14 22:00:00+00:00,50085.0,225.0,EOD_EXIT,-21.4,5562.8,2026-05-14 18:15:00+00:00,2026-05
139,US30,SELL,2026-05-15 11:40:00+00:00,49769.0,49871.888252794575,49624.95644608759,49563.22349441085,49769.0,102.88825279457495,144.04355391240492,205.7765055891499,0.05,0.03,0.02,True,False,5562.8,2026-05-15 13:25:00+00:00,49769.0,105.0,TP1_THEN_BE,42.96,5605.76,2026-05-15 11:40:00+00:00,2026-05
140,US30,SELL,2026-05-15 15:00:00+00:00,49645.0,49766.1740781983,49475.35629052238,49402.6518436034,49645.0,121.17407819829904,169.64370947761864,242.34815639659809,0.04,0.02,0.02,True,False,5605.76,2026-05-17 22:00:00+00:00,49402.6518436034,3300.0,FULL_TP2,82.2,5687.96,2026-05-15 15:00:00+00:00,2026-05
141,US30,BUY,2026-05-18 17:00:00+00:00,49605.0,49449.3890496283,49822.85533052038,49916.2219007434,49449.3890496283,155.6109503717029,217.85533052038406,311.2219007434058,0.03,0.01,0.02,False,False,5687.96,2026-05-18 18:25:00+00:00,49449.3890496283,85.0,SL,-50.15,5637.81,2026-05-18 17:00:00+00:00,2026-05
142,US30,BUY,2026-05-18 19:15:00+00:00,49580.0,49421.20280299583,49802.316075805844,49897.594394008345,49421.20280299583,158.7971970041724,222.31607580584136,317.5943940083448,0.03,0.01,0.02,False,False,5637.81,2026-05-18 22:00:00+00:00,49704.0,165.0,EOD_EXIT,37.05,5674.86,2026-05-18 19:15:00+00:00,2026-05
143,US30,BUY,2026-05-19 08:50:00+00:00,49710.0,49583.2188761294,49887.49357341883,49963.562247741196,49583.2188761294,126.78112387059672,177.49357341883538,253.56224774119343,0.04,0.02,0.02,False,False,5674.86,2026-05-19 09:40:00+00:00,49583.2188761294,50.0,SL,-50.2,5624.66,2026-05-19 08:50:00+00:00,2026-05
144,US30,SELL,2026-05-19 18:35:00+00:00,49546.0,49692.026499596126,49341.56290056543,49253.94700080775,49692.026499596126,146.02649959612515,204.4370994345752,292.0529991922503,0.03,0.01,0.02,False,False,5624.66,2026-05-19 22:00:00+00:00,49388.7,205.0,EOD_EXIT,47.04,5671.7,2026-05-19 18:35:00+00:00,2026-05
145,US30,BUY,2026-05-20 14:25:00+00:00,49650.0,49517.561506393395,49835.41389104925,49914.87698721321,49517.561506393395,132.4384936066064,185.41389104924892,264.8769872132128,0.04,0.02,0.02,False,False,5671.7,2026-05-20 15:15:00+00:00,49914.87698721321,50.0,FULL_TP2,89.86,5761.56,2026-05-20 14:25:00+00:00,2026-05
146,US30,BUY,2026-05-21 08:00:00+00:00,50042.0,49933.77320183815,50193.51751742659,50258.4535963237,50042.0,108.22679816184998,151.51751742658996,216.45359632369997,0.05,0.03,0.02,True,False,5761.56,2026-05-21 10:25:00+00:00,50042.0,145.0,TP1_THEN_BE,45.21,5806.76,2026-05-21 08:00:00+00:00,2026-05
147,US30,BUY,2026-05-21 14:00:00+00:00,50058.0,49912.445906997615,50261.775730203335,50349.10818600477,49912.445906997615,145.55409300238415,203.7757302033378,291.1081860047683,0.03,0.01,0.02,False,False,5806.76,2026-05-21 15:05:00+00:00,49912.445906997615,65.0,SL,-50.15,5756.61,2026-05-21 14:00:00+00:00,2026-05
148,US30,BUY,2026-05-21 16:00:00+00:00,50001.0,49852.624276952025,50208.726012267165,50297.75144609595,50001.0,148.3757230479741,207.72601226716372,296.7514460959482,0.03,0.01,0.02,True,False,5756.61,2026-05-21 17:40:00+00:00,50297.75144609595,100.0,FULL_TP2,79.97,5836.58,2026-05-21 16:00:00+00:00,2026-05
149,US30,BUY,2026-05-22 08:00:00+00:00,50493.0,50383.28273030603,50646.60417757156,50712.434539387934,50383.28273030603,109.7172696939672,153.60417757155406,219.4345393879344,0.05,0.03,0.02,False,False,5836.58,2026-05-22 12:10:00+00:00,50712.434539387934,250.0,FULL_TP2,89.72,5926.3,2026-05-22 08:00:00+00:00,2026-05
150,US30,BUY,2026-05-22 15:15:00+00:00,50698.0,50566.922506564384,50881.508490809865,50960.15498687124,50698.0,131.07749343561795,183.50849080986512,262.1549868712359,0.04,0.02,0.02,True,False,5926.3,2026-05-24 22:05:00+00:00,50889.6,3290.0,EOD_EXIT,74.82,6001.12,2026-05-22 15:15:00+00:00,2026-05
151,US30,BUY,2026-05-25 06:25:00+00:00,51033.0,50928.5848028982,51179.181275942516,51241.83039420359,51033.0,104.41519710179792,146.18127594251706,208.83039420359583,0.05,0.03,0.02,True,False,6001.12,2026-05-25 22:00:00+00:00,51064.7,935.0,EOD_EXIT,49.94,6051.07,2026-05-25 06:25:00+00:00,2026-05
152,US30,SELL,2026-05-26 12:35:00+00:00,50893.0,50969.29293774409,50786.189887158274,50740.41412451182,50893.0,76.2929377440894,106.81011284172516,152.5858754881788,0.07,0.04,0.03,True,False,6051.07,2026-05-26 13:30:00+00:00,50740.41412451182,55.0,FULL_TP2,88.15,6139.22,2026-05-26 12:35:00+00:00,2026-05
153,US30,BUY,2026-05-27 16:40:00+00:00,50720.0,50610.041126227086,50873.94242328208,50939.91774754583,50610.041126227086,109.95887377291362,153.94242328207906,219.91774754582724,0.05,0.03,0.02,False,False,6139.22,2026-05-27 22:00:00+00:00,50789.2,320.0,EOD_EXIT,34.35,6173.57,2026-05-27 16:40:00+00:00,2026-05
154,US30,BUY,2026-05-28 19:20:00+00:00,50724.0,50611.708952001296,50881.20746719819,50948.582095997415,50611.708952001296,112.29104799870647,157.20746719818905,224.58209599741295,0.04,0.02,0.02,False,False,6173.57,2026-05-28 22:00:00+00:00,50751.2,160.0,EOD_EXIT,10.68,6184.25,2026-05-28 19:20:00+00:00,2026-05
155,US30,BUY,2026-05-29 17:25:00+00:00,51066.0,50971.26205076235,51198.63312893271,51255.475898475306,50971.26205076235,94.73794923765298,132.63312893271416,189.47589847530597,0.05,0.03,0.02,False,False,6184.25,2026-05-29 17:55:00+00:00,50971.26205076235,30.0,SL,-50.25,6134.0,2026-05-29 17:25:00+00:00,2026-05
156,US30,BUY,2026-05-29 18:35:00+00:00,51070.0,50973.42190427932,51205.20933400895,51263.156191441354,50973.42190427932,96.57809572067778,135.20933400894887,193.15619144135556,0.05,0.03,0.02,False,False,6134.0,2026-05-29 18:45:00+00:00,50973.42190427932,10.0,SL,-50.25,6083.75,2026-05-29 18:35:00+00:00,2026-05
157,US30,BUY,2026-05-29 19:15:00+00:00,51054.0,50956.24891111651,51190.85152443688,51249.502177766975,50956.24891111651,97.75108888348652,136.8515244368811,195.50217776697303,0.05,0.03,0.02,False,False,6083.75,2026-05-31 22:00:00+00:00,50985.7,3045.0,EOD_EXIT,-34.4,6049.35,2026-05-29 19:15:00+00:00,2026-05
158,US30,BUY,2026-06-01 07:10:00+00:00,51107.5,51034.2443018577,51210.05797739922,51254.0113962846,51107.5,73.2556981422995,102.55797739921928,146.511396284599,0.07,0.04,0.03,True,False,6049.35,2026-06-01 09:45:00+00:00,51254.0113962846,155.0,FULL_TP2,84.63,6133.97,2026-06-01 07:10:00+00:00,2026-06
159,US30,SELL,2026-06-01 16:05:00+00:00,50935.0,51051.0505627515,50772.5292121479,50702.898874497,51051.0505627515,116.05056275150133,162.47078785210186,232.10112550300266,0.04,0.02,0.02,False,False,6133.97,2026-06-01 17:40:00+00:00,51051.0505627515,95.0,SL,-50.2,6083.77,2026-06-01 16:05:00+00:00,2026-06
160,US30,SELL,2026-06-02 12:35:00+00:00,50854.0,50938.36977872865,50735.88230977989,50685.2604425427,50938.36977872865,84.36977872865027,118.11769022011038,168.73955745730055,0.06,0.03,0.03,False,False,6083.77,2026-06-02 13:30:00+00:00,50938.36977872865,55.0,SL,-50.3,6033.47,2026-06-02 12:35:00+00:00,2026-06
161,US30,SELL,2026-06-03 18:45:00+00:00,50910.0,51004.875918435515,50777.17371419028,50720.24816312897,50910.0,94.87591843551387,132.8262858097194,189.75183687102773,0.05,0.03,0.02,True,False,6033.47,2026-06-03 20:55:00+00:00,50720.24816312897,130.0,FULL_TP2,77.55,6111.02,2026-06-03 18:45:00+00:00,2026-06
162,US30,BUY,2026-06-04 18:30:00+00:00,51640.0,51522.71218484153,51804.20294122185,51874.575630316926,51522.71218484153,117.2878151584629,164.20294122184805,234.5756303169258,0.04,0.02,0.02,False,False,6111.02,2026-06-04 22:00:00+00:00,51625.0,210.0,EOD_EXIT,-6.2,6104.82,2026-06-04 18:30:00+00:00,2026-06
163,US30,SELL,2026-06-08 08:30:00+00:00,50780.0,50916.251751449294,50589.24754797099,50507.49649710141,50916.251751449294,136.25175144929435,190.75245202901206,272.5035028985887,0.04,0.02,0.02,False,False,6104.82,2026-06-08 10:30:00+00:00,50916.251751449294,120.0,SL,-50.2,6054.62,2026-06-08 08:30:00+00:00,2026-06
164,US30,SELL,2026-06-08 19:05:00+00:00,50908.0,51064.89428207202,50688.34800509917,50594.211435855956,51064.89428207202,156.89428207202064,219.6519949008289,313.7885641440413,0.03,0.01,0.02,False,False,6054.62,2026-06-08 22:00:00+00:00,50787.7,175.0,EOD_EXIT,35.94,6090.56,2026-06-08 19:05:00+00:00,2026-06
165,US30,BUY,2026-06-09 12:25:00+00:00,50983.0,50862.54330424975,51151.63937405034,51223.913391500486,50983.0,120.45669575024328,168.6393740503406,240.91339150048657,0.04,0.02,0.02,True,False,6090.56,2026-06-09 13:40:00+00:00,51223.913391500486,75.0,FULL_TP2,81.71,6172.27,2026-06-09 12:25:00+00:00,2026-06
166,US30,SELL,2026-06-09 19:45:00+00:00,50774.0,50993.0893022686,50467.27497682397,50335.82139546281,50993.0893022686,219.08930226859712,306.72502317603596,438.17860453719425,0.02,0.01,0.01,False,False,6172.27,2026-06-09 22:00:00+00:00,50826.2,135.0,EOD_EXIT,-10.54,6161.73,2026-06-09 19:45:00+00:00,2026-06
167,US30,SELL,2026-06-10 14:40:00+00:00,50587.0,50760.36145838428,50344.293958262,50240.277083231435,50587.0,173.36145838428223,242.7060417379951,346.72291676856446,0.03,0.01,0.02,True,False,6161.73,2026-06-10 15:45:00+00:00,50240.277083231435,65.0,FULL_TP2,93.47,6255.2,2026-06-10 14:40:00+00:00,2026-06
168,US30,BUY,2026-06-11 14:20:00+00:00,50328.0,50167.93730557278,50552.087772198116,50648.12538885445,50167.93730557278,160.0626944272259,224.08777219811623,320.1253888544518,0.03,0.01,0.02,False,False,6255.2,2026-06-11 15:00:00+00:00,50167.93730557278,40.0,SL,-50.15,6205.05,2026-06-11 14:20:00+00:00,2026-06
169,US30,BUY,2026-06-11 15:25:00+00:00,50301.0,50134.29892660329,50534.381502755394,50634.40214679342,50134.29892660329,166.70107339670977,233.38150275539365,333.40214679341955,0.03,0.01,0.02,False,False,6205.05,2026-06-11 17:25:00+00:00,50634.40214679342,120.0,FULL_TP2,89.87,6294.92,2026-06-11 15:25:00+00:00,2026-06
170,US30,BUY,2026-06-12 06:05:00+00:00,50976.0,50830.71421687991,51179.400096368125,51266.57156624018,50976.0,145.28578312008895,203.4000963681245,290.5715662401779,0.03,0.01,0.02,True,False,6294.92,2026-06-12 09:15:00+00:00,51266.57156624018,190.0,FULL_TP2,78.3,6373.22,2026-06-12 06:05:00+00:00,2026-06
171,US30,BUY,2026-06-12 14:50:00+00:00,51349.0,51168.33333392716,51601.93333250197,51710.333332145674,51168.33333392716,180.66666607283716,252.93333250197202,361.3333321456743,0.03,0.01,0.02,False,False,6373.22,2026-06-12 15:55:00+00:00,51168.33333392716,65.0,SL,-50.15,6323.07,2026-06-12 14:50:00+00:00,2026-06
172,US30,BUY,2026-06-12 20:30:00+00:00,51309.0,51115.00637158779,51580.59107977709,51696.987256824425,51309.0,193.9936284122108,271.5910797770951,387.9872568244216,0.03,0.01,0.02,True,False,6323.07,2026-06-14 22:05:00+00:00,51617.2,2975.0,EOD_EXIT,88.65,6411.72,2026-06-12 20:30:00+00:00,2026-06
173,US30,BUY,2026-06-15 07:10:00+00:00,51788.0,51650.208253528996,51980.90844505941,52063.58349294201,51788.0,137.79174647100524,192.9084450594073,275.5834929420105,0.04,0.02,0.02,True,False,6411.72,2026-06-15 19:55:00+00:00,51788.0,765.0,TP1_THEN_BE,38.38,6450.1,2026-06-15 07:10:00+00:00,2026-06
174,US30,BUY,2026-06-16 06:00:00+00:00,51831.0,51744.65732124334,51951.87975025932,52003.68535751332,51831.0,86.34267875666038,120.87975025932452,172.68535751332075,0.06,0.03,0.03,True,False,6450.1,2026-06-16 13:25:00+00:00,52003.68535751332,445.0,FULL_TP2,87.77,6537.87,2026-06-16 06:00:00+00:00,2026-06
175,US30,BUY,2026-06-17 15:20:00+00:00,52308.0,52212.178536700514,52442.15004861928,52499.64292659897,52212.178536700514,95.82146329948606,134.15004861928048,191.6429265989721,0.05,0.03,0.02,False,False,6537.87,2026-06-17 18:00:00+00:00,52212.178536700514,160.0,SL,-50.25,6487.62,2026-06-17 15:20:00+00:00,2026-06
176,US30,SELL,2026-06-18 08:40:00+00:00,51895.5,52001.95680969785,51746.46046642302,51682.58638060431,51895.5,106.45680969784465,149.0395335769825,212.9136193956893,0.05,0.03,0.02,True,False,6487.62,2026-06-18 12:55:00+00:00,51895.5,255.0,TP1_THEN_BE,44.46,6532.08,2026-06-18 08:40:00+00:00,2026-06
177,US30,SELL,2026-06-18 14:00:00+00:00,51796.0,51925.51296775271,51614.68184514621,51536.974064494585,51925.51296775271,129.5129677527067,181.31815485378934,259.0259355054134,0.04,0.02,0.02,False,False,6532.08,2026-06-18 22:00:00+00:00,51729.7,480.0,EOD_EXIT,26.32,6558.4,2026-06-18 14:00:00+00:00,2026-06
178,US30,BUY,2026-06-22 15:50:00+00:00,51850.0,51740.27925333822,52003.60904532649,52069.44149332355,51740.27925333822,109.72074666177735,153.60904532648829,219.4414933235547,0.05,0.03,0.02,False,False,6558.4,2026-06-22 18:50:00+00:00,51740.27925333822,180.0,SL,-50.25,6508.15,2026-06-22 15:50:00+00:00,2026-06
179,US30,BUY,2026-06-22 20:00:00+00:00,51856.0,51741.41977637612,52016.41231307344,52085.16044724776,51741.41977637612,114.58022362388309,160.4123130734363,229.16044724776617,0.04,0.02,0.02,False,False,6508.15,2026-06-22 22:00:00+00:00,51880.2,120.0,EOD_EXIT,9.48,6517.63,2026-06-22 20:00:00+00:00,2026-06
180,US30,SELL,2026-06-23 12:45:00+00:00,51587.0,51703.950603343794,51423.26915531869,51353.09879331241,51587.0,116.95060334379355,163.73084468131094,233.9012066875871,0.04,0.02,0.02,True,False,6517.63,2026-06-23 13:40:00+00:00,51587.0,55.0,TP1_THEN_BE,32.55,6550.18,2026-06-23 12:45:00+00:00,2026-06
181,US30,SELL,2026-06-24 08:45:00+00:00,51721.0,51830.19772307071,51568.123187701,51502.60455385857,51830.19772307071,109.19772307071472,152.8768122990006,218.39544614142943,0.05,0.03,0.02,False,False,6550.18,2026-06-24 11:35:00+00:00,51830.19772307071,170.0,SL,-50.25,6499.93,2026-06-24 08:45:00+00:00,2026-06
182,US30,BUY,2026-06-24 20:30:00+00:00,52089.0,51921.016989207026,52324.176215110165,52424.966021585955,51921.016989207026,167.98301079297627,235.17621511016677,335.96602158595255,0.03,0.01,0.02,False,False,6499.93,2026-06-24 22:00:00+00:00,52080.0,90.0,EOD_EXIT,-2.85,6497.08,2026-06-24 20:30:00+00:00,2026-06
183,US30,SELL,2026-06-26 08:50:00+00:00,52034.0,52182.166578604745,51826.56678995336,51737.66684279052,52034.0,148.16657860474297,207.43321004664014,296.33315720948593,0.03,0.01,0.02,True,False,6497.08,2026-06-26 14:05:00+00:00,52034.0,315.0,TP1_THEN_BE,20.59,6517.67,2026-06-26 08:50:00+00:00,2026-06
184,US30,SELL,2026-06-26 16:25:00+00:00,52035.0,52197.61140114482,51807.344038397256,51709.77719771036,52197.61140114482,162.6114011448193,227.655961602747,325.2228022896386,0.03,0.01,0.02,False,False,6517.67,2026-06-26 17:05:00+00:00,52197.61140114482,40.0,SL,-50.15,6467.52,2026-06-26 16:25:00+00:00,2026-06
185,US30,BUY,2026-06-29 14:25:00+00:00,52300.0,52163.746178344474,52490.75535031773,52572.50764331105,52163.746178344474,136.253821655524,190.7553503177336,272.507643311048,0.04,0.02,0.02,False,False,6467.52,2026-06-29 22:00:00+00:00,52281.0,455.0,EOD_EXIT,-7.8,6459.72,2026-06-29 14:25:00+00:00,2026-06
186,US30,BUY,2026-06-30 06:55:00+00:00,52344.0,52246.37743935433,52480.67158490394,52539.245121291344,52246.37743935433,97.62256064567218,136.67158490394104,195.24512129134436,0.05,0.03,0.02,False,False,6459.72,2026-06-30 12:25:00+00:00,52246.37743935433,330.0,SL,-50.25,6409.47,2026-06-30 06:55:00+00:00,2026-06
187,US30,BUY,2026-06-30 14:00:00+00:00,52354.0,52246.136457679924,52505.00895924811,52569.72708464015,52246.136457679924,107.86354232007561,151.00895924810584,215.72708464015122,0.05,0.03,0.02,False,False,6409.47,2026-06-30 22:00:00+00:00,52320.2,480.0,EOD_EXIT,-17.15,6392.32,2026-06-30 14:00:00+00:00,2026-06
188,US30,SELL,2026-07-01 07:10:00+00:00,52198.0,52278.806617503484,52084.870735495126,52036.38676499303,52278.806617503484,80.8066175034829,113.12926450487605,161.6132350069658,0.06,0.03,0.03,False,False,6392.32,2026-07-01 08:15:00+00:00,52278.806617503484,65.0,SL,-50.3,6342.02,2026-07-01 07:10:00+00:00,2026-07
189,US30,BUY,2026-07-02 16:00:00+00:00,52758.0,52632.842389225414,52933.22065508443,53008.31522154918,52632.842389225414,125.15761077458853,175.22065508442392,250.31522154917707,0.04,0.02,0.02,False,False,6342.02,2026-07-02 17:00:00+00:00,52632.842389225414,60.0,SL,-50.2,6291.82,2026-07-02 16:00:00+00:00,2026-07
190,US30,BUY,2026-07-02 18:30:00+00:00,52727.0,52597.39981519946,52908.44025872075,52986.20036960108,52727.0,129.60018480053807,181.4402587207533,259.20036960107615,0.04,0.02,0.02,True,False,6291.82,2026-07-02 22:00:00+00:00,52907.0,210.0,EOD_EXIT,72.09,6363.91,2026-07-02 18:30:00+00:00,2026-07
191,US30,BUY,2026-07-03 06:40:00+00:00,53057.0,52949.5303556152,53207.45750213872,53271.9392887696,52949.5303556152,107.4696443848004,150.45750213872054,214.9392887696008,0.05,0.03,0.02,False,False,6363.91,2026-07-03 08:10:00+00:00,52949.5303556152,90.0,SL,-50.25,6313.66,2026-07-03 06:40:00+00:00,2026-07
192,US30,BUY,2026-07-07 11:15:00+00:00,53264.0,53181.378884118625,53379.669562233925,53429.24223176276,53264.0,82.62111588137739,115.66956223392835,165.24223176275478,0.06,0.03,0.03,True,False,6313.66,2026-07-07 13:30:00+00:00,53264.0,135.0,TP1_THEN_BE,34.4,6348.06,2026-07-07 11:15:00+00:00,2026-07
193,US30,SELL,2026-07-07 19:00:00+00:00,52931.0,53037.01177463247,52782.58351551454,52718.976450735056,53037.01177463247,106.01177463247197,148.41648448546076,212.02354926494394,0.05,0.03,0.02,False,False,6348.06,2026-07-07 22:00:00+00:00,52939.0,180.0,EOD_EXIT,-4.25,6343.81,2026-07-07 19:00:00+00:00,2026-07
194,US30,SELL,2026-07-09 08:00:00+00:00,52447.0,52544.23122307991,52310.87628768813,52252.53755384019,52447.0,97.23122307990494,136.1237123118669,194.46244615980987,0.05,0.03,0.02,True,False,6343.81,2026-07-09 12:35:00+00:00,52447.0,275.0,TP1_THEN_BE,40.59,6384.4,2026-07-09 08:00:00+00:00,2026-07
195,US30,BUY,2026-07-09 20:10:00+00:00,52535.0,52431.11766703565,52680.435266150096,52742.764665928706,52431.11766703565,103.88233296435273,145.4352661500938,207.76466592870545,0.05,0.03,0.02,False,False,6384.4,2026-07-09 22:00:00+00:00,52506.7,110.0,EOD_EXIT,-14.4,6370.0,2026-07-09 20:10:00+00:00,2026-07
196,US30,BUY,2026-07-10 12:15:00+00:00,52649.0,52574.1433041336,52753.799374212955,52798.713391732796,52574.1433041336,74.85669586639779,104.79937421295689,149.71339173279557,0.07,0.04,0.03,False,False,6370.0,2026-07-10 13:30:00+00:00,52574.1433041336,75.0,SL,-50.35,6319.65,2026-07-10 12:15:00+00:00,2026-07
197,US30,BUY,2026-07-10 15:15:00+00:00,52663.0,52559.10642827315,52808.45100041759,52870.7871434537,52559.10642827315,103.89357172685006,145.45100041759008,207.7871434537001,0.05,0.03,0.02,False,False,6319.65,2026-07-12 22:00:00+00:00,52602.7,3285.0,EOD_EXIT,-30.4,6289.25,2026-07-10 15:15:00+00:00,2026-07
198,US30,SELL,2026-07-14 10:40:00+00:00,52390.0,52488.59583387835,52251.965832570306,52192.808332243294,52488.59583387835,98.5958338783543,138.034167429696,197.1916677567086,0.05,0.03,0.02,False,False,6289.25,2026-07-14 11:00:00+00:00,52192.808332243294,20.0,FULL_TP2,80.6,6369.85,2026-07-14 10:40:00+00:00,2026-07
199,US30,SELL,2026-07-17 08:35:00+00:00,52236.0,52343.11454435315,52086.03963790559,52021.7709112937,52343.11454435315,107.11454435314884,149.96036209440837,214.2290887062977,0.05,0.03,0.02,False,False,6369.85,2026-07-17 10:55:00+00:00,52343.11454435315,140.0,SL,-50.25,6319.6,2026-07-17 08:35:00+00:00,2026-07
200,US30,SELL,2026-07-17 12:25:00+00:00,52277.2,52389.46581375651,52120.027860740876,52052.668372486965,52277.2,112.26581375651512,157.17213925912114,224.53162751303023,0.04,0.02,0.02,True,False,6319.6,2026-07-17 13:20:00+00:00,52052.668372486965,55.0,FULL_TP2,76.14,6395.74,2026-07-17 12:25:00+00:00,2026-07
201,US30,SELL,2026-07-20 16:30:00+00:00,52059.0,52193.822438368275,51870.24858628441,51789.35512326345,52059.0,134.8224383682773,188.7514137155882,269.6448767365546,0.04,0.02,0.02,True,False,6395.74,2026-07-20 22:00:00+00:00,51907.2,330.0,EOD_EXIT,67.91,6463.65,2026-07-20 16:30:00+00:00,2026-07
202,US30,BUY,2026-07-22 20:30:00+00:00,52347.0,52236.27958120491,52502.00858631313,52568.440837590184,52236.27958120491,110.72041879509256,155.00858631312957,221.4408375901851,0.05,0.03,0.02,False,False,6463.65,2026-07-22 22:00:00+00:00,52236.27958120491,90.0,SL,-50.25,6413.4,2026-07-22 20:30:00+00:00,2026-07
203,US30,SELL,2026-07-23 11:20:00+00:00,52048.0,52151.11126689252,51903.64422635047,51841.77746621496,52048.0,103.11126689251921,144.3557736495269,206.22253378503842,0.05,0.03,0.02,True,False,6413.4,2026-07-23 12:20:00+00:00,51841.77746621496,60.0,FULL_TP2,84.3,6497.7,2026-07-23 11:20:00+00:00,2026-07
204,US30,SELL,2026-07-23 17:30:00+00:00,51706.0,51851.7625048925,51501.93249315051,51414.474990215014,51851.7625048925,145.76250489249452,204.0675068494923,291.52500978498904,0.03,0.01,0.02,False,False,6497.7,2026-07-23 22:00:00+00:00,51726.0,270.0,EOD_EXIT,-6.15,6491.55,2026-07-23 17:30:00+00:00,2026-07
205,US30,SELL,2026-07-24 06:45:00+00:00,51754.0,51853.55640398828,51614.62103441641,51554.88719202344,51853.55640398828,99.55640398828275,139.37896558359586,199.1128079765655,0.05,0.03,0.02,False,False,6491.55,2026-07-24 07:05:00+00:00,51853.55640398828,20.0,SL,-50.25,6441.3,2026-07-24 06:45:00+00:00,2026-07
206,US30,BUY,2026-07-24 15:10:00+00:00,52030.0,51917.79086134828,52187.0927941124,52254.41827730343,51917.79086134828,112.20913865171775,157.09279411240485,224.4182773034355,0.04,0.02,0.02,False,False,6441.3,2026-07-24 18:30:00+00:00,51917.79086134828,200.0,SL,-50.2,6391.1,2026-07-24 15:10:00+00:00,2026-07
207,US30,BUY,2026-07-24 19:55:00+00:00,51972.0,51840.90971967327,52155.526392457425,52234.18056065346,51840.90971967327,131.09028032673135,183.52639245742387,262.1805606534627,0.04,0.02,0.02,False,False,6391.1,2026-07-26 22:00:00+00:00,52234.18056065346,3005.0,FULL_TP2,88.94,6480.04,2026-07-24 19:55:00+00:00,2026-07
208,US30,BUY,2026-07-27 08:10:00+00:00,52439.0,52331.78598961203,52589.09961454316,52653.428020775944,52439.0,107.21401038797322,150.0996145431625,214.42802077594644,0.05,0.03,0.02,True,False,6480.04,2026-07-27 13:55:00+00:00,52439.0,345.0,TP1_THEN_BE,44.78,6524.82,2026-07-27 08:10:00+00:00,2026-07
209,US30,BUY,2026-07-28 14:20:00+00:00,52689.0,52565.354943126644,52862.103079622706,52936.29011374672,52689.0,123.64505687335885,173.10307962270238,247.2901137467177,0.04,0.02,0.02,True,False,6524.82,2026-07-28 15:55:00+00:00,52936.29011374672,95.0,FULL_TP2,83.88,6608.7,2026-07-28 14:20:00+00:00,2026-07
210,US30,SELL,2026-07-29 18:25:00+00:00,51977.8,52112.3974815435,51789.36352583911,51708.605036913,52112.3974815435,134.59748154349913,188.43647416089877,269.19496308699826,0.04,0.02,0.02,False,False,6608.7,2026-07-29 18:40:00+00:00,52112.3974815435,15.0,SL,-50.2,6558.5,2026-07-29 18:25:00+00:00,2026-07
211,US30,SELL,2026-07-29 19:20:00+00:00,51914.0,52068.99766143325,51697.003273993454,51604.004677133504,51914.0,154.997661433249,216.99672600654858,309.995322866498,0.03,0.01,0.02,True,False,6558.5,2026-07-29 19:45:00+00:00,51604.004677133504,25.0,FULL_TP2,83.55,6642.05,2026-07-29 19:20:00+00:00,2026-07
212,US30,SELL,2026-07-30 10:00:00+00:00,51724.5,51867.800592698084,51523.87917022269,51437.89881460384,51867.800592698084,143.30059269808206,200.62082977731487,286.6011853961641,0.03,0.01,0.02,False,False,6642.05,2026-07-30 11:30:00+00:00,51867.800592698084,90.0,SL,-50.15,6591.9,2026-07-30 10:00:00+00:00,2026-07
213,US30,BUY,2026-07-31 07:10:00+00:00,52568.0,52459.66633412216,52719.667132228984,52784.667331755685,52459.66633412216,108.33366587784371,151.6671322289812,216.66733175568743,0.05,0.03,0.02,False,False,6591.9,2026-07-31 12:35:00+00:00,52459.66633412216,325.0,SL,-50.25,6541.65,2026-07-31 07:10:00+00:00,2026-07
214,US30,BUY,2026-08-03 07:50:00+00:00,52830.0,52721.237431550646,52982.26759582909,53047.5251368987,52830.0,108.76256844935052,152.26759582909074,217.52513689870105,0.05,0.03,0.02,True,False,6541.65,2026-08-03 11:20:00+00:00,53047.5251368987,210.0,FULL_TP2,88.94,6630.58,2026-08-03 07:50:00+00:00,2026-08
215,US30,BUY,2026-08-03 17:35:00+00:00,53105.0,52986.91391354888,53270.32052103157,53341.17217290224,53105.0,118.08608645112095,165.3205210315693,236.1721729022419,0.04,0.02,0.02,True,False,6630.58,2026-08-03 22:00:00+00:00,53291.0,265.0,EOD_EXIT,70.06,6700.65,2026-08-03 17:35:00+00:00,2026-08
216,US30,BUY,2026-08-04 10:30:00+00:00,53547.0,53467.61811437862,53658.13463986993,53705.76377124276,53467.61811437862,79.38188562137962,111.13463986993146,158.76377124275925,0.06,0.03,0.03,False,False,6700.65,2026-08-04 10:35:00+00:00,53467.61811437862,5.0,SL,-50.3,6650.35,2026-08-04 10:30:00+00:00,2026-08
217,US30,BUY,2026-08-04 14:10:00+00:00,53859.0,53725.59605281049,54045.76552606531,54125.80789437902,53859.0,133.4039471895102,186.76552606531428,266.8078943790204,0.04,0.02,0.02,True,False,6650.35,2026-08-04 15:45:00+00:00,54125.80789437902,95.0,FULL_TP2,90.51,6740.86,2026-08-04 14:10:00+00:00,2026-08
218,US30,BUY,2026-08-04 20:30:00+00:00,54250.0,54109.135152773044,54447.210786117736,54531.72969445391,54109.135152773044,140.86484722695445,197.21078611773623,281.7296944539089,0.04,0.02,0.02,False,False,6740.86,2026-08-04 22:00:00+00:00,54253.0,90.0,EOD_EXIT,1.0,6741.86,2026-08-04 20:30:00+00:00,2026-08
219,US30,BUY,2026-08-05 17:35:00+00:00,54619.0,54500.50096673747,54784.89864656754,54855.998066525055,54500.50096673747,118.49903326252831,165.89864656753963,236.99806652505663,0.04,0.02,0.02,False,False,6741.86,2026-08-05 19:35:00+00:00,54500.50096673747,120.0,SL,-50.2,6691.66,2026-08-05 17:35:00+00:00,2026-08
220,US30,BUY,2026-08-06 06:45:00+00:00,54535.0,54454.20365193281,54648.11488729406,54696.59269613438,54454.20365193281,80.79634806718788,113.11488729406302,161.59269613437576,0.06,0.03,0.03,False,False,6691.66,2026-08-06 13:30:00+00:00,54454.20365193281,405.0,SL,-50.3,6641.36,2026-08-06 06:45:00+00:00,2026-08
221,US30,BUY,2026-08-10 07:00:00+00:00,54064.0,53993.90680080534,54162.13047887253,54204.186398389334,53993.90680080534,70.09319919466564,98.1304788725319,140.1863983893313,0.07,0.04,0.03,False,False,6641.36,2026-08-10 11:00:00+00:00,53993.90680080534,240.0,SL,-50.35,6591.01,2026-08-10 07:00:00+00:00,2026-08
222,US30,SELL,2026-08-10 19:25:00+00:00,53907.0,53992.64422463407,53787.098085512305,53735.71155073187,53992.64422463407,85.64422463406599,119.90191448769238,171.28844926813198,0.06,0.03,0.03,False,False,6591.01,2026-08-10 19:55:00+00:00,53992.64422463407,30.0,SL,-50.3,6540.71,2026-08-10 19:25:00+00:00,2026-08
223,US30,SELL,2026-08-11 10:10:00+00:00,53924.0,53987.42839513192,53835.20024681531,53797.143209736154,53987.42839513192,63.428395131924795,88.79975318469471,126.85679026384959,0.08,0.04,0.04,False,False,6540.71,2026-08-11 10:25:00+00:00,53987.42839513192,15.0,SL,-50.4,6490.31,2026-08-11 10:10:00+00:00,2026-08
224,US30,SELL,2026-08-12 06:10:00+00:00,53808.0,53866.86298761192,53725.59181734331,53690.27402477616,53866.86298761192,58.862987611921106,82.40818265668955,117.72597522384221,0.08,0.04,0.04,False,False,6490.31,2026-08-12 09:20:00+00:00,53866.86298761192,190.0,SL,-50.4,6439.91,2026-08-12 06:10:00+00:00,2026-08
225,US30,BUY,2026-08-13 14:00:00+00:00,54023.0,53957.13166720076,54115.215665918935,54154.73666559848,53957.13166720076,65.8683327992405,92.21566591893671,131.736665598481,0.08,0.04,0.04,False,False,6439.91,2026-08-13 14:15:00+00:00,53957.13166720076,15.0,SL,-50.4,6389.51,2026-08-13 14:00:00+00:00,2026-08
226,US30,SELL,2026-08-13 17:40:00+00:00,53761.0,53851.27030873176,53634.621567775546,53580.459382536494,53851.27030873176,90.27030873175343,126.3784322244548,180.54061746350686,0.06,0.03,0.03,False,False,6389.51,2026-08-13 18:40:00+00:00,53851.27030873176,60.0,SL,-50.3,6339.21,2026-08-13 17:40:00+00:00,2026-08
227,US30,SELL,2026-08-14 10:45:00+00:00,53793.0,53850.172309941365,53712.95876608208,53678.65538011726,53793.0,57.17230994136716,80.04123391791401,114.34461988273432,0.09,0.04,0.05,True,False,6339.21,2026-08-14 13:35:00+00:00,53793.0,170.0,TP1_THEN_BE,31.57,6370.78,2026-08-14 10:45:00+00:00,2026-08
228,US30,SELL,2026-08-14 14:40:00+00:00,53763.0,53832.55449146802,53665.623711944776,53623.891017063965,53832.55449146802,69.55449146801821,97.37628805522549,139.10898293603643,0.07,0.04,0.03,False,False,6370.78,2026-08-16 22:00:00+00:00,53765.2,3320.0,EOD_EXIT,-1.89,6368.89,2026-08-14 14:40:00+00:00,2026-08
229,US30,SELL,2026-08-17 16:50:00+00:00,53543.0,53620.0598992822,53435.116141004924,53388.880201435604,53543.0,77.05989928219927,107.88385899507897,154.11979856439854,0.06,0.03,0.03,True,False,6368.89,2026-08-17 22:00:00+00:00,53480.0,310.0,EOD_EXIT,50.97,6419.85,2026-08-17 16:50:00+00:00,2026-08
230,US30,SELL,2026-08-18 07:40:00+00:00,53414.0,53479.98176173009,53321.62553357788,53282.036476539826,53479.98176173009,65.98176173008778,92.3744664221229,131.96352346017557,0.08,0.04,0.04,False,False,6419.85,2026-08-18 09:00:00+00:00,53479.98176173009,80.0,SL,-50.4,6369.45,2026-08-18 07:40:00+00:00,2026-08
231,US30,SELL,2026-08-18 14:25:00+00:00,53416.0,53497.8893084572,53301.35496815992,53252.2213830856,53497.8893084572,81.88930845720077,114.64503184008107,163.77861691440154,0.06,0.03,0.03,False,False,6369.45,2026-08-18 14:50:00+00:00,53497.8893084572,25.0,SL,-50.3,6319.15,2026-08-18 14:25:00+00:00,2026-08
232,US30,SELL,2026-08-18 15:10:00+00:00,53413.0,53496.9686435674,53295.44389900564,53245.0627128652,53496.9686435674,83.96864356740072,117.556100994361,167.93728713480144,0.06,0.03,0.03,False,False,6319.15,2026-08-18 22:00:00+00:00,53369.0,410.0,EOD_EXIT,26.1,6345.25,2026-08-18 15:10:00+00:00,2026-08
233,US30,BUY,2026-08-19 18:35:00+00:00,53508.0,53404.39729684264,53653.04378442031,53715.20540631473,53404.39729684264,103.6027031573632,145.04378442030847,207.2054063147264,0.05,0.03,0.02,False,False,6345.25,2026-08-19 22:00:00+00:00,53513.0,205.0,EOD_EXIT,2.25,6347.5,2026-08-19 18:35:00+00:00,2026-08
234,US30,BUY,2026-08-20 06:10:00+00:00,53524.0,53456.18409263853,53618.94227030606,53659.63181472295,53456.18409263853,67.81590736147515,94.94227030606521,135.6318147229503,0.07,0.04,0.03,False,False,6347.5,2026-08-20 07:20:00+00:00,53456.18409263853,70.0,SL,-50.35,6297.15,2026-08-20 06:10:00+00:00,2026-08
235,US30,SELL,2026-08-20 10:35:00+00:00,53409.0,53479.153741413764,53310.78476202073,53268.69251717247,53409.0,70.15374141376229,98.2152379792672,140.30748282752458,0.07,0.04,0.03,True,False,6297.15,2026-08-20 11:40:00+00:00,53268.69251717247,65.0,FULL_TP2,81.03,6378.18,2026-08-20 10:35:00+00:00,2026-08
236,US30,SELL,2026-08-20 14:05:00+00:00,53117.0,53214.16821138376,52980.96450406274,52922.66357723248,53214.16821138376,97.16821138375846,136.03549593726183,194.33642276751692,0.05,0.03,0.02,False,False,6378.18,2026-08-20 15:00:00+00:00,53214.16821138376,55.0,SL,-50.25,6327.93,2026-08-20 14:05:00+00:00,2026-08
237,US30,SELL,2026-08-20 15:35:00+00:00,53060.0,53161.370481999205,52918.081325201114,52857.25903600159,53060.0,101.37048199920429,141.918674798886,202.74096399840857,0.05,0.03,0.02,True,False,6327.93,2026-08-20 18:30:00+00:00,52857.25903600159,175.0,FULL_TP2,82.87,6410.81,2026-08-20 15:35:00+00:00,2026-08
238,US30,BUY,2026-08-24 08:15:00+00:00,53292.0,53222.22137646518,53389.69007294874,53431.55724706963,53222.22137646518,69.77862353481574,97.69007294874203,139.55724706963147,0.07,0.04,0.03,False,False,6410.81,2026-08-24 10:55:00+00:00,53222.22137646518,160.0,SL,-50.35,6360.46,2026-08-24 08:15:00+00:00,2026-08
239,US30,BUY,2026-08-24 18:20:00+00:00,53427.0,53329.308860719175,53563.76759499315,53622.38227856164,53329.308860719175,97.69113928082308,136.7675949931523,195.38227856164616,0.05,0.03,0.02,False,False,6360.46,2026-08-24 22:00:00+00:00,53464.0,220.0,EOD_EXIT,18.25,6378.71,2026-08-24 18:20:00+00:00,2026-08
240,US30,BUY,2026-08-25 08:20:00+00:00,53588.0,53513.02738016029,53692.96166777559,53737.94523967942,53588.0,74.9726198397096,104.96166777559343,149.9452396794192,0.07,0.04,0.03,True,False,6378.71,2026-08-25 11:50:00+00:00,53737.94523967942,210.0,FULL_TP2,86.62,6465.32,2026-08-25 08:20:00+00:00,2026-08
241,US30,SELL,2026-08-27 12:25:00+00:00,53449.0,53523.80856789215,53344.26800495099,53299.382864215695,53449.0,74.80856789215132,104.73199504901184,149.61713578430263,0.07,0.04,0.03,True,False,6465.32,2026-08-27 13:30:00+00:00,53449.0,65.0,TP1_THEN_BE,41.54,6506.87,2026-08-27 12:25:00+00:00,2026-08
242,US30,SELL,2026-08-31 17:25:00+00:00,53217.0,53313.796265414385,53081.48522841986,53023.40746917123,53313.796265414385,96.79626541438633,135.51477158014086,193.59253082877265,0.05,0.03,0.02,False,False,6506.87,2026-08-31 22:00:00+00:00,53220.0,275.0,EOD_EXIT,-1.75,6505.12,2026-08-31 17:25:00+00:00,2026-08
243,US30,SELL,2026-09-01 06:25:00+00:00,53205.0,53279.065026829405,53101.30896243883,53056.86994634118,53205.0,74.06502682940835,103.69103756117168,148.1300536588167,0.07,0.04,0.03,True,False,6505.12,2026-09-01 08:15:00+00:00,53056.86994634118,110.0,FULL_TP2,85.57,6590.68,2026-09-01 06:25:00+00:00,2026-09
244,US30,SELL,2026-09-01 15:20:00+00:00,52975.0,53089.16325547593,52815.1714423337,52746.673489048146,52975.0,114.16325547592763,159.82855766629868,228.32651095185525,0.04,0.02,0.02,True,False,6590.68,2026-09-01 17:25:00+00:00,52746.673489048146,125.0,FULL_TP2,77.43,6668.11,2026-09-01 15:20:00+00:00,2026-09
245,US30,SELL,2026-09-02 06:15:00+00:00,52769.0,52849.69774263096,52656.02316031666,52607.60451473809,52849.69774263096,80.69774263095827,112.97683968334158,161.39548526191655,0.06,0.03,0.03,False,False,6668.11,2026-09-02 07:00:00+00:00,52849.69774263096,45.0,SL,-50.3,6617.81,2026-09-02 06:15:00+00:00,2026-09
246,US30,BUY,2026-09-02 18:00:00+00:00,53059.0,52947.578990294096,53214.98941358827,53281.842019411815,52947.578990294096,111.42100970590678,155.98941358826949,222.84201941181357,0.04,0.02,0.02,False,False,6617.81,2026-09-02 22:00:00+00:00,53063.7,240.0,EOD_EXIT,1.68,6619.49,2026-09-02 18:00:00+00:00,2026-09
247,US30,BUY,2026-09-03 07:15:00+00:00,53134.0,53057.34934431308,53241.31091796169,53287.30131137384,53134.0,76.65065568691962,107.31091796168747,153.30131137383924,0.07,0.04,0.03,True,False,6619.49,2026-09-03 09:50:00+00:00,53134.0,155.0,TP1_THEN_BE,42.57,6662.07,2026-09-03 07:15:00+00:00,2026-09
248,US30,BUY,2026-09-03 11:10:00+00:00,53179.0,53099.03518385375,53290.95074260474,53338.929632292486,53099.03518385375,79.96481614624406,111.95074260474168,159.92963229248812,0.06,0.03,0.03,False,False,6662.07,2026-09-03 12:30:00+00:00,53338.929632292486,80.0,FULL_TP2,81.26,6743.33,2026-09-03 11:10:00+00:00,2026-09
249,US30,BUY,2026-09-03 19:40:00+00:00,53712.0,53596.90272329299,53873.13618738981,53942.19455341402,53596.90272329299,115.09727670700936,161.1361873898131,230.1945534140187,0.04,0.02,0.02,False,False,6743.33,2026-09-03 22:00:00+00:00,53690.0,140.0,EOD_EXIT,-9.0,6734.33,2026-09-03 19:40:00+00:00,2026-09
250,US30,SELL,2026-09-04 19:00:00+00:00,53381.0,53468.99372166988,53257.808789662166,53205.01255666023,53468.99372166988,87.9937216698838,123.1912103378373,175.9874433397676,0.06,0.03,0.03,False,False,6734.33,2026-09-04 20:30:00+00:00,53205.01255666023,90.0,FULL_TP2,89.45,6823.79,2026-09-04 19:00:00+00:00,2026-09
251,US30,SELL,2026-09-07 07:40:00+00:00,53171.0,53245.28111668983,53067.006436634234,53022.43776662033,53245.28111668983,74.28111668983507,103.99356336576909,148.56223337967015,0.07,0.04,0.03,False,False,6823.79,2026-09-07 08:05:00+00:00,53245.28111668983,25.0,SL,-50.35,6773.44,2026-09-07 07:40:00+00:00,2026-09
252,US30,SELL,2026-09-07 10:35:00+00:00,53215.0,53286.60845968206,53114.748156445115,53071.78308063588,53215.0,71.60845968205818,100.25184355488145,143.21691936411636,0.07,0.04,0.03,True,False,6773.44,2026-09-07 14:50:00+00:00,53071.78308063588,255.0,FULL_TP2,82.72,6856.15,2026-09-07 10:35:00+00:00,2026-09
253,US30,SELL,2026-09-08 07:30:00+00:00,52998.0,53070.74266744158,52896.160265581784,52852.51466511684,53070.74266744158,72.74266744158012,101.83973441821217,145.48533488316025,0.07,0.04,0.03,False,False,6856.15,2026-09-08 10:20:00+00:00,53070.74266744158,170.0,SL,-50.35,6805.8,2026-09-08 07:30:00+00:00,2026-09
254,US30,SELL,2026-09-08 11:10:00+00:00,52989.5,53072.456974302346,52873.36023597672,52823.58605139531,53072.456974302346,82.956974302347,116.1397640232858,165.913948604694,0.06,0.03,0.03,False,False,6805.8,2026-09-08 12:40:00+00:00,53072.456974302346,90.0,SL,-50.3,6755.5,2026-09-08 11:10:00+00:00,2026-09
255,US30,SELL,2026-09-08 18:35:00+00:00,52847.5,52946.06704651692,52709.50613487631,52650.365906966166,52946.06704651692,98.56704651691864,137.99386512368608,197.13409303383727,0.05,0.03,0.02,False,False,6755.5,2026-09-08 22:00:00+00:00,52811.0,205.0,EOD_EXIT,18.0,6773.5,2026-09-08 18:35:00+00:00,2026-09
