trade_id,symbol,direction,entry_time,entry_price,sl_price,tp1_price,tp2_price,current_sl,sl_dist,tp1_dist,tp2_dist,total_lots,part_lots,run_lots,tp1_hit,tp2_hit,be_hit,starting_balance,exit_time,exit_price,duration_m,exit_reason,partial_pnl,runner_pnl,commission,net_pnl,ending_balance
1,XAGUSD,BUY,2026-01-02 06:50:00+00:00,73.918,72.49543379609186,76.19410592625304,77.33215888937957,72.49543379609186,1.4225662039081528,2.2761059262530448,3.4141588893795674,0.01,0.01,0.0,False,False,False,5000.0,2026-01-02 15:00:00+00:00,72.49543379609186,490.0,SL,0.0,0.0,0.05,-50.05,4949.95
2,XAGUSD,BUY,2026-01-05 12:30:00+00:00,75.568,74.51759424847327,77.24864920244276,78.08897380366413,75.568,1.0504057515267247,1.6806492024427595,2.5209738036641394,0.01,0.01,0.0,True,False,False,4949.95,2026-01-05 22:00:00+00:00,76.6,570.0,EOD_CLOSE,84.03,0.0,0.05,83.98,5033.93
3,XAGUSD,BUY,2026-01-06 10:25:00+00:00,78.067,76.88423262663952,79.95942779737676,80.90564169606516,78.067,1.1827673733604835,1.8924277973767738,2.838641696065161,0.01,0.01,0.0,True,False,False,5033.93,2026-01-06 16:25:00+00:00,80.90564169606516,360.0,FULL_TP2,94.62,0.0,0.05,94.57,5128.5
4,XAGUSD,BUY,2026-01-06 19:40:00+00:00,80.738,79.4379326140062,82.81810781759009,83.85816172638512,79.4379326140062,1.3000673859938023,2.080107817590084,3.1201617263851262,0.01,0.01,0.0,False,False,False,5128.5,2026-01-06 22:00:00+00:00,81.352,140.0,EOD_CLOSE,30.7,0.0,0.05,30.65,5159.15
5,XAGUSD,SELL,2026-01-07 10:30:00+00:00,79.312,80.78793155610529,76.95050951023153,75.76976426534729,79.312,1.4759315561052941,2.3614904897684705,3.5422357346527065,0.01,0.01,0.0,True,False,False,5159.15,2026-01-07 22:00:00+00:00,78.386,690.0,EOD_CLOSE,118.07,0.0,0.05,118.02,5277.18
6,XAGUSD,SELL,2026-01-08 10:05:00+00:00,75.647,77.03497624562772,73.42623800699567,72.31585701049352,77.03497624562772,1.3879762456277052,2.2207619930043285,3.331142989506493,0.01,0.01,0.0,False,False,False,5277.18,2026-01-08 20:00:00+00:00,77.03497624562772,595.0,SL,0.0,0.0,0.05,-50.05,5227.13
7,XAGUSD,BUY,2026-01-09 11:00:00+00:00,78.172,77.06994661509506,79.93528541584789,80.81692812377185,78.172,1.102053384904935,1.763285415847896,2.6449281237718445,0.01,0.01,0.0,True,False,False,5227.13,2026-01-11 22:00:00+00:00,80.385,3540.0,EOD_CLOSE,88.16,0.0,0.05,88.11,5315.24
8,XAGUSD,BUY,2026-01-12 07:00:00+00:00,84.308,82.97305069897946,86.44391888163288,87.51187832244932,82.97305069897946,1.3349493010205473,2.135918881632876,3.203878322449314,0.01,0.01,0.0,False,False,False,5315.24,2026-01-12 22:00:00+00:00,85.05,900.0,EOD_CLOSE,37.1,0.0,0.05,37.05,5352.29
9,XAGUSD,BUY,2026-01-13 06:40:00+00:00,85.164,83.84380575026142,87.27631079958172,88.33246619937258,85.164,1.320194249738574,2.1123107995817185,3.168466199372578,0.01,0.01,0.0,True,False,False,5352.29,2026-01-13 13:10:00+00:00,88.33246619937258,390.0,FULL_TP2,105.62,0.0,0.05,105.57,5457.86
10,XAGUSD,BUY,2026-01-14 08:05:00+00:00,90.12,88.522040137697,92.6767357796848,93.9551036695272,90.12,1.5979598623029985,2.556735779684798,3.835103669527197,0.01,0.01,0.0,True,False,False,5457.86,2026-01-14 22:00:00+00:00,92.938,835.0,EOD_CLOSE,127.84,0.0,0.05,127.79,5585.64
11,XAGUSD,BUY,2026-01-15 11:40:00+00:00,91.207,89.14039526357212,94.5135675782846,96.16685136742689,89.14039526357212,2.0666047364278723,3.306567578284596,4.959851367426895,0.01,0.01,0.0,False,False,False,5585.64,2026-01-15 12:25:00+00:00,89.14039526357212,45.0,SL,0.0,0.0,0.05,-50.05,5535.59
12,XAGUSD,BUY,2026-01-15 20:10:00+00:00,92.309,90.25347308242992,95.59784306811211,97.24226460216818,90.25347308242992,2.055526917570073,3.2888430681121172,4.933264602168176,0.01,0.01,0.0,False,False,False,5535.59,2026-01-15 22:00:00+00:00,92.715,110.0,EOD_CLOSE,20.3,0.0,0.05,20.25,5555.84
13,XAGUSD,BUY,2026-01-16 06:35:00+00:00,91.038,89.03296244560816,94.24606008702692,95.8500901305404,89.03296244560816,2.005037554391829,3.2080600870269267,4.8120901305403905,0.01,0.01,0.0,False,False,False,5555.84,2026-01-16 12:00:00+00:00,89.03296244560816,325.0,SL,0.0,0.0,0.05,-50.05,5505.79
14,XAGUSD,SELL,2026-01-16 14:20:00+00:00,88.265,90.17423966872249,85.21021653004401,83.68282479506601,90.17423966872249,1.9092396687224955,3.054783469955993,4.58217520493399,0.01,0.01,0.0,False,False,False,5505.79,2026-01-18 22:00:00+00:00,90.17423966872249,3340.0,SL,0.0,0.0,0.05,-50.05,5455.74
15,XAGUSD,BUY,2026-01-20 06:10:00+00:00,94.321,93.10585606382013,96.26523029788778,97.23734544683168,93.10585606382013,1.2151439361798684,1.9442302978877894,2.9163454468316847,0.01,0.01,0.0,False,False,False,5455.74,2026-01-20 14:35:00+00:00,93.10585606382013,505.0,SL,0.0,0.0,0.05,-50.05,5405.69
16,XAGUSD,SELL,2026-01-21 18:25:00+00:00,92.05,93.44266809769074,89.8217310436948,88.7075965655422,93.44266809769074,1.3926680976907473,2.228268956305196,3.342403434457794,0.01,0.01,0.0,False,False,False,5405.69,2026-01-21 22:00:00+00:00,92.491,215.0,EOD_CLOSE,-22.05,-0.0,0.05,-22.1,5383.59
17,XAGUSD,BUY,2026-01-22 08:00:00+00:00,94.196,92.77248013131353,96.47363178989835,97.61244768484751,94.196,1.4235198686864652,2.2776317898983445,3.416447684847517,0.01,0.01,0.0,True,False,False,5383.59,2026-01-22 22:00:00+00:00,96.445,840.0,EOD_CLOSE,113.88,0.0,0.05,113.83,5497.43
18,XAGUSD,BUY,2026-01-26 11:00:00+00:00,109.647,107.73174280921648,112.71141150525365,114.24361725788046,109.647,1.9152571907835245,3.0644115052536396,4.596617257880459,0.01,0.01,0.0,True,False,False,5497.43,2026-01-26 15:55:00+00:00,114.24361725788046,295.0,FULL_TP2,153.22,0.0,0.05,153.17,5650.6
19,XAGUSD,BUY,2026-01-27 12:10:00+00:00,112.891,109.42314709492899,118.43956464811363,121.21384697217044,109.42314709492899,3.4678529050710183,5.548564648113629,8.322846972170446,0.01,0.01,0.0,False,False,False,5650.6,2026-01-27 13:10:00+00:00,109.42314709492899,60.0,SL,0.0,0.0,0.05,-50.05,5600.55
20,XAGUSD,SELL,2026-01-30 11:45:00+00:00,98.998,104.16954755561598,90.72352391101445,86.58628586652168,98.998,5.1715475556159705,8.274476088985553,12.41171413347833,0.01,0.01,0.0,True,False,False,5600.55,2026-01-30 16:50:00+00:00,86.58628586652168,305.0,FULL_TP2,413.72,0.0,0.05,413.67,6014.22
21,XAGUSD,SELL,2026-01-30 19:20:00+00:00,83.393,90.56098486105199,71.92422422231682,66.18983633347523,90.56098486105199,7.1679848610519885,11.468775777683183,17.203163666524777,0.01,0.01,0.0,False,False,False,6014.22,2026-02-01 22:00:00+00:00,82.117,3040.0,EOD_CLOSE,63.8,0.0,0.05,63.75,6077.97
22,XAGUSD,SELL,2026-02-02 16:30:00+00:00,78.251,84.868856088728,67.66243025803522,62.36814538705282,84.868856088728,6.617856088727992,10.588569741964788,15.882854612947183,0.01,0.01,0.0,False,False,False,6077.97,2026-02-02 22:00:00+00:00,80.603,330.0,EOD_CLOSE,-117.6,-0.0,0.05,-117.65,5960.32
23,XAGUSD,BUY,2026-02-03 11:05:00+00:00,87.259,83.2557078151542,93.6642674957533,96.86690124362994,83.2557078151542,4.003292184845809,6.405267495753295,9.607901243629943,0.01,0.01,0.0,False,False,False,5960.32,2026-02-03 16:45:00+00:00,83.2557078151542,340.0,SL,0.0,0.0,0.05,-50.05,5910.27
24,XAGUSD,SELL,2026-02-05 08:00:00+00:00,78.803,82.93619157375906,72.18989348198551,68.88334022297825,78.803,4.13319157375906,6.613106518014496,9.919659777021746,0.01,0.01,0.0,True,False,False,5910.27,2026-02-05 22:00:00+00:00,71.124,840.0,EOD_CLOSE,330.66,0.0,0.05,330.61,6240.88
25,XAGUSD,BUY,2026-02-06 15:45:00+00:00,76.315,73.03674694856785,81.56020488229142,84.18280732343713,73.03674694856785,3.2782530514321393,5.245204882291423,7.867807323437136,0.01,0.01,0.0,False,False,False,6240.88,2026-02-08 22:00:00+00:00,79.457,3255.0,EOD_CLOSE,157.1,0.0,0.05,157.05,6397.93
26,XAGUSD,BUY,2026-02-09 07:15:00+00:00,81.93,79.59790124079748,85.66135801472404,87.52703702208606,79.59790124079748,2.332098759202524,3.731358014724039,5.597037022086059,0.01,0.01,0.0,False,False,False,6397.93,2026-02-09 09:25:00+00:00,79.59790124079748,130.0,SL,0.0,0.0,0.05,-50.05,6347.88
27,XAGUSD,BUY,2026-02-09 18:00:00+00:00,83.056,80.89419203949106,86.51489273681429,88.24433910522143,80.89419203949106,2.1618079605089306,3.458892736814289,5.188339105221434,0.01,0.01,0.0,False,False,False,6347.88,2026-02-09 22:00:00+00:00,83.449,240.0,EOD_CLOSE,19.65,0.0,0.05,19.6,6367.48
28,XAGUSD,BUY,2026-02-10 06:15:00+00:00,81.621,79.73774023350661,84.63421562638939,86.1408234395841,79.73774023350661,1.8832597664933761,3.013215626389402,4.519823439584103,0.01,0.01,0.0,False,False,False,6367.48,2026-02-10 22:00:00+00:00,81.02,945.0,EOD_CLOSE,-30.05,-0.0,0.05,-30.1,6337.38
29,XAGUSD,BUY,2026-02-11 12:10:00+00:00,85.718,84.3052629985636,87.97837920229824,89.10856880344735,84.3052629985636,1.4127370014363987,2.260379202298238,3.3905688034473576,0.01,0.01,0.0,False,False,False,6337.38,2026-02-11 12:30:00+00:00,84.3052629985636,20.0,SL,0.0,0.0,0.05,-50.05,6287.33
30,XAGUSD,BUY,2026-02-11 15:45:00+00:00,83.792,82.02510357428726,86.61903428114039,88.03255142171058,82.02510357428726,1.7668964257127424,2.827034281140388,4.240551421710583,0.01,0.01,0.0,False,False,False,6287.33,2026-02-11 22:00:00+00:00,84.637,375.0,EOD_CLOSE,42.25,0.0,0.05,42.2,6329.53
31,XAGUSD,SELL,2026-02-12 19:05:00+00:00,76.156,78.36870783868511,72.61566745810384,70.84550118715578,78.36870783868511,2.2127078386850987,3.540332541896158,5.310498812844237,0.01,0.01,0.0,False,False,False,6329.53,2026-02-12 22:00:00+00:00,74.221,175.0,EOD_CLOSE,96.75,0.0,0.05,96.7,6426.23
32,XAGUSD,SELL,2026-02-13 12:25:00+00:00,77.158,79.04295492416229,74.14207212134033,72.63410818201051,79.04295492416229,1.8849549241622914,3.0159278786596664,4.5238918179895,0.01,0.01,0.0,False,False,False,6426.23,2026-02-13 12:30:00+00:00,79.04295492416229,5.0,SL,0.0,0.0,0.05,-50.05,6376.18
33,XAGUSD,SELL,2026-02-13 18:50:00+00:00,77.427,79.44562810910804,74.19719502542715,72.58229253814072,79.44562810910804,2.0186281091080347,3.229804974572856,4.844707461859284,0.01,0.01,0.0,False,False,False,6376.18,2026-02-15 22:00:00+00:00,75.326,3070.0,EOD_CLOSE,105.05,0.0,0.05,105.0,6481.18
34,XAGUSD,SELL,2026-02-17 08:10:00+00:00,74.568,76.10638686015847,72.10658102374646,70.8758715356197,74.568,1.5383868601584616,2.4614189762535386,3.6921284643803083,0.01,0.01,0.0,True,False,False,6481.18,2026-02-17 22:00:00+00:00,73.31,830.0,EOD_CLOSE,123.07,0.0,0.05,123.02,6604.2
35,XAGUSD,BUY,2026-02-18 12:05:00+00:00,75.862,74.67404310211667,77.76273103661332,78.71309655491999,75.862,1.1879568978833264,1.9007310366133223,2.851096554919984,0.01,0.01,0.0,True,False,False,6604.2,2026-02-18 22:00:00+00:00,77.61,595.0,EOD_CLOSE,95.04,0.0,0.05,94.99,6699.18
36,XAGUSD,BUY,2026-02-19 12:35:00+00:00,78.221,77.0948267061659,80.02287727013456,80.92381590520183,77.0948267061659,1.126173293834094,1.8018772701345505,2.702815905201826,0.01,0.01,0.0,False,False,False,6699.18,2026-02-19 22:00:00+00:00,78.613,565.0,EOD_CLOSE,19.6,0.0,0.05,19.55,6718.73
37,XAGUSD,BUY,2026-02-20 12:05:00+00:00,80.498,79.38681895936834,82.27588966501067,83.16483449751598,80.498,1.1111810406316596,1.7778896650106555,2.6668344975159832,0.01,0.01,0.0,True,False,False,6718.73,2026-02-20 18:45:00+00:00,83.16483449751598,400.0,FULL_TP2,88.89,0.0,0.05,88.84,6807.58
38,XAGUSD,BUY,2026-02-23 11:05:00+00:00,86.748,85.45613414638491,88.81498536578415,89.84847804867623,86.748,1.2918658536150935,2.06698536578415,3.100478048676225,0.01,0.01,0.0,True,False,False,6807.58,2026-02-23 22:00:00+00:00,88.542,655.0,EOD_CLOSE,103.35,0.0,0.05,103.3,6910.88
39,XAGUSD,BUY,2026-02-24 07:55:00+00:00,88.084,86.61917092155088,90.42772652551861,91.59958978827791,86.61917092155088,1.4648290784491282,2.3437265255186053,3.515589788277908,0.01,0.01,0.0,False,False,False,6910.88,2026-02-24 12:50:00+00:00,86.61917092155088,295.0,SL,0.0,0.0,0.05,-50.05,6860.83
40,XAGUSD,BUY,2026-02-24 14:05:00+00:00,87.375,85.83995650911899,89.83106958540962,91.05910437811443,85.83995650911899,1.535043490881011,2.456069585409618,3.6841043781144274,0.01,0.01,0.0,False,False,False,6860.83,2026-02-24 22:00:00+00:00,86.799,475.0,EOD_CLOSE,-28.8,-0.0,0.05,-28.85,6831.98
41,XAGUSD,BUY,2026-02-25 11:05:00+00:00,90.522,89.20669790341996,92.62648335452806,93.6787250317921,89.20669790341996,1.3153020965800377,2.1044833545280603,3.156725031792091,0.01,0.01,0.0,False,False,False,6831.98,2026-02-25 19:45:00+00:00,89.20669790341996,520.0,SL,0.0,0.0,0.05,-50.05,6781.93
42,XAGUSD,SELL,2026-02-26 10:50:00+00:00,87.027,88.6494059257683,84.4311505187707,83.13322577815606,88.6494059257683,1.6224059257683099,2.595849481229296,3.893774221843944,0.01,0.01,0.0,False,False,False,6781.93,2026-02-26 19:10:00+00:00,88.6494059257683,500.0,SL,0.0,0.0,0.05,-50.05,6731.88
43,XAGUSD,BUY,2026-02-27 07:00:00+00:00,90.223,88.90637487947846,92.32960019283446,93.3829002892517,90.223,1.3166251205215413,2.1066001928344664,3.1599002892517,0.01,0.01,0.0,True,False,False,6731.88,2026-02-27 14:45:00+00:00,93.3829002892517,465.0,FULL_TP2,105.33,0.0,0.05,105.28,6837.16
44,XAGUSD,BUY,2026-02-27 18:15:00+00:00,93.276,91.69353404034578,95.80794553544673,97.07391830317012,93.276,1.582465959654215,2.531945535446744,3.7979183031701167,0.01,0.01,0.0,True,False,False,6837.16,2026-03-01 22:05:00+00:00,95.108,3110.0,EOD_CLOSE,126.6,0.0,0.05,126.55,6963.7
45,XAGUSD,BUY,2026-03-02 11:50:00+00:00,95.168,93.57163841423308,97.72217853722708,98.99926780584063,93.57163841423308,1.5963615857669247,2.5541785372270795,3.8312678058406195,0.01,0.01,0.0,False,False,False,6963.7,2026-03-02 12:40:00+00:00,93.57163841423308,50.0,SL,0.0,0.0,0.05,-50.05,6913.65
46,XAGUSD,SELL,2026-03-02 20:40:00+00:00,89.502,91.67847714652078,86.01963656556674,84.27845484835012,91.67847714652078,2.176477146520779,3.482363434433246,5.22354515164987,0.01,0.01,0.0,False,False,False,6913.65,2026-03-02 22:00:00+00:00,90.027,80.0,EOD_CLOSE,-26.25,-0.0,0.05,-26.3,6887.35
47,XAGUSD,SELL,2026-03-03 07:30:00+00:00,85.855,88.52346299169163,81.5854592132934,79.4506888199401,88.52346299169163,2.668462991691629,4.269540786706607,6.404311180059911,0.01,0.01,0.0,False,False,False,6887.35,2026-03-03 10:05:00+00:00,79.4506888199401,155.0,FULL_TP2,213.48,0.0,0.05,213.43,7100.78
48,XAGUSD,SELL,2026-03-03 18:30:00+00:00,82.387,85.5835508395527,77.27251865671568,74.71527798507353,85.5835508395527,3.1965508395526996,5.11448134328432,7.67172201492648,0.01,0.01,0.0,False,False,False,7100.78,2026-03-03 22:00:00+00:00,82.263,210.0,EOD_CLOSE,6.2,0.0,0.05,6.15,7106.93
49,XAGUSD,SELL,2026-03-04 19:15:00+00:00,83.119,85.16648187403841,79.84302900153854,78.2050435023078,85.16648187403841,2.0474818740384144,3.2759709984614633,4.913956497692196,0.01,0.01,0.0,False,False,False,7106.93,2026-03-04 22:00:00+00:00,83.773,165.0,EOD_CLOSE,-32.7,-0.0,0.05,-32.75,7074.18
50,XAGUSD,SELL,2026-03-05 07:20:00+00:00,83.147,85.00573280261906,80.17302751580951,78.68604127371425,85.00573280261906,1.8587328026190637,2.973972484190502,4.460958726285754,0.01,0.01,0.0,False,False,False,7074.18,2026-03-05 22:00:00+00:00,82.383,880.0,EOD_CLOSE,38.2,0.0,0.05,38.15,7112.33
51,XAGUSD,BUY,2026-03-06 07:45:00+00:00,84.311,82.70774126885097,86.87621396983847,88.1588209547577,82.70774126885097,1.6032587311490405,2.565213969838465,3.847820954757698,0.01,0.01,0.0,False,False,False,7112.33,2026-03-06 08:35:00+00:00,82.70774126885097,50.0,SL,0.0,0.0,0.05,-50.05,7062.28
52,XAGUSD,BUY,2026-03-06 17:05:00+00:00,84.02,82.30966771249679,86.75653166000512,88.1247974900077,82.30966771249679,1.7103322875032052,2.7365316600051286,4.104797490007693,0.01,0.01,0.0,False,False,False,7062.28,2026-03-08 21:05:00+00:00,82.653,3120.0,EOD_CLOSE,-68.35,-0.0,0.05,-68.4,6993.88
53,XAGUSD,BUY,2026-03-09 07:45:00+00:00,83.784,81.89601194752744,86.8047808839561,88.31517132593414,83.784,1.8879880524725583,3.0207808839560935,4.531171325934141,0.01,0.01,0.0,True,False,False,6993.88,2026-03-09 21:05:00+00:00,87.014,800.0,EOD_CLOSE,151.04,0.0,0.05,150.99,7144.87
54,XAGUSD,BUY,2026-03-10 06:45:00+00:00,89.102,87.49528576849211,91.67274277041264,92.95811415561896,87.49528576849211,1.6067142315078988,2.570742770412638,3.8561141556189575,0.01,0.01,0.0,False,False,False,7144.87,2026-03-10 17:15:00+00:00,87.49528576849211,630.0,SL,0.0,0.0,0.05,-50.05,7094.82
55,XAGUSD,SELL,2026-03-11 08:50:00+00:00,86.852,88.20997197246373,84.67924484405803,83.59286726608705,86.852,1.3579719724637282,2.172755155941965,3.2591327339129483,0.01,0.01,0.0,True,False,False,7094.82,2026-03-11 21:05:00+00:00,85.463,735.0,EOD_CLOSE,108.64,0.0,0.05,108.59,7203.41
56,XAGUSD,BUY,2026-03-12 10:40:00+00:00,87.062,85.79569759218236,89.08808385250822,90.10112577876232,85.79569759218236,1.2663024078176361,2.026083852508218,3.0391257787623274,0.01,0.01,0.0,False,False,False,7203.41,2026-03-12 12:50:00+00:00,85.79569759218236,130.0,SL,0.0,0.0,0.05,-50.05,7153.36
57,XAGUSD,SELL,2026-03-13 12:55:00+00:00,83.518,84.88299450180735,81.33400879710825,80.24201319566238,83.518,1.364994501807339,2.1839912028917428,3.2759868043376144,0.01,0.01,0.0,True,False,False,7153.36,2026-03-13 14:55:00+00:00,80.24201319566238,120.0,FULL_TP2,109.2,0.0,0.05,109.15,7262.51
58,XAGUSD,SELL,2026-03-13 18:25:00+00:00,80.522,82.06180630778235,78.05830990754826,76.82646486132239,82.06180630778235,1.539806307782336,2.463690092451738,3.695535138677607,0.01,0.01,0.0,False,False,False,7262.51,2026-03-15 21:05:00+00:00,80.257,3040.0,EOD_CLOSE,13.25,0.0,0.05,13.2,7275.71
59,XAGUSD,SELL,2026-03-17 16:45:00+00:00,79.46,80.90935652849375,77.14102955440998,75.98154433161498,80.90935652849375,1.4493565284937542,2.318970445590007,3.4784556683850107,0.01,0.01,0.0,False,False,False,7275.71,2026-03-17 21:05:00+00:00,79.08,260.0,EOD_CLOSE,19.0,0.0,0.05,18.95,7294.66
60,XAGUSD,SELL,2026-03-18 17:00:00+00:00,76.937,78.33048667287501,74.70742132339998,73.59263198509998,78.33048667287501,1.3934866728750082,2.229578676600013,3.34436801490002,0.01,0.01,0.0,False,False,False,7294.66,2026-03-18 21:05:00+00:00,75.223,245.0,EOD_CLOSE,85.7,0.0,0.05,85.65,7380.31
61,XAGUSD,SELL,2026-03-20 11:35:00+00:00,71.764,73.541450884049,68.92007858552158,67.49811787828239,71.764,1.7774508840490069,2.843921414478411,4.265882121717617,0.01,0.01,0.0,True,False,False,7380.31,2026-03-22 21:00:00+00:00,67.49811787828239,3445.0,FULL_TP2,142.2,0.0,0.05,142.15,7522.45
62,XAGUSD,BUY,2026-03-23 16:05:00+00:00,69.197,66.30367476375368,73.82632037799414,76.1409805669912,66.30367476375368,2.8933252362463326,4.629320377994133,6.9439805669912,0.01,0.01,0.0,False,False,False,7522.45,2026-03-23 21:05:00+00:00,68.899,300.0,EOD_CLOSE,-14.9,-0.0,0.05,-14.95,7507.5
63,XAGUSD,BUY,2026-03-24 10:55:00+00:00,70.048,67.96915119301693,73.37415809117292,75.03723713675937,67.96915119301693,2.078848806983072,3.326158091172916,4.989237136759374,0.01,0.01,0.0,False,False,False,7507.5,2026-03-24 12:30:00+00:00,67.96915119301693,95.0,SL,0.0,0.0,0.05,-50.05,7457.45
64,XAGUSD,BUY,2026-03-25 07:15:00+00:00,73.654,72.12743999416904,76.09649600932953,77.31774401399429,72.12743999416904,1.526560005830956,2.44249600932953,3.663744013994295,0.01,0.01,0.0,False,False,False,7457.45,2026-03-25 08:45:00+00:00,72.12743999416904,90.0,SL,0.0,0.0,0.05,-50.05,7407.4
65,XAGUSD,SELL,2026-03-26 14:35:00+00:00,68.663,70.25896724973383,66.10945240042588,64.83267860063881,70.25896724973383,1.595967249733826,2.553547599574122,3.830321399361183,0.01,0.01,0.0,False,False,False,7407.4,2026-03-26 21:05:00+00:00,68.333,390.0,EOD_CLOSE,16.5,0.0,0.05,16.45,7423.85
66,XAGUSD,BUY,2026-03-27 17:30:00+00:00,70.262,68.77504297617448,72.64113123812085,73.83069685718127,68.77504297617448,1.486957023825527,2.379131238120843,3.568696857181265,0.01,0.01,0.0,False,False,False,7423.85,2026-03-29 22:00:00+00:00,69.344,3150.0,EOD_CLOSE,-45.9,-0.0,0.05,-45.95,7377.9
67,XAGUSD,BUY,2026-03-30 08:05:00+00:00,70.7,69.37979448419067,72.81232882529494,73.8684932379424,69.37979448419067,1.3202055158093349,2.1123288252949357,3.1684932379424042,0.01,0.01,0.0,False,False,False,7377.9,2026-03-30 22:00:00+00:00,70.258,835.0,EOD_CLOSE,-22.1,-0.0,0.05,-22.15,7355.75
68,XAGUSD,BUY,2026-03-31 07:00:00+00:00,72.255,71.03114401827746,74.21316957075605,75.19225435613407,72.255,1.2238559817225338,1.9581695707560542,2.9372543561340816,0.01,0.01,0.0,True,False,False,7355.75,2026-03-31 19:35:00+00:00,75.19225435613407,755.0,FULL_TP2,97.91,0.0,0.05,97.86,7453.61
69,XAGUSD,BUY,2026-04-01 10:25:00+00:00,74.592,73.44856290085215,76.42149935863655,77.33624903795483,73.44856290085215,1.1434370991478453,1.8294993586365527,2.744249037954829,0.01,0.01,0.0,False,False,False,7453.61,2026-04-01 22:00:00+00:00,74.823,695.0,EOD_CLOSE,11.55,0.0,0.05,11.5,7465.11
70,XAGUSD,SELL,2026-04-06 06:00:00+00:00,71.995,73.25736702958294,69.9752127526673,68.96531912900096,73.25736702958294,1.2623670295829352,2.0197872473326965,3.029680870999045,0.01,0.01,0.0,False,False,False,7465.11,2026-04-06 09:00:00+00:00,73.25736702958294,180.0,SL,0.0,0.0,0.05,-50.05,7415.06
71,XAGUSD,BUY,2026-04-06 12:35:00+00:00,73.428,72.32138906223516,75.19857750042375,76.08386625063564,72.32138906223516,1.1066109377648479,1.7705775004237567,2.6558662506356354,0.01,0.01,0.0,False,False,False,7415.06,2026-04-06 13:45:00+00:00,72.32138906223516,70.0,SL,0.0,0.0,0.05,-50.05,7365.01
72,XAGUSD,BUY,2026-04-06 16:10:00+00:00,72.707,71.58925730441737,74.49538831293218,75.38958246939828,71.58925730441737,1.1177426955826162,1.788388312932186,2.6825824693982794,0.01,0.01,0.0,False,False,False,7365.01,2026-04-06 22:00:00+00:00,71.58925730441737,350.0,SL,0.0,0.0,0.05,-50.05,7314.96
73,XAGUSD,SELL,2026-04-07 12:30:00+00:00,72.153,73.31973556898787,70.28622308961943,69.35283463442914,72.153,1.1667355689878582,1.8667769103805734,2.80016536557086,0.01,0.01,0.0,True,False,False,7314.96,2026-04-07 17:30:00+00:00,72.153,300.0,TP1_THEN_BE,93.34,0.0,0.05,93.29,7408.25
74,XAGUSD,SELL,2026-04-07 18:50:00+00:00,71.555,72.78843670834574,69.58150126664682,68.59475189997023,72.78843670834574,1.2334367083457365,1.9734987333531784,2.960248100029768,0.01,0.01,0.0,False,False,False,7408.25,2026-04-07 19:45:00+00:00,72.78843670834574,55.0,SL,0.0,0.0,0.05,-50.05,7358.2
75,XAGUSD,BUY,2026-04-08 11:15:00+00:00,76.923,75.82965962636871,78.67234459781007,79.54701689671509,75.82965962636871,1.093340373631287,1.7493445978100592,2.624016896715089,0.01,0.01,0.0,False,False,False,7358.2,2026-04-08 14:25:00+00:00,75.82965962636871,190.0,SL,0.0,0.0,0.05,-50.05,7308.15
76,XAGUSD,SELL,2026-04-09 07:25:00+00:00,73.659,74.7238884412664,71.95517849397378,71.10326774096066,74.7238884412664,1.0648884412663937,1.70382150602623,2.5557322590393454,0.01,0.01,0.0,False,False,False,7308.15,2026-04-09 13:25:00+00:00,74.7238884412664,360.0,SL,0.0,0.0,0.05,-50.05,7258.1
77,XAGUSD,BUY,2026-04-09 15:10:00+00:00,74.878,73.85533684976886,76.51426104036983,77.33239156055474,74.878,1.0226631502311423,1.6362610403698277,2.454391560554742,0.01,0.01,0.0,True,False,False,7258.1,2026-04-09 22:00:00+00:00,75.495,410.0,EOD_CLOSE,81.81,0.0,0.05,81.76,7339.86
78,XAGUSD,BUY,2026-04-10 18:15:00+00:00,76.341,75.52666379597318,77.6439379264429,78.29540688966435,75.52666379597318,0.8143362040268152,1.3029379264429044,1.9544068896643567,0.01,0.01,0.0,False,False,False,7339.86,2026-04-12 22:00:00+00:00,75.52666379597318,3105.0,SL,0.0,0.0,0.05,-50.05,7289.81
79,XAGUSD,SELL,2026-04-13 14:50:00+00:00,73.905,74.76378716434431,72.5309405370491,71.84391080557366,74.76378716434431,0.8587871643443127,1.3740594629509004,2.0610891944263505,0.01,0.01,0.0,False,False,False,7289.81,2026-04-13 16:25:00+00:00,74.76378716434431,95.0,SL,0.0,0.0,0.05,-50.05,7239.76
80,XAGUSD,BUY,2026-04-14 06:15:00+00:00,76.941,76.11635907787166,78.26042547540533,78.920138213108,76.941,0.8246409221283317,1.319425475405331,1.9791382131079964,0.01,0.01,0.0,True,False,False,7239.76,2026-04-14 14:25:00+00:00,78.920138213108,490.0,FULL_TP2,65.97,0.0,0.05,65.92,7305.69
81,XAGUSD,BUY,2026-04-14 19:05:00+00:00,79.344,78.49108017839139,80.70867171457377,81.39100757186065,78.49108017839139,0.8529198216086088,1.3646717145737741,2.0470075718606613,0.01,0.01,0.0,False,False,False,7305.69,2026-04-14 22:00:00+00:00,79.554,175.0,EOD_CLOSE,10.5,0.0,0.05,10.45,7316.14
82,XAGUSD,SELL,2026-04-16 16:25:00+00:00,78.707,79.57858965753321,77.31245654794684,76.61518482192025,79.57858965753321,0.8715896575332267,1.3945434520531628,2.0918151780797443,0.01,0.01,0.0,False,False,False,7316.14,2026-04-16 22:00:00+00:00,78.692,335.0,EOD_CLOSE,0.75,0.0,0.05,0.7,7316.84
83,XAGUSD,BUY,2026-04-17 11:45:00+00:00,79.571,78.86179877106957,80.70572196628868,81.27308294943302,79.571,0.7092012289304268,1.134721966288683,1.7020829494330245,0.01,0.01,0.0,True,False,False,7316.84,2026-04-17 12:50:00+00:00,81.27308294943302,65.0,FULL_TP2,56.74,0.0,0.05,56.69,7373.52
84,XAGUSD,BUY,2026-04-17 16:05:00+00:00,82.424,81.4268128687205,84.0194994100472,84.81724911507081,81.4268128687205,0.9971871312794989,1.5954994100471982,2.3932491150707977,0.01,0.01,0.0,False,False,False,7373.52,2026-04-17 17:20:00+00:00,81.4268128687205,75.0,SL,0.0,0.0,0.05,-50.05,7323.47
85,XAGUSD,SELL,2026-04-20 07:40:00+00:00,79.616,80.60172900981128,78.03883358430195,77.25025037645293,80.60172900981128,0.9857290098112809,1.5771664156980494,2.3657496235470745,0.01,0.01,0.0,False,False,False,7323.47,2026-04-20 22:00:00+00:00,79.827,860.0,EOD_CLOSE,-10.55,-0.0,0.05,-10.6,7312.87
86,XAGUSD,SELL,2026-04-21 14:20:00+00:00,78.442,79.25475372260145,77.14159404383766,76.49139106575649,78.442,0.8127537226014595,1.3004059561623353,1.9506089342435031,0.01,0.01,0.0,True,False,False,7312.87,2026-04-21 16:25:00+00:00,76.49139106575649,125.0,FULL_TP2,65.02,0.0,0.05,64.97,7377.84
87,XAGUSD,SELL,2026-04-21 19:40:00+00:00,75.567,76.55613821645345,73.98437885367446,73.1930682805117,76.55613821645345,0.9891382164534557,1.582621146325529,2.373931719488294,0.01,0.01,0.0,False,False,False,7377.84,2026-04-21 20:25:00+00:00,76.55613821645345,45.0,SL,0.0,0.0,0.05,-50.05,7327.79
88,XAGUSD,BUY,2026-04-22 11:15:00+00:00,78.068,77.25872321253702,79.36284285994077,80.01026428991115,77.25872321253702,0.8092767874629809,1.2948428599407695,1.9422642899111544,0.01,0.01,0.0,False,False,False,7327.79,2026-04-22 22:00:00+00:00,77.65,645.0,EOD_CLOSE,-20.9,-0.0,0.05,-20.95,7306.84
89,XAGUSD,SELL,2026-04-23 08:30:00+00:00,75.889,76.79178439409722,74.44454496944444,73.72231745416666,75.889,0.9027843940972264,1.4444550305555623,2.1666825458333436,0.01,0.01,0.0,True,False,False,7306.84,2026-04-23 12:05:00+00:00,75.889,215.0,TP1_THEN_BE,72.22,0.0,0.05,72.17,7379.02
90,XAGUSD,SELL,2026-04-23 15:45:00+00:00,75.965,77.10907236967614,74.13448420851819,73.21922631277728,77.10907236967614,1.144072369676134,1.8305157914818144,2.7457736872227216,0.01,0.01,0.0,False,False,False,7379.02,2026-04-23 22:00:00+00:00,75.553,375.0,EOD_CLOSE,20.6,0.0,0.05,20.55,7399.57
91,XAGUSD,SELL,2026-04-24 06:20:00+00:00,74.651,75.59538277269924,73.1399875636812,72.3844813455218,75.59538277269924,0.9443827726992462,1.511012436318794,2.2665186544781912,0.01,0.01,0.0,False,False,False,7399.57,2026-04-24 11:05:00+00:00,75.59538277269924,285.0,SL,0.0,0.0,0.05,-50.05,7349.52
92,XAGUSD,BUY,2026-04-27 12:10:00+00:00,75.832,75.07267580355867,77.04691871430612,77.65437807145918,75.07267580355867,0.7593241964413283,1.2149187143061253,1.8223780714591882,0.01,0.01,0.0,False,False,False,7349.52,2026-04-27 13:05:00+00:00,75.07267580355867,55.0,SL,0.0,0.0,0.05,-50.05,7299.47
93,XAGUSD,SELL,2026-04-27 17:20:00+00:00,74.968,75.7557891080898,73.70753742705632,73.07730614058448,75.7557891080898,0.7877891080898017,1.260462572943683,1.8906938594155245,0.01,0.01,0.0,False,False,False,7299.47,2026-04-27 22:00:00+00:00,75.518,280.0,EOD_CLOSE,-27.5,-0.0,0.05,-27.55,7271.92
94,XAGUSD,SELL,2026-04-28 11:05:00+00:00,72.872,73.73544542987764,71.49048731219577,70.79973096829364,73.73544542987764,0.8634454298776472,1.3815126878042356,2.0722690317063535,0.01,0.01,0.0,False,False,False,7271.92,2026-04-28 22:00:00+00:00,73.109,655.0,EOD_CLOSE,-11.85,-0.0,0.05,-11.9,7260.02
95,XAGUSD,SELL,2026-04-29 11:05:00+00:00,72.601,73.34180534998774,71.41571144001962,70.82306716002942,72.601,0.7408053499877371,1.1852885599803793,1.7779328399705692,0.01,0.01,0.0,True,False,False,7260.02,2026-04-29 22:00:00+00:00,71.202,655.0,EOD_CLOSE,59.26,0.0,0.05,59.21,7319.23
96,XAGUSD,BUY,2026-04-30 16:45:00+00:00,73.321,72.51710512519055,74.60723179969511,75.25034769954267,72.51710512519055,0.803894874809447,1.2862317996951154,1.929347699542673,0.01,0.01,0.0,False,False,False,7319.23,2026-04-30 22:00:00+00:00,74.182,315.0,EOD_CLOSE,43.05,0.0,0.05,43.0,7362.23
97,XAGUSD,SELL,2026-05-04 15:10:00+00:00,73.686,74.6795918273679,72.09625307621138,71.30137961431707,74.6795918273679,0.9935918273678899,1.589746923788624,2.384620385682936,0.01,0.01,0.0,False,False,False,7362.23,2026-05-04 22:00:00+00:00,72.741,410.0,EOD_CLOSE,47.25,0.0,0.05,47.2,7409.43
98,XAGUSD,SELL,2026-05-05 06:20:00+00:00,72.644,73.42609952256313,71.39264076389901,70.76696114584851,73.42609952256313,0.7820995225631237,1.251359236100998,1.877038854151497,0.01,0.01,0.0,False,False,False,7409.43,2026-05-05 07:15:00+00:00,73.42609952256313,55.0,SL,0.0,0.0,0.05,-50.05,7359.38
99,XAGUSD,BUY,2026-05-05 14:05:00+00:00,73.879,73.08719395396061,75.14588967366304,75.77933451049456,73.08719395396061,0.7918060460393975,1.2668896736630362,1.9003345104945544,0.01,0.01,0.0,False,False,False,7359.38,2026-05-05 16:25:00+00:00,73.08719395396061,140.0,SL,0.0,0.0,0.05,-50.05,7309.33
100,XAGUSD,BUY,2026-05-06 18:05:00+00:00,77.152,76.22099158544097,78.64161346329445,79.38642019494166,76.22099158544097,0.931008414559026,1.4896134632944418,2.234420194941663,0.01,0.01,0.0,False,False,False,7309.33,2026-05-06 22:00:00+00:00,77.283,235.0,EOD_CLOSE,6.55,0.0,0.05,6.5,7315.83
101,XAGUSD,BUY,2026-05-08 17:30:00+00:00,80.436,79.30306549572839,82.2486952068346,83.1550428102519,79.30306549572839,1.13293450427162,1.8126952068345918,2.719042810251888,0.01,0.01,0.0,False,False,False,7315.83,2026-05-10 22:00:00+00:00,79.30306549572839,3150.0,SL,0.0,0.0,0.05,-50.05,7265.78
102,XAGUSD,BUY,2026-05-11 08:15:00+00:00,80.567,79.50387694503834,82.26799688793864,83.11849533190797,80.567,1.0631230549616564,1.7009968879386503,2.551495331907976,0.01,0.01,0.0,True,False,False,7265.78,2026-05-11 12:35:00+00:00,83.11849533190797,260.0,FULL_TP2,85.05,0.0,0.05,85.0,7350.78
103,XAGUSD,SELL,2026-05-12 12:05:00+00:00,83.537,84.8878580183915,81.37562717057362,80.29494075586042,84.8878580183915,1.350858018391494,2.1613728294263903,3.242059244139586,0.01,0.01,0.0,False,False,False,7350.78,2026-05-12 13:35:00+00:00,84.8878580183915,90.0,SL,0.0,0.0,0.05,-50.05,7300.73
104,XAGUSD,SELL,2026-05-12 15:00:00+00:00,84.3,85.75268581137249,81.97570270180401,80.81355405270602,85.75268581137249,1.452685811372491,2.3242972981959857,3.486445947293979,0.01,0.01,0.0,False,False,False,7300.73,2026-05-12 18:40:00+00:00,85.75268581137249,220.0,SL,0.0,0.0,0.05,-50.05,7250.68
105,XAGUSD,SELL,2026-05-14 15:55:00+00:00,84.855,86.23020495222607,82.6546720764383,81.55450811465745,86.23020495222607,1.3752049522260645,2.2003279235617033,3.3004918853425553,0.01,0.01,0.0,False,False,False,7250.68,2026-05-14 22:00:00+00:00,83.496,365.0,EOD_CLOSE,67.95,0.0,0.05,67.9,7318.58
106,XAGUSD,SELL,2026-05-15 08:00:00+00:00,78.446,80.04600875050158,75.88598599919746,74.60597899879618,78.446,1.6000087505015907,2.5600140008025454,3.8400210012038185,0.01,0.01,0.0,True,False,False,7318.58,2026-05-17 22:00:00+00:00,75.998,3720.0,EOD_CLOSE,128.0,0.0,0.05,127.95,7446.53
107,XAGUSD,BUY,2026-05-18 19:05:00+00:00,77.337,75.9523560269165,79.5524303569336,80.6601455354004,75.9523560269165,1.384643973083497,2.215430356933595,3.323145535400393,0.01,0.01,0.0,False,False,False,7446.53,2026-05-18 22:00:00+00:00,77.662,175.0,EOD_CLOSE,16.25,0.0,0.05,16.2,7462.73
108,XAGUSD,SELL,2026-05-19 07:00:00+00:00,75.926,77.11723385209037,74.02002583665542,73.06703875498313,75.926,1.191233852090362,1.9059741633445793,2.8589612450168693,0.01,0.01,0.0,True,False,False,7462.73,2026-05-19 13:40:00+00:00,73.06703875498313,400.0,FULL_TP2,95.3,0.0,0.05,95.25,7557.98
109,XAGUSD,SELL,2026-05-19 17:55:00+00:00,74.452,75.73063099126878,72.40619041396994,71.38328562095491,75.73063099126878,1.2786309912687859,2.0458095860300576,3.0687143790450864,0.01,0.01,0.0,False,False,False,7557.98,2026-05-19 22:00:00+00:00,73.906,245.0,EOD_CLOSE,27.3,0.0,0.05,27.25,7585.23
110,XAGUSD,BUY,2026-05-20 14:25:00+00:00,75.84,74.8062453837226,77.49400738604386,78.32101107906578,74.8062453837226,1.0337546162774083,1.6540073860438533,2.4810110790657802,0.01,0.01,0.0,False,False,False,7585.23,2026-05-20 22:00:00+00:00,75.693,455.0,EOD_CLOSE,-7.35,-0.0,0.05,-7.4,7577.83
111,XAGUSD,BUY,2026-05-21 19:20:00+00:00,76.603,75.52635687905037,78.32562899351939,79.18694349027909,75.52635687905037,1.0766431209496239,1.7226289935193984,2.583943490279098,0.01,0.01,0.0,False,False,False,7577.83,2026-05-21 22:00:00+00:00,76.749,160.0,EOD_CLOSE,7.3,0.0,0.05,7.25,7585.08
112,XAGUSD,SELL,2026-05-22 12:30:00+00:00,75.52,76.37404569358878,74.15352689025792,73.47029033538689,76.37404569358878,0.8540456935887931,1.366473109742069,2.0497096646131037,0.01,0.01,0.0,False,False,False,7585.08,2026-05-22 13:05:00+00:00,76.37404569358878,35.0,SL,0.0,0.0,0.05,-50.05,7535.03
113,XAGUSD,BUY,2026-05-25 14:20:00+00:00,77.833,77.06474422155121,79.06220924551806,79.67681386827708,77.06474422155121,0.7682557784487858,1.2292092455180574,1.8438138682770862,0.01,0.01,0.0,False,False,False,7535.03,2026-05-25 22:00:00+00:00,78.118,460.0,EOD_CLOSE,14.25,0.0,0.05,14.2,7549.23
114,XAGUSD,SELL,2026-05-26 14:10:00+00:00,76.077,76.9498077752513,74.68050755959791,73.98226133939687,76.9498077752513,0.8728077752513045,1.3964924404020873,2.094738660603131,0.01,0.01,0.0,False,False,False,7549.23,2026-05-26 19:40:00+00:00,76.9498077752513,330.0,SL,0.0,0.0,0.05,-50.05,7499.18
115,XAGUSD,SELL,2026-05-27 10:30:00+00:00,75.259,76.10743597175848,73.90150244518642,73.22275366777964,75.259,0.8484359717584833,1.3574975548135733,2.0362463322203603,0.01,0.01,0.0,True,False,False,7499.18,2026-05-27 22:00:00+00:00,74.638,690.0,EOD_CLOSE,67.87,0.0,0.05,67.82,7567.0
116,XAGUSD,SELL,2026-05-28 10:40:00+00:00,73.121,74.06271514939243,71.61425576097209,70.86088364145814,74.06271514939243,0.9417151493924396,1.5067442390279036,2.2601163585418553,0.01,0.01,0.0,False,False,False,7567.0,2026-05-28 12:55:00+00:00,74.06271514939243,135.0,SL,0.0,0.0,0.05,-50.05,7516.95
117,XAGUSD,BUY,2026-05-28 20:30:00+00:00,75.685,74.68436600036414,77.28601439941738,78.08652159912607,74.68436600036414,1.000633999635862,1.6010143994173793,2.401521599126069,0.01,0.01,0.0,False,False,False,7516.95,2026-05-28 22:00:00+00:00,75.76,90.0,EOD_CLOSE,3.75,0.0,0.05,3.7,7520.65
118,XAGUSD,BUY,2026-05-29 06:55:00+00:00,75.844,74.99614935406974,77.2005610334884,77.87884155023261,74.99614935406974,0.8478506459302537,1.356561033488406,2.0348415502326094,0.01,0.01,0.0,False,False,False,7520.65,2026-05-29 08:45:00+00:00,74.99614935406974,110.0,SL,0.0,0.0,0.05,-50.05,7470.6
119,XAGUSD,BUY,2026-05-29 15:00:00+00:00,75.962,75.07501253440685,77.38117994494905,78.09076991742359,75.07501253440685,0.8869874655931578,1.4191799449490525,2.128769917423579,0.01,0.01,0.0,False,False,False,7470.6,2026-05-31 22:00:00+00:00,75.07501253440685,3300.0,SL,0.0,0.0,0.05,-50.05,7420.55
120,XAGUSD,BUY,2026-06-01 07:15:00+00:00,75.788,74.92779354439094,77.1643303289745,77.85249549346175,74.92779354439094,0.8602064556090625,1.3763303289745001,2.06449549346175,0.01,0.01,0.0,False,False,False,7420.55,2026-06-01 13:10:00+00:00,74.92779354439094,355.0,SL,0.0,0.0,0.05,-50.05,7370.5
121,XAGUSD,SELL,2026-06-01 16:40:00+00:00,74.591,75.58858587766406,72.9948625957375,72.19679389360624,75.58858587766406,0.9975858776640613,1.596137404262498,2.394206106393747,0.01,0.01,0.0,False,False,False,7370.5,2026-06-01 22:00:00+00:00,74.774,320.0,EOD_CLOSE,-9.15,-0.0,0.05,-9.2,7361.3
122,XAGUSD,BUY,2026-06-02 11:30:00+00:00,76.389,75.59131798817153,77.66529121892555,78.30343682838831,75.59131798817153,0.7976820118284665,1.2762912189255466,1.91443682838832,0.01,0.01,0.0,False,False,False,7361.3,2026-06-02 14:15:00+00:00,75.59131798817153,165.0,SL,0.0,0.0,0.05,-50.05,7311.25
123,XAGUSD,BUY,2026-06-02 15:25:00+00:00,75.896,75.08069311901727,77.20049100957237,77.85273651435857,75.08069311901727,0.8153068809827371,1.3044910095723794,1.9567365143585693,0.01,0.01,0.0,False,False,False,7311.25,2026-06-02 17:35:00+00:00,75.08069311901727,130.0,SL,0.0,0.0,0.05,-50.05,7261.2
124,XAGUSD,SELL,2026-06-02 20:55:00+00:00,75.031,75.77825740197672,73.83538815683727,73.2375822352559,75.77825740197672,0.7472574019767124,1.1956118431627398,1.79341776474411,0.01,0.01,0.0,False,False,False,7261.2,2026-06-02 22:00:00+00:00,75.145,65.0,EOD_CLOSE,-5.7,-0.0,0.05,-5.75,7255.45
125,XAGUSD,SELL,2026-06-03 08:50:00+00:00,74.072,74.83947777280996,72.84403556350406,72.2300533452561,74.072,0.76747777280996,1.2279644364959361,1.8419466547439043,0.01,0.01,0.0,True,False,False,7255.45,2026-06-03 22:00:00+00:00,72.715,790.0,EOD_CLOSE,61.4,0.0,0.05,61.35,7316.8
126,XAGUSD,SELL,2026-06-04 08:10:00+00:00,73.14,73.92895538541286,71.87767138333942,71.24650707500912,73.92895538541286,0.7889553854128678,1.2623286166605885,1.893492924990883,0.01,0.01,0.0,False,False,False,7316.8,2026-06-04 11:25:00+00:00,73.92895538541286,195.0,SL,0.0,0.0,0.05,-50.05,7266.75
127,XAGUSD,BUY,2026-06-04 17:00:00+00:00,73.884,73.04940839316113,75.2193465709422,75.8870198564133,73.04940839316113,0.834591606838874,1.3353465709421986,2.0030198564132977,0.01,0.01,0.0,False,False,False,7266.75,2026-06-04 22:00:00+00:00,73.865,300.0,EOD_CLOSE,-0.95,-0.0,0.05,-1.0,7265.75
128,XAGUSD,SELL,2026-06-05 11:10:00+00:00,72.539,73.25417329860575,71.39472272223081,70.8225840833462,73.25417329860575,0.7151732986057479,1.1442772777691965,1.7164159166537951,0.01,0.01,0.0,False,False,False,7265.75,2026-06-05 12:15:00+00:00,73.25417329860575,65.0,SL,0.0,0.0,0.05,-50.05,7215.7
129,XAGUSD,SELL,2026-06-05 12:45:00+00:00,72.396,73.11188949156248,71.25057681350003,70.67786522025004,72.396,0.7158894915624803,1.1454231864999684,1.7181347797499529,0.01,0.01,0.0,True,False,False,7215.7,2026-06-05 13:30:00+00:00,70.67786522025004,45.0,FULL_TP2,57.27,0.0,0.05,57.22,7272.92
130,XAGUSD,SELL,2026-06-05 17:40:00+00:00,68.835,69.91019529546972,67.11468752724844,66.25453129087266,69.91019529546972,1.0751952954697237,1.720312472751558,2.580468709127337,0.01,0.01,0.0,False,False,False,7272.92,2026-06-07 22:00:00+00:00,67.736,3140.0,EOD_CLOSE,54.95,0.0,0.05,54.9,7327.82
131,XAGUSD,SELL,2026-06-08 07:55:00+00:00,66.88,68.00698482199957,65.0768242848007,64.17523642720103,68.00698482199957,1.126984821999568,1.8031757151993089,2.7047635727989636,0.01,0.01,0.0,False,False,False,7327.82,2026-06-08 11:20:00+00:00,68.00698482199957,205.0,SL,0.0,0.0,0.05,-50.05,7277.77
132,XAGUSD,BUY,2026-06-09 10:20:00+00:00,68.444,67.66034498968394,69.6978480165057,70.32477202475856,67.66034498968394,0.7836550103160622,1.2538480165056995,1.8807720247585495,0.01,0.01,0.0,False,False,False,7277.77,2026-06-09 14:10:00+00:00,67.66034498968394,230.0,SL,0.0,0.0,0.05,-50.05,7227.72
133,XAGUSD,SELL,2026-06-09 19:20:00+00:00,65.149,66.22168637719179,63.43270179649314,62.57455269473971,66.22168637719179,1.0726863771917887,1.7162982035068621,2.574447305260293,0.01,0.01,0.0,False,False,False,7227.72,2026-06-09 22:00:00+00:00,65.304,160.0,EOD_CLOSE,-7.75,-0.0,0.05,-7.8,7219.92
134,XAGUSD,SELL,2026-06-10 11:45:00+00:00,64.012,65.08007085339557,62.303086634567094,61.44862995185064,65.08007085339557,1.0680708533955654,1.7089133654329047,2.5633700481493573,0.01,0.01,0.0,False,False,False,7219.92,2026-06-10 13:35:00+00:00,65.08007085339557,110.0,SL,0.0,0.0,0.05,-50.05,7169.87
135,XAGUSD,BUY,2026-06-12 10:45:00+00:00,67.128,66.04706207204315,68.85750068473098,69.72225102709646,67.128,1.0809379279568598,1.7295006847309757,2.594251027096464,0.01,0.01,0.0,True,False,False,7169.87,2026-06-14 22:05:00+00:00,69.72225102709646,3560.0,FULL_TP2,86.48,0.0,0.05,86.43,7256.3
136,XAGUSD,BUY,2026-06-16 11:55:00+00:00,70.521,69.89737325748102,71.51880278803037,72.01770418204556,69.89737325748102,0.6236267425189846,0.9978027880303755,1.4967041820455633,0.02,0.01,0.01,False,False,False,7256.3,2026-06-16 14:15:00+00:00,69.89737325748102,140.0,SL,0.0,0.0,0.1,-50.1,7206.2
137,XAGUSD,BUY,2026-06-16 17:50:00+00:00,70.197,69.45018718388074,71.39190050579082,71.98935075868621,69.45018718388074,0.7468128161192555,1.1949005057908089,1.7923507586862135,0.01,0.01,0.0,False,False,False,7206.2,2026-06-16 22:00:00+00:00,69.971,250.0,EOD_CLOSE,-11.3,-0.0,0.05,-11.35,7194.85
138,XAGUSD,SELL,2026-06-18 07:30:00+00:00,68.71,69.74570594783576,67.05287048346277,66.22430572519416,68.71,1.035705947835768,1.6571295165372288,2.4856942748058435,0.01,0.01,0.0,True,False,False,7194.85,2026-06-18 14:40:00+00:00,66.22430572519416,430.0,FULL_TP2,82.86,0.0,0.05,82.81,7277.65
139,XAGUSD,SELL,2026-06-18 20:55:00+00:00,65.67,66.69234126396044,64.03425397766328,63.21638096649493,66.69234126396044,1.022341263960447,1.6357460223367153,2.453619033505073,0.01,0.01,0.0,False,False,False,7277.65,2026-06-18 22:00:00+00:00,65.663,65.0,EOD_CLOSE,0.35,0.0,0.05,0.3,7277.95
140,XAGUSD,BUY,2026-06-22 12:20:00+00:00,66.522,65.64685831024163,67.9222267036134,68.62234005542011,65.64685831024163,0.8751416897583747,1.4002267036133995,2.1003400554200997,0.01,0.01,0.0,False,False,False,7277.95,2026-06-22 15:35:00+00:00,65.64685831024163,195.0,SL,0.0,0.0,0.05,-50.05,7227.9
141,XAGUSD,SELL,2026-06-22 19:20:00+00:00,65.282,66.15022982127044,63.89283228596727,63.19824842895091,66.15022982127044,0.8682298212704506,1.389167714032721,2.0837515710490817,0.01,0.01,0.0,False,False,False,7227.9,2026-06-22 22:00:00+00:00,65.095,160.0,EOD_CLOSE,9.35,0.0,0.05,9.3,7237.2
142,XAGUSD,SELL,2026-06-23 10:55:00+00:00,62.229,63.097196568668586,60.83988549013026,60.14532823519539,63.097196568668586,0.8681965686685865,1.3891145098697386,2.083671764804608,0.01,0.01,0.0,False,False,False,7237.2,2026-06-23 22:00:00+00:00,61.611,665.0,EOD_CLOSE,30.9,0.0,0.05,30.85,7268.05
143,XAGUSD,SELL,2026-06-24 14:45:00+00:00,58.981,60.040067388517,57.286492178372804,56.439238267559205,58.981,1.0590673885169997,1.6945078216271996,2.5417617324407997,0.01,0.01,0.0,True,False,False,7268.05,2026-06-24 18:00:00+00:00,56.439238267559205,195.0,FULL_TP2,84.73,0.0,0.05,84.68,7352.73
144,XAGUSD,BUY,2026-06-26 12:35:00+00:00,58.222,57.19748922402806,59.86121724155511,60.68082586233266,57.19748922402806,1.0245107759719423,1.6392172415551078,2.4588258623326618,0.01,0.01,0.0,False,False,False,7352.73,2026-06-28 22:00:00+00:00,59.13,3445.0,EOD_CLOSE,45.4,0.0,0.05,45.35,7398.08
145,XAGUSD,BUY,2026-06-29 06:00:00+00:00,58.657,57.742188182999016,60.12069890720157,60.85254836080235,57.742188182999016,0.9148118170009827,1.4636989072015725,2.1955483608023587,0.01,0.01,0.0,False,False,False,7398.08,2026-06-29 09:50:00+00:00,57.742188182999016,230.0,SL,0.0,0.0,0.05,-50.05,7348.03
146,XAGUSD,BUY,2026-06-30 18:05:00+00:00,59.621,58.68533525909938,61.11806358544099,61.86659537816149,58.68533525909938,0.935664740900619,1.4970635854409906,2.245595378161486,0.01,0.01,0.0,False,False,False,7348.03,2026-06-30 20:45:00+00:00,58.68533525909938,160.0,SL,0.0,0.0,0.05,-50.05,7297.98
147,XAGUSD,BUY,2026-07-02 06:15:00+00:00,60.035,59.264263129032514,61.26817899354797,61.88476849032195,60.035,0.7707368709674831,1.2331789935479731,1.8497684903219598,0.01,0.01,0.0,True,False,False,7297.98,2026-07-02 13:40:00+00:00,61.88476849032195,445.0,FULL_TP2,61.66,0.0,0.05,61.61,7359.59
148,XAGUSD,BUY,2026-07-02 18:30:00+00:00,60.863,59.91637607854035,62.37759827433543,63.13489741150315,59.91637607854035,0.946623921459644,1.5145982743354305,2.271897411503146,0.01,0.01,0.0,False,False,False,7359.59,2026-07-02 22:00:00+00:00,60.987,210.0,EOD_CLOSE,6.2,0.0,0.05,6.15,7365.74
149,XAGUSD,BUY,2026-07-03 06:45:00+00:00,62.427,61.664066060967734,63.647694302451626,64.25804145367744,61.664066060967734,0.7629339390322678,1.2206943024516286,1.831041453677443,0.01,0.01,0.0,False,False,False,7365.74,2026-07-05 22:00:00+00:00,62.832,3795.0,EOD_CLOSE,20.25,0.0,0.05,20.2,7385.94
150,XAGUSD,SELL,2026-07-06 06:50:00+00:00,61.661,62.301177871449944,60.63671540568009,60.124573108520146,62.301177871449944,0.6401778714499409,1.0242845943199055,1.5364268914798582,0.02,0.01,0.01,False,False,False,7385.94,2026-07-06 07:55:00+00:00,62.301177871449944,65.0,SL,0.0,0.0,0.1,-50.1,7335.84
151,XAGUSD,SELL,2026-07-06 12:25:00+00:00,61.999,62.623408876737614,60.99994579721982,60.50041869582973,62.623408876737614,0.6244088767376125,0.99905420278018,1.4985813041702702,0.02,0.01,0.01,False,False,False,7335.84,2026-07-06 22:00:00+00:00,62.02,575.0,EOD_CLOSE,-1.05,-1.05,0.1,-2.2,7333.64
152,XAGUSD,SELL,2026-07-07 07:50:00+00:00,60.852,61.51835920903541,59.78582526554334,59.25273789831501,61.51835920903541,0.6663592090354103,1.0661747344566566,1.599262101684985,0.02,0.01,0.01,False,False,False,7333.64,2026-07-07 12:05:00+00:00,61.51835920903541,255.0,SL,0.0,0.0,0.1,-50.1,7283.54
153,XAGUSD,SELL,2026-07-07 17:15:00+00:00,60.78,61.478931920215935,59.66170892765451,59.102563391481766,60.78,0.6989319202159316,1.1182910723454906,1.6774366085182362,0.01,0.01,0.0,True,False,False,7283.54,2026-07-07 22:00:00+00:00,59.944,285.0,EOD_CLOSE,55.91,0.0,0.05,55.86,7339.4
154,XAGUSD,SELL,2026-07-08 12:35:00+00:00,58.444,59.36192943802424,56.975312899161224,56.240969348741835,59.36192943802424,0.917929438024235,1.468687100838776,2.2030306512581643,0.01,0.01,0.0,False,False,False,7339.4,2026-07-08 22:00:00+00:00,58.333,565.0,EOD_CLOSE,5.55,0.0,0.05,5.5,7344.9
155,XAGUSD,BUY,2026-07-09 12:05:00+00:00,59.148,58.48056897990746,60.21588963214807,60.7498344482221,59.148,0.6674310200925402,1.0678896321480644,1.6018344482220968,0.01,0.01,0.0,True,False,False,7344.9,2026-07-09 22:00:00+00:00,59.952,595.0,EOD_CLOSE,53.39,0.0,0.05,53.34,7398.25
156,XAGUSD,SELL,2026-07-10 14:35:00+00:00,59.556,60.150625592669776,58.60459905172836,58.12889857759253,60.150625592669776,0.5946255926697772,0.9514009482716436,1.4271014224074656,0.02,0.01,0.01,False,False,False,7398.25,2026-07-12 22:00:00+00:00,58.974,3325.0,EOD_CLOSE,29.1,29.1,0.1,58.1,7456.35
157,XAGUSD,SELL,2026-07-13 12:10:00+00:00,58.42,59.07917661978919,57.365317408337305,56.837976112505956,58.42,0.6591766197891844,1.0546825916626952,1.5820238874940429,0.02,0.01,0.01,True,False,False,7456.35,2026-07-13 22:00:00+00:00,57.568,590.0,EOD_CLOSE,52.73,42.6,0.1,95.23,7551.58
158,XAGUSD,BUY,2026-07-14 18:15:00+00:00,58.807,58.09349842001634,59.94860252797386,60.51940379196079,58.09349842001634,0.7135015799836608,1.1416025279738573,1.7124037919607862,0.01,0.01,0.0,False,False,False,7551.58,2026-07-14 22:00:00+00:00,58.712,225.0,EOD_CLOSE,-4.75,-0.0,0.05,-4.8,7546.78
159,XAGUSD,SELL,2026-07-15 10:00:00+00:00,58.234,58.81353301909547,57.30674716944725,56.84312075417087,58.81353301909547,0.5795330190954707,0.9272528305527532,1.39087924582913,0.02,0.01,0.01,False,False,False,7546.78,2026-07-15 13:05:00+00:00,58.81353301909547,185.0,SL,0.0,0.0,0.1,-50.1,7496.68
160,XAGUSD,SELL,2026-07-15 14:20:00+00:00,58.161,58.81319845268601,57.11748247570239,56.595723713553575,58.161,0.6521984526860095,1.0435175242976154,1.5652762864464231,0.02,0.01,0.01,True,False,False,7496.68,2026-07-15 16:40:00+00:00,56.595723713553575,140.0,FULL_TP2,52.18,78.26,0.1,130.34,7627.02
161,XAGUSD,SELL,2026-07-15 19:35:00+00:00,57.661,58.45720122027494,56.3870780475601,55.750117071340156,58.45720122027494,0.796201220274936,1.2739219524398977,1.9108829286598468,0.01,0.01,0.0,False,False,False,7627.02,2026-07-15 22:00:00+00:00,57.782,145.0,EOD_CLOSE,-6.05,-0.0,0.05,-6.1,7620.92
162,XAGUSD,SELL,2026-07-16 06:35:00+00:00,56.968,57.58967573084878,55.97331883064196,55.47597824596293,56.968,0.6216757308487807,0.9946811693580492,1.492021754037074,0.02,0.01,0.01,True,False,False,7620.92,2026-07-16 13:00:00+00:00,55.47597824596293,385.0,FULL_TP2,49.73,74.6,0.1,124.24,7745.16
163,XAGUSD,SELL,2026-07-16 16:15:00+00:00,55.871,56.621932826020206,54.66950747836767,54.068761217551504,56.621932826020206,0.7509328260202067,1.201492521632331,1.8022387824484964,0.01,0.01,0.0,False,False,False,7745.16,2026-07-16 22:00:00+00:00,55.595,345.0,EOD_CLOSE,13.8,0.0,0.05,13.75,7758.91
164,XAGUSD,SELL,2026-07-17 10:15:00+00:00,55.371,56.03783660921287,54.30406142525942,53.770592137889125,56.03783660921287,0.666836609212866,1.0669385747405857,1.6004078621108786,0.01,0.01,0.0,False,False,False,7758.91,2026-07-17 15:35:00+00:00,56.03783660921287,320.0,SL,0.0,0.0,0.05,-50.05,7708.86
165,XAGUSD,BUY,2026-07-17 18:15:00+00:00,56.062,55.417832887916326,57.09266737933387,57.60800106900081,55.417832887916326,0.6441671120836706,1.030667379333873,1.5460010690008097,0.02,0.01,0.01,False,False,False,7708.86,2026-07-19 22:00:00+00:00,55.417832887916326,3105.0,SL,0.0,0.0,0.1,-50.1,7658.76
166,XAGUSD,BUY,2026-07-20 07:30:00+00:00,56.822,56.187302822396404,57.83751548416576,58.34527322624864,56.187302822396404,0.6346971776036016,1.0155154841657625,1.523273226248644,0.02,0.01,0.01,False,False,False,7658.76,2026-07-20 22:00:00+00:00,56.362,870.0,EOD_CLOSE,-23.0,-23.0,0.1,-46.1,7612.66
167,XAGUSD,BUY,2026-07-21 12:20:00+00:00,59.118,58.53419167250615,60.052093323990164,60.51913998598525,58.53419167250615,0.5838083274938529,0.9340933239901648,1.4011399859852471,0.02,0.01,0.01,False,False,False,7612.66,2026-07-21 13:20:00+00:00,58.53419167250615,60.0,SL,0.0,0.0,0.1,-50.1,7562.56
168,XAGUSD,BUY,2026-07-21 14:20:00+00:00,58.908,58.28944281966091,59.89769148854254,60.39253723281381,58.28944281966091,0.6185571803390868,0.989691488542539,1.4845372328138084,0.02,0.01,0.01,False,False,False,7562.56,2026-07-21 22:00:00+00:00,58.772,460.0,EOD_CLOSE,-6.8,-6.8,0.1,-13.7,7548.86
169,XAGUSD,BUY,2026-07-22 06:00:00+00:00,59.754,59.207643730733835,60.628170030825856,61.06525504623878,59.207643730733835,0.546356269266161,0.8741700308258576,1.3112550462387866,0.02,0.01,0.01,False,False,False,7548.86,2026-07-22 06:50:00+00:00,59.207643730733835,50.0,SL,0.0,0.0,0.1,-50.1,7498.76
170,XAGUSD,SELL,2026-07-23 14:50:00+00:00,57.722,58.42209915306627,56.60184135509397,56.04176203264095,58.42209915306627,0.7000991530662709,1.1201586449060335,1.6802379673590504,0.01,0.01,0.0,False,False,False,7498.76,2026-07-23 22:00:00+00:00,57.558,430.0,EOD_CLOSE,8.2,0.0,0.05,8.15,7506.91
171,XAGUSD,SELL,2026-07-24 06:05:00+00:00,57.31,57.877751594313565,56.401597449098304,55.947396173647455,57.877751594313565,0.5677515943135621,0.9084025509016995,1.3626038263525493,0.02,0.01,0.01,False,False,False,7506.91,2026-07-24 07:00:00+00:00,57.877751594313565,55.0,SL,0.0,0.0,0.1,-50.1,7456.81
172,XAGUSD,BUY,2026-07-24 12:05:00+00:00,58.538,57.98614404186432,59.42096953301708,59.862454299525616,57.98614404186432,0.5518559581356749,0.8829695330170799,1.3244542995256199,0.02,0.01,0.01,False,False,False,7456.81,2026-07-24 13:05:00+00:00,57.98614404186432,60.0,SL,0.0,0.0,0.1,-50.1,7406.71
173,XAGUSD,BUY,2026-07-24 14:10:00+00:00,58.309,57.73253644426056,59.23134168918309,59.69251253377464,58.309,0.5764635557394341,0.9223416891830946,1.3835125337746421,0.02,0.01,0.01,True,False,False,7406.71,2026-07-26 22:05:00+00:00,59.446,3355.0,EOD_CLOSE,46.12,56.85,0.1,102.87,7509.57
174,XAGUSD,SELL,2026-07-27 17:00:00+00:00,58.464,59.037777555084965,57.54595591186405,57.08693386779608,59.037777555084965,0.5737775550849679,0.9180440881359486,1.377066132203923,0.02,0.01,0.01,False,False,False,7509.57,2026-07-27 22:00:00+00:00,58.489,300.0,EOD_CLOSE,-1.25,-1.25,0.1,-2.6,7506.97
175,XAGUSD,SELL,2026-07-28 17:15:00+00:00,57.249,57.83971962511022,56.30384859982365,55.83127289973548,57.83971962511022,0.5907196251102182,0.9451514001763492,1.417727100264524,0.02,0.01,0.01,False,False,False,7506.97,2026-07-28 22:00:00+00:00,57.107,285.0,EOD_CLOSE,7.1,7.1,0.1,14.1,7521.07
176,XAGUSD,BUY,2026-07-29 11:40:00+00:00,57.673,57.15560870820677,58.50082606686917,58.914739100303755,57.15560870820677,0.5173912917932308,0.8278260668691694,1.2417391003037541,0.02,0.01,0.01,False,False,False,7521.07,2026-07-29 12:20:00+00:00,57.15560870820677,40.0,SL,0.0,0.0,0.1,-50.1,7470.97
177,XAGUSD,SELL,2026-07-30 07:45:00+00:00,57.155,57.996120284741174,55.80920754441412,55.13631131662118,57.996120284741174,0.8411202847411757,1.3457924555858813,2.018688683378822,0.01,0.01,0.0,False,False,False,7470.97,2026-07-30 10:15:00+00:00,57.996120284741174,150.0,SL,0.0,0.0,0.05,-50.05,7420.92
178,XAGUSD,SELL,2026-07-31 15:30:00+00:00,57.288,57.88986890131036,56.325009757903416,55.843514636855126,57.88986890131036,0.6018689013103631,0.962990242096581,1.4444853631448715,0.02,0.01,0.01,False,False,False,7420.92,2026-07-31 17:50:00+00:00,57.88986890131036,140.0,SL,0.0,0.0,0.1,-50.1,7370.82
179,XAGUSD,SELL,2026-07-31 20:10:00+00:00,57.75,58.299176089155985,56.871318257350424,56.431977386025636,58.299176089155985,0.5491760891559857,0.8786817426495772,1.3180226139743658,0.02,0.01,0.01,False,False,False,7370.82,2026-08-02 22:00:00+00:00,58.299176089155985,2990.0,SL,0.0,0.0,0.1,-50.1,7320.72
180,XAGUSD,BUY,2026-08-03 06:20:00+00:00,58.473,57.89127609827935,59.40375824275304,59.869137364129564,57.89127609827935,0.5817239017206535,0.9307582427530456,1.3961373641295685,0.02,0.01,0.01,False,False,False,7320.72,2026-08-03 07:15:00+00:00,57.89127609827935,55.0,SL,0.0,0.0,0.1,-50.1,7270.62
181,XAGUSD,BUY,2026-08-04 07:00:00+00:00,58.999,58.467929177189504,59.8487133164968,60.27356997474519,58.999,0.5310708228104959,0.8497133164967935,1.2745699747451904,0.02,0.01,0.01,True,False,False,7270.62,2026-08-04 22:00:00+00:00,59.502,900.0,EOD_CLOSE,42.49,25.15,0.1,67.54,7338.16
182,XAGUSD,BUY,2026-08-05 11:15:00+00:00,61.561,60.98384282822105,62.484451474846324,62.94617721226948,61.561,0.5771571717789504,0.9234514748463207,1.3851772122694812,0.02,0.01,0.01,True,False,False,7338.16,2026-08-05 12:50:00+00:00,61.561,95.0,TP1_THEN_BE,46.17,0.0,0.1,46.07,7384.23
183,XAGUSD,BUY,2026-08-05 17:35:00+00:00,62.187,61.42671165743052,63.40346134811116,64.01169202216674,61.42671165743052,0.7602883425694738,1.2164613481111581,1.8246920221667373,0.01,0.01,0.0,False,False,False,7384.23,2026-08-05 22:00:00+00:00,62.078,265.0,EOD_CLOSE,-5.45,-0.0,0.05,-5.5,7378.73
184,XAGUSD,SELL,2026-08-06 15:15:00+00:00,61.286,61.91342284940657,60.28212344094949,59.780185161424235,61.91342284940657,0.627422849406569,1.0038765590505105,1.505814838575766,0.02,0.01,0.01,False,False,False,7378.73,2026-08-06 22:00:00+00:00,61.408,405.0,EOD_CLOSE,-6.1,-6.1,0.1,-12.3,7366.43
185,XAGUSD,BUY,2026-08-07 12:30:00+00:00,64.736,64.0761591039524,65.79174543367616,66.31961815051423,64.0761591039524,0.6598408960475969,1.0557454336761551,1.5836181505142328,0.02,0.01,0.01,False,False,False,7366.43,2026-08-07 13:10:00+00:00,64.0761591039524,40.0,SL,0.0,0.0,0.1,-50.1,7316.33
186,XAGUSD,BUY,2026-08-07 18:05:00+00:00,63.346,62.59430505938073,64.54871190499082,65.15006785748623,62.59430505938073,0.7516949406192641,1.2027119049908226,1.804067857486234,0.01,0.01,0.0,False,False,False,7316.33,2026-08-09 22:00:00+00:00,63.575,3115.0,EOD_CLOSE,11.45,0.0,0.05,11.4,7327.73
187,XAGUSD,BUY,2026-08-10 11:55:00+00:00,64.035,63.43014762675593,65.0027637971905,65.48664569578575,64.035,0.6048523732440639,0.9677637971905023,1.4516456957857538,0.02,0.01,0.01,True,False,False,7327.73,2026-08-10 18:35:00+00:00,65.48664569578575,400.0,FULL_TP2,48.39,72.58,0.1,120.87,7448.6
188,XAGUSD,SELL,2026-08-11 15:20:00+00:00,64.79,65.46705903743475,63.70670554010442,63.16505831015663,65.46705903743475,0.6770590374347383,1.0832944598955814,1.6249416898433722,0.01,0.01,0.0,False,False,False,7448.6,2026-08-11 22:00:00+00:00,64.751,400.0,EOD_CLOSE,1.95,0.0,0.05,1.9,7450.5
189,XAGUSD,BUY,2026-08-12 06:15:00+00:00,65.355,64.77477097641078,66.28336643774276,66.74754965661414,65.355,0.5802290235892226,0.9283664377427562,1.3925496566141344,0.02,0.01,0.01,True,False,False,7450.5,2026-08-12 09:20:00+00:00,66.74754965661414,185.0,FULL_TP2,46.42,69.63,0.1,115.95,7566.45
190,XAGUSD,BUY,2026-08-12 12:30:00+00:00,66.553,65.94888679183927,67.51958113305716,68.00287169958574,65.94888679183927,0.6041132081607259,0.9665811330571614,1.4498716995857424,0.02,0.01,0.01,False,False,False,7566.45,2026-08-12 13:20:00+00:00,65.94888679183927,50.0,SL,0.0,0.0,0.1,-50.1,7516.35
191,XAGUSD,BUY,2026-08-12 14:15:00+00:00,66.244,65.53244218275937,67.382492507585,67.9517387613775,65.53244218275937,0.7115578172406273,1.1384925075850036,1.7077387613775057,0.01,0.01,0.0,False,False,False,7516.35,2026-08-12 15:50:00+00:00,65.53244218275937,95.0,SL,0.0,0.0,0.05,-50.05,7466.3
192,XAGUSD,BUY,2026-08-17 07:25:00+00:00,65.79,65.2198830690016,66.70218708959746,67.15828063439618,65.2198830690016,0.5701169309984058,0.9121870895974493,1.368280634396174,0.02,0.01,0.01,False,False,False,7466.3,2026-08-17 12:40:00+00:00,65.2198830690016,315.0,SL,0.0,0.0,0.1,-50.1,7416.2
193,XAGUSD,BUY,2026-08-17 19:45:00+00:00,65.944,65.35597207134292,66.88484468585133,67.355267028777,65.35597207134292,0.5880279286570849,0.9408446858513358,1.411267028777004,0.02,0.01,0.01,False,False,False,7416.2,2026-08-17 22:00:00+00:00,65.784,135.0,EOD_CLOSE,-8.0,-8.0,0.1,-16.1,7400.1
194,XAGUSD,SELL,2026-08-18 07:35:00+00:00,65.198,65.8062603612666,64.22478342197343,63.738175132960144,65.198,0.6082603612666023,0.9732165780265638,1.4598248670398457,0.02,0.01,0.01,True,False,False,7400.1,2026-08-18 15:10:00+00:00,63.738175132960144,455.0,FULL_TP2,48.66,72.99,0.1,121.55,7521.65
195,XAGUSD,BUY,2026-08-19 18:00:00+00:00,65.907,65.19898648105087,67.03982163031861,67.60623244547791,65.907,0.7080135189491333,1.1328216303186134,1.6992324454779202,0.01,0.01,0.0,True,False,False,7521.65,2026-08-19 22:05:00+00:00,67.005,245.0,EOD_CLOSE,56.64,0.0,0.05,56.59,7578.24
196,XAGUSD,BUY,2026-08-20 06:20:00+00:00,67.045,66.36125422524175,68.13899323961319,68.68598985941979,66.36125422524175,0.6837457747582442,1.0939932396131906,1.6409898594197863,0.01,0.01,0.0,False,False,False,7578.24,2026-08-20 11:45:00+00:00,66.36125422524175,325.0,SL,0.0,0.0,0.05,-50.05,7528.19
197,XAGUSD,BUY,2026-08-20 16:45:00+00:00,68.229,67.3676021810966,69.60723651024543,70.29635476536815,67.3676021810966,0.861397818903396,1.3782365102454337,2.0673547653681505,0.01,0.01,0.0,False,False,False,7528.19,2026-08-20 22:00:00+00:00,68.14,315.0,EOD_CLOSE,-4.45,-0.0,0.05,-4.5,7523.69
198,XAGUSD,BUY,2026-08-21 06:35:00+00:00,69.08,68.39048329686317,70.18322672501893,70.7348400875284,68.39048329686317,0.689516703136832,1.1032267250189312,1.654840087528397,0.01,0.01,0.0,False,False,False,7523.69,2026-08-23 22:00:00+00:00,68.97,3805.0,EOD_CLOSE,-5.5,-0.0,0.05,-5.55,7518.14
199,XAGUSD,SELL,2026-08-25 07:35:00+00:00,68.196,68.99989064918306,66.90977496130711,66.26666244196066,68.99989064918306,0.8038906491830559,1.2862250386928895,1.9293375580393344,0.01,0.01,0.0,False,False,False,7518.14,2026-08-25 19:00:00+00:00,68.99989064918306,685.0,SL,0.0,0.0,0.05,-50.05,7468.09
200,XAGUSD,BUY,2026-08-28 12:20:00+00:00,70.584,69.84074892634621,71.77320171784608,72.36780257676911,69.84074892634621,0.7432510736537942,1.1892017178460708,1.7838025767691064,0.01,0.01,0.0,False,False,False,7468.09,2026-08-28 14:00:00+00:00,69.84074892634621,100.0,SL,0.0,0.0,0.05,-50.05,7418.04
201,XAGUSD,SELL,2026-08-31 17:00:00+00:00,66.222,66.99348328153191,64.98762674954894,64.37044012432341,66.99348328153191,0.7714832815319096,1.2343732504510554,1.8515598756765832,0.01,0.01,0.0,False,False,False,7418.04,2026-08-31 22:00:00+00:00,66.575,300.0,EOD_CLOSE,-17.65,-0.0,0.05,-17.7,7400.34
202,XAGUSD,SELL,2026-09-01 06:45:00+00:00,66.461,67.15707752924308,65.34727595321107,64.7904139298166,66.461,0.696077529243082,1.113724046788931,1.670586070183397,0.01,0.01,0.0,True,False,False,7400.34,2026-09-01 08:40:00+00:00,64.7904139298166,115.0,FULL_TP2,55.69,0.0,0.05,55.64,7455.98
203,XAGUSD,SELL,2026-09-01 10:50:00+00:00,64.795,65.6033751747374,63.501599720420174,62.85489958063026,65.6033751747374,0.8083751747373922,1.2934002795798276,1.9401004193697415,0.01,0.01,0.0,False,False,False,7455.98,2026-09-01 22:00:00+00:00,64.048,670.0,EOD_CLOSE,37.35,0.0,0.05,37.3,7493.28
204,XAGUSD,SELL,2026-09-02 08:50:00+00:00,63.758,64.41074521451132,62.7136076567819,62.19141148517285,64.41074521451132,0.6527452145113132,1.044392343218101,1.566588514827152,0.02,0.01,0.01,False,False,False,7493.28,2026-09-02 12:05:00+00:00,64.41074521451132,195.0,SL,0.0,0.0,0.1,-50.1,7443.18
205,XAGUSD,BUY,2026-09-02 17:50:00+00:00,65.014,64.32987323992273,66.10860281612362,66.65590422418545,64.32987323992273,0.6841267600772696,1.0946028161236314,1.6419042241854471,0.01,0.01,0.0,False,False,False,7443.18,2026-09-02 22:00:00+00:00,65.37,250.0,EOD_CLOSE,17.8,0.0,0.05,17.75,7460.93
206,XAGUSD,BUY,2026-09-03 07:30:00+00:00,65.959,65.39199557583872,66.86620707865806,67.31981061798709,65.959,0.567004424161287,0.9072070786580593,1.3608106179870891,0.02,0.01,0.01,True,False,False,7460.93,2026-09-03 15:05:00+00:00,67.31981061798709,455.0,FULL_TP2,45.36,68.04,0.1,113.3,7574.23
207,XAGUSD,BUY,2026-09-03 19:50:00+00:00,67.026,66.38568770087375,68.050499678602,68.56274951790299,66.38568770087375,0.6403122991262444,1.024499678601991,1.5367495179029869,0.02,0.01,0.01,False,False,False,7574.23,2026-09-03 22:00:00+00:00,67.016,130.0,EOD_CLOSE,-0.5,-0.5,0.1,-1.1,7573.13
208,XAGUSD,BUY,2026-09-04 11:10:00+00:00,66.821,66.3080783916479,67.64167457336336,68.05201186004504,66.3080783916479,0.5129216083521001,0.8206745733633602,1.2310118600450404,0.02,0.01,0.01,False,False,False,7573.13,2026-09-04 12:30:00+00:00,66.3080783916479,80.0,SL,0.0,0.0,0.1,-50.1,7523.03
209,XAGUSD,SELL,2026-09-04 14:50:00+00:00,65.601,66.360370179865,64.386007712216,63.77851156832399,66.360370179865,0.7593701798650028,1.2149922877840045,1.8224884316760068,0.01,0.01,0.0,False,False,False,7523.03,2026-09-06 22:00:00+00:00,66.026,3310.0,EOD_CLOSE,-21.25,-0.0,0.05,-21.3,7501.73
